x_cm,y_cm,z_cm,crack_id,crack_set
4.674030952998006,1.0540421040760903,8.681784450281054,0,1
4.735427493176261,1.1115772494496616,8.566530641462572,0,1
4.850332019578483,1.0439649595847642,8.753864632801642,0,1
5.216669087469202,1.0441145560457354,8.855152028557631,0,1
4.823947959774801,0.7869463558631591,9.337491062468088,0,1
5.072121648305401,0.8866232601640262,9.177160265656244,0,1
4.38714892086741,0.9024060683997838,8.950842783010762,0,1
4.450358829486645,0.7818797579231884,9.245497097103971,0,1
5.484378360265364,0.9415595498804139,9.165219498366184,0,1
4.952447960337774,0.8622216465591355,9.200064729952059,0,1
5.002618574768597,0.8606005389760988,9.217710659188217,0,1
5.492168289289486,0.835257789823348,9.411793302943051,0,1
5.037152001771419,1.027702526583409,8.843084462791083,0,1
4.865948236414218,0.8389828942981703,9.229498816713802,0,1
4.910926767557119,0.7009241340066177,9.55940649038397,0,1
5.205584350249466,0.8413228528677197,9.318342522811948,0,1
4.755606610942809,1.041988703379267,8.732129237303022,0,1
4.86428970748649,0.7657066891515247,9.397517879093494,0,1
4.591762108527434,0.7541994234943689,9.348369595235562,0,1
4.618656958639649,0.9836693317975759,8.828225783736007,0,1
5.445081131115669,1.1262311510761494,8.72971411108926,0,1
4.711166717975928,1.0439128381556486,8.715376427451124,0,1
5.338405565771662,0.9438688592241478,9.119413235700597,0,1
5.045182981435473,1.0507493669373733,8.792322372580895,0,1
5.401476443670549,1.1290865046025793,8.711051918490108,0,1
4.787389338113249,0.9977605450789154,8.842637494481474,0,1
5.386710440209611,1.0999599207350903,8.773924295573202,0,1
4.922596062156338,1.1231683115715678,8.591805460654875,0,1
5.553216277629729,0.8722224501091774,9.343739166462573,0,1
4.911184157381716,0.9936088027906383,8.886527200134882,0,1
4.757160785540556,0.845099114146711,9.185255747561566,0,1
5.011467981966107,1.1442531444628106,8.56798184801737,0,1
4.83381566349083,0.7859218317297391,9.342584239302296,0,1
5.150856501080571,1.0189095140040347,8.89484622230141,0,1
5.17710800209821,0.7204429368708204,9.588373726050275,0,1
4.504045479450895,0.9769031281397837,8.811986691839454,0,1
5.108330191869431,1.0583624664641311,8.792336736465565,0,1
5.019169561749347,0.8576916308667012,9.22899059191514,0,1
4.456625807137089,0.7901076761474162,9.22831780468476,0,1
4.544702510153441,0.9530455193827174,8.87812023884795,0,1
5.006393192252194,1.182457142615465,8.478734018704383,0,1
5.111002524599115,0.7667971119012991,9.463455241422746,0,1
4.785249982735746,1.0010164026315138,8.834558002001158,0,1
5.221421022298847,0.9863315791095496,8.989326953675292,0,1
5.406862390639988,0.9477661328414048,9.129444178840602,0,1
5.513195056798232,1.036843698588871,8.954133388516583,0,1
5.028613614132579,0.9495303472256789,9.020451867846587,0,1
4.603197370538029,0.9210548160338634,8.967902351896345,0,1
5.087016156384518,1.1025202171793451,8.684894647974554,0,1
4.7113900803489255,1.0806696533356632,8.630925855266259,0,1
4.748192958454266,0.8574254680955291,9.154426662356679,0,1
5.583842018435867,0.9420311952046065,9.191728859811636,0,1
5.341637737135965,0.9186937895232787,9.178193312965691,0,1
5.506253765138631,1.1001654293882686,8.806616185200363,0,1
5.372833446090707,0.793389938342012,9.474950748751114,0,1
5.2711008451798875,1.1773074656803948,8.564011065370279,0,1
5.136245661961095,0.8299136087253516,9.325338710028175,0,1
4.804730008685246,1.1363940080461723,8.528697398791738,0,1
4.952378781002652,0.807980112515521,9.324759545845058,0,1
4.939860403550514,0.7680601318353156,9.413072023011644,0,1
5.1688978730482935,0.8675365788202897,9.24789324376163,0,1
5.442911575478503,0.9651433058210461,9.099490956536952,0,1
4.963369098487612,0.9996142463291788,8.887196725872291,0,1
4.588729696014896,0.7036062489121051,9.463853899751168,0,1
4.998116027761583,0.9050759993292575,9.11420202232033,0,1
5.3840384276397595,1.067666148594192,8.847433966361384,0,1
4.719449233426843,0.6998494393002679,9.5087566580093,0,1
4.8885693785239726,1.0052734039648938,8.853433623284909,0,1
5.240030760067425,1.1320004624329754,8.65956284854935,0,1
4.563328747520698,0.8245834126786329,9.178652149109952,0,1
4.4533547863260425,0.921575898130046,8.925134063567945,0,1
4.539118334116288,0.7789654696424333,9.276821905680249,0,1
4.656857494845306,0.7116015545222714,9.464371225917771,0,1
4.430629402319282,0.8677263425484099,9.04264221340358,0,1
5.416086797614144,0.8746693700750079,9.300069868271995,0,1
5.1486025322148175,1.0890480294443534,8.732956016619054,0,1
4.939329004839235,1.0088775685832045,8.859228833339458,0,1
4.82987861402373,0.995625554875635,8.859333958919795,0,1
5.118670935343113,0.7119381292867535,9.591716323486565,0,1
4.8222069605195195,0.8047883101207164,9.295985227052755,0,1
5.134998499798863,1.1845783221195547,8.50953535951524,0,1
5.004102818410777,0.7930155457023101,9.37351617689877,0,1
5.027404240313579,0.8769315830804566,9.187037941697975,0,1
5.059478713726259,0.8045120097745275,9.362445811636457,0,1
5.3395582736986125,1.0507844136658089,8.873909092065688,0,1
5.038442787038624,1.0195143149373846,8.862269178877126,0,1
5.343157234291958,0.8730556546117817,9.283547636342075,0,1
5.4326909610457275,0.8290903156271574,9.40947322737337,0,1
5.093840957319033,1.1046439070494398,8.681905162734546,0,1
4.58086326119298,0.8266971558651589,9.178656684222354,0,1
4.918323947409566,1.1804953898623207,8.45881186791391,0,1
4.73619400463553,0.9625131485582704,8.909476619445979,0,1
5.463439623274423,1.0152852298051844,8.989897923544236,0,1
4.843998047140805,1.1658572356140606,8.471848495479911,0,1
4.91997365126952,1.1041465409158917,8.634813448134453,0,1
5.439990515584161,0.8915144630580525,9.267970556840767,0,1
4.609585060338359,0.7877143499296423,9.276255465724805,0,1
5.085591211874736,1.023144068993373,8.867003712363754,0,1
4.502841703911475,0.9700566566102143,8.827394377199209,0,1
4.389047345698519,0.8716778748548432,9.022020778671449,0,1
4.622302531378428,0.7011084228809537,9.478910958226647,0,1
4.5253406571941674,0.8374158209025555,9.138608556777301,0,1
4.657564018098125,0.9658154910075444,8.880069772958013,0,1
4.780635917658278,1.1039032964419544,8.596716842400566,0,1
4.460073072200306,0.7560523413454071,9.307575366645526,0,1
5.628360183374652,0.9719113775795686,9.135377800135021,0,1
4.6838553367964835,0.8517233609350099,9.149688228054503,0,1
5.487240857090371,0.8313941392371449,9.419309744976127,0,1
5.5402045750568965,1.020721808504291,8.9986945320205,0,1
5.145430490525278,1.1815122043661797,8.51947918667008,0,1
5.181461763821944,0.8774726547098171,9.228533422399055,0,1
4.440568782504831,0.759736075745923,9.293694604195414,0,1
4.444896943866599,0.8849441505437915,9.007012618820136,0,1
4.8134671506145015,0.9889354880655541,8.870163028216973,0,1
4.846330965734334,1.0971260805210736,8.630524752346904,0,1
4.9165351587259725,0.8471103700216787,9.224845961140167,0,1
4.618805498618601,1.0518255960864702,8.671559756279375,0,1
4.537840976904236,0.9571653074483274,8.866744313540135,0,1
5.103970215645497,0.7545399291621477,9.489686435297667,0,1
5.563326536428962,0.9240690707876477,9.227336472549828,0,1
5.560379377416147,0.993151656444452,9.067681788257666,0,1
4.806167901737982,0.918486171676363,9.030117529124883,0,1
5.339444282559981,1.1465613043309317,8.653663933804117,0,1
5.460151399619529,1.0195075171214687,8.979277656682841,0,1
4.721828340775442,0.9046947767732696,9.03842921056511,0,1
5.325003066700322,1.043570218317484,8.886458229210694,0,1
5.321454773191614,1.0968134874379187,8.763055078211451,0,1
5.027658153986808,1.1747668021906505,8.502315363917146,0,1
5.599872278835484,0.9947664442543942,9.074925362026782,0,1
5.098140392797199,1.0162490316695154,8.886338486785041,0,1
5.313516590925439,1.0813010092320965,8.796519647202311,0,1
5.520193087657265,0.8783963696410175,9.320382392686145,0,1
4.659184510639756,0.7550725089624628,9.365066880635162,0,1
4.990292973877821,0.6963363371329248,9.59197314443141,0,1
4.679077676169162,1.0528155977149318,8.686004567256733,0,1
5.281243078609728,0.9194661926796589,9.159662340669131,0,1
5.450487444342026,0.9616259242895827,9.109679983067723,0,1
4.579690210624826,0.8176113262494336,9.199221702918148,0,1
5.603635978770507,0.9872930480546547,9.09315260007939,0,1
4.619616602479973,0.8830411585197787,9.059859784369632,0,1
4.70646971072339,0.9451128710003941,8.941237652501176,0,1
5.14733491744734,0.7355424682122996,9.545396540460912,0,1
4.760080702045763,0.7746074986650489,9.348142564106242,0,1
5.115226303212716,1.1185793754735303,8.655797099177239,0,1
4.37414965511031,0.8352115895651128,9.101732317297095,0,1
5.518623732353394,1.0188663216383005,8.996973649001138,0,1
5.388793278321527,0.833199925438136,9.387845920966626,0,1
4.412084841456053,0.7981704802849164,9.197422714092138,0,1
5.509968954814131,1.0582396975855863,8.904043964907869,0,1
5.58774056262527,0.9097793010237774,9.266965085294991,0,1
5.507774786746162,0.995058120619362,9.048704509493628,0,1
4.983890845459377,0.7363695667793605,9.498151244906566,0,1
4.683526956863356,0.9535902135593636,8.915381341988562,0,1
4.74999569673545,0.8373145695173037,9.201166460898882,0,1
5.462670890168117,1.0023676835210455,9.01938512560683,0,1
5.115394894432583,0.9877474030574938,8.956657259318343,0,1
4.860978323493215,1.0097380854944504,8.835513802909782,0,1
4.529915393118265,0.992149657096275,8.784108327425052,0,1
5.0443618642394545,0.7283980439610742,9.533255866018612,0,1
5.046388447894299,0.978092949309744,8.959710944298992,0,1
5.183611076380397,1.0258075587184465,8.888072963870174,0,1
4.859581024953725,0.7266120124522976,9.486099399688309,0,1
5.323054830163218,0.8674229158730021,9.290921698256797,0,1
5.372146685486914,0.8442022893736685,9.3579307116082,0,1
4.998863014566885,0.8423649738757863,9.258596610855307,0,1
5.592316009916649,0.9814013004305078,9.103558658274405,0,1
4.679907220979429,0.8778099930644698,9.088613633516918,0,1
5.077849387561228,0.7886225998970459,9.404075790319549,0,1
4.617994613964476,0.9740179338004588,8.850232859772786,0,1
4.683760512974416,1.0539131871277077,8.684780091513147,0,1
5.551214579014722,0.8658758929024399,9.357776067103954,0,1
4.728704168598041,0.9513456928048163,8.93307534559129,0,1
5.00614985238708,0.8317946601685013,9.284921797913816,0,1
4.755949221804983,0.9068978377152848,9.04282986939675,0,1
5.410152535381315,1.130493910245883,8.710222934496983,0,1
5.261952303062658,1.0797382836560399,8.785807456139924,0,1
4.387894421529797,0.844941673275918,9.083173725632161,0,1
4.963861557454942,0.8662274752774063,9.194020816521526,0,1
4.999816983176891,0.7474661920709558,9.477055822323955,0,1
4.691796790281952,1.0891786691226435,8.605925948237124,0,1
5.4522254656148945,0.9996565579610536,9.022720808875325,0,1
4.605354491931416,0.8528259319270045,9.125374999290294,0,1
5.1872002744029935,1.1719671329359593,8.553013560083615,0,1
4.785544036802468,1.0743763505211121,8.665967854889168,0,1
4.455609324251204,0.7696801876464718,9.275003393029317,0,1
4.747576042128366,0.9828983079622141,8.86576402787315,0,1
4.515865975923457,0.9267105727751914,8.930670458932445,0,1
5.475230595335739,1.0556279535479238,8.90041165991058,0,1
5.2214676916598135,1.1844841359830254,8.533740700018106,0,1
5.113800347170267,0.8825345654460959,9.1981238799927,0,1
4.430037452136002,0.8485490548425516,9.086571073234285,0,1
5.412470060978566,0.8439951220041821,9.36959378256927,0,1
5.391471978936997,0.7956334261310692,9.47496325399279,0,1
5.151372995822274,1.1405251158642389,8.615366720101225,0,1
4.6400753814734905,0.9931221934243708,8.812433460907283,0,1
4.441600398957329,0.8301807005978126,9.132012087310256,0,1
5.26865987003916,1.0456602529850596,8.866021693083729,0,1
5.1250881899295155,0.9804975204093789,8.97601561007102,0,1
5.322391561156702,0.7867578644145032,9.476205561989532,0,1
5.29072636611053,0.7644978755883378,9.518601754953487,0,1
4.549086048502922,1.0365822107867313,8.687265900083467,0,1
4.904126044250237,0.7574692866539172,9.427509226836607,0,1
4.459399904953732,0.8445685635276726,9.103869058192023,0,1
5.017395999141659,0.7196907280878931,9.545795000714529,0,1
4.847914857945217,1.0427029885876848,8.756095617100723,0,1
4.443948265878668,0.9039136993406307,8.96313398946365,0,1
5.5086781384486745,0.8387888483847503,9.408254829236435,0,1
5.170167385472711,0.8158254400335325,9.367141475134488,0,1
4.8618539055678,1.042716369934998,8.759931901643869,0,1
5.374695400670134,0.8469962483549035,9.352213823985105,0,1
4.501400204777955,1.017340707195995,8.718277346334853,0,1
4.815973858887556,0.7298233990557987,9.466617915911165,0,1
4.878145264997418,0.6742372575307188,9.611671443790101,0,1
4.482581718961263,1.0149513025089583,8.718550414667227,0,1
5.273010094959988,0.7758611844376908,9.487559892226283,0,1
4.4698216791276595,0.9171773539711573,8.939815689042083,0,1
5.263959248333871,0.9398683105941534,9.107958106285022,0,1
5.350247111395135,0.9186848321718066,9.18060237053476,0,1
5.481197035344533,0.8570210342951118,9.358710790899977,0,1
5.348984118285174,0.8881284382550496,9.25050829966552,0,1
5.171691796129166,1.053092953259648,8.822030726754639,0,1
4.910061483409636,0.8718623831829508,9.166139313260963,0,1
4.997124869213313,0.8130704447055934,9.325469397498788,0,1
4.526542241831267,0.8423246378101168,9.127655386018573,0,1
4.4013987352517425,0.8172139709257765,9.150672661309041,0,1
5.10136502429498,1.1000094940027267,8.694648135516154,0,1
5.278204980500796,1.1613506007269756,8.602670510664199,0,1
5.057638138770695,0.8512945451378219,9.254371167960814,0,1
5.318768802222268,1.161087247956985,8.614529471025174,0,1
4.944708097601342,0.6828303620425179,9.610380128077184,0,1
5.390089921996109,1.0663346513675718,8.85217423140731,0,1
4.6219624069237835,0.9796179839764907,8.838457799164026,0,1
5.596746761773704,1.04329837396144,8.962471974381481,0,1
4.849175202104916,0.8126672372694371,9.285351411615224,0,1
4.808095768385105,1.148860906466786,8.50096682403084,0,1
4.394585365311274,0.9110445362999177,8.933043980857954,0,1
4.8285976528471934,1.1585694747363873,8.484332300271012,0,1
4.402595121186994,0.8384422311078883,9.102195820811508,0,1
4.76424083861564,0.7503404150071986,9.405092409995538,0,1
5.240596256357749,1.1473445464265803,8.62444008406147,0,1
5.100372643429966,0.7618382827828393,9.471907749302018,0,1
5.08713972250859,0.8068926587169623,9.364646018797435,0,1
5.604385726861069,0.9165870368216404,9.25593030203613,0,1
4.92240675860323,0.9528016889463031,8.983465764439929,0,1
5.23427550016711,0.8706455688277861,9.25888238690611,0,1
5.494970438043249,1.1316443024343035,8.73110858731757,0,1
5.623348981393677,1.0001339644892786,9.069097217085965,0,1
5.063186837985889,1.0739353582717048,8.744007074952389,0,1
4.529619231209229,1.0606373009775378,8.626557008791366,0,1
5.463387434710509,1.1187448982582446,8.752005402936025,0,1
5.309625896694787,0.7771465271639262,9.494762755833934,0,1
4.516539502916273,0.8933214030966674,9.007626844543298,0,1
5.393840687755253,0.9442935513002925,9.133815901923914,0,1
5.034972775175223,0.9582033642708715,9.002274762900088,0,1
5.3114301711405565,0.8744906714535801,9.271446290280807,0,1
4.736798323079422,1.0241790255772982,8.767859959216315,0,1
5.006545393888473,1.0083404532047018,8.879111347881318,0,1
4.904684169960996,0.8607141824052977,9.190279835964361,0,1
5.318406210639444,0.9977813442727101,8.989907451445736,0,1
4.559758953013314,0.8526215898280821,9.113195450966785,0,1
4.441020585223659,0.9043680670960184,8.96127707729154,0,1
5.459932391451636,1.0491443746774174,8.911074811918342,0,1
4.560475201117568,0.9573848519429421,8.872518846953733,0,1
4.7811233871808945,1.1238006191586893,8.551103467579575,0,1
4.976420281076714,1.1681475649222008,8.503319835066977,0,1
5.391645085809631,0.9095363893879597,9.213121652132283,0,1
4.607702385748823,0.7712976331286244,9.313479045361623,0,1
5.3225583112366435,1.176566740499431,8.579989794826323,0,1
5.0162502628982475,0.86399677538486,9.213683697112247,0,1
4.642041626506333,1.0377764621659522,8.710308311407102,0,1
4.55762637964513,0.7494465846348873,9.349827354657823,0,1
4.681715253659294,1.011079717905477,8.782696875286248,0,1
4.663427474474297,0.7238472473244243,9.438038188021288,0,1
4.782305385408104,0.6940694623718415,9.539484098617399,0,1
4.856684346165009,1.1367754928102307,8.542233749343081,0,1
5.247185741551386,0.8000622896218225,9.424751533694726,0,1
4.616621112320701,0.7405152537415185,9.386729239788684,0,1
4.5909772811917335,0.7523070924176929,9.352502776839692,0,1
5.0599621797686964,1.0975539092646138,8.688807883587822,0,1
4.992779478817916,0.9710816596868114,8.960959032515582,0,1
4.488774576711298,1.0257518665107053,8.695435443470808,0,1
5.421962935425005,1.0225245862167471,8.961746242116904,0,1
5.322362985346077,1.0207150525466309,8.938275188862137,0,1
4.84591373086821,0.8062455979497731,9.29921145021935,0,1
4.818189209287636,1.0609385229654749,8.705921185012807,0,1
4.932141129683474,0.7345055470229525,9.488080357340667,0,1
5.39919799124899,1.0663931059485332,8.854566643989797,0,1
4.993933927392468,0.7753226367145396,9.411375211479546,0,1
5.030987962915609,1.00806302197869,8.886530226533868,0,1
5.453232483536635,0.8033150819452242,9.474435282922666,0,1
5.068299011225656,0.9249180997529782,9.088050950018935,0,1
4.798852615877205,0.6816406867624674,9.57265139726664,0,1
4.90655487985907,0.9514628322616769,8.982146389861981,0,1
5.444134789073104,1.0173976774321873,8.979685251999555,0,1
5.066035367789176,0.7154349683728005,9.56907380602471,0,1
4.52896405587001,0.7972366771734078,9.231995055685454,0,1
5.453163574961794,1.095837355225333,8.801838854430073,0,1
4.823648525503329,0.8787580596399333,9.126311352108559,0,1
5.591547220223318,1.0151202709511327,9.025817554848786,0,1
4.501252238813992,0.9366015032532707,8.903874662377175,0,1
9.955023771341756,0.5097124531617467,5.80832299689035,1,1
9.750032514650687,0.577689720558258,4.328337266175807,1,1
6.485735025568053,0.8288005737409357,6.47122557313528,1,1
6.1990436609658826,0.9298291233165346,4.21711129943839,1,1
7.5971024614331775,0.8023455751358016,3.915862352567682,1,1
7.668635164365957,0.7190065577235826,6.27602279251013,1,1
9.150893408399027,0.6365530506560078,4.3266181344108485,1,1
6.416570269940696,0.9942951604623391,1.5631819349923335,1,1
9.525886154718016,0.6745999609065729,2.011731486713137,1,1
9.10587767954662,0.615276223749513,5.12125571247345,1,1
9.667294162408393,0.6872015728430078,1.1927850715640531,1,1
7.567523830309128,0.8954959678954005,1.124931723478205,1,1
9.335884051481262,0.5347735663417312,6.912662364511803,1,1
6.892821594449601,0.7862867204808137,6.550295265752038,1,1
6.877784429114743,0.870993768856754,3.976338776407453,1,1
5.629624952329189,0.9872063684053105,4.171135326107926,1,1
9.537608281581646,0.5906515538676855,4.5722892928552605,1,1
9.97050150956098,0.4829742968374059,6.588229861936917,1,1
6.252297334614219,0.9169965079661858,4.452316691661522,1,1
7.173464524545572,0.7581291317440219,6.569204217887956,1,1
5.816828371388171,0.976022119534784,3.948767158672464,1,1
6.903914360143652,0.825137170282304,5.315157333788532,1,1
9.73895301611261,0.4696084840561559,7.70442602920432,1,1
8.355512894864844,0.699704397033895,4.78797037364601,1,1
5.8654960748459795,0.9942827632877086,3.236320939701954,1,1
9.5281681647413,0.7094634895197531,0.9266353315139368,1,1
8.54762980498535,0.7014319117661542,4.151385869992502,1,1
9.693617601775024,0.5191371765912014,6.31034362210345,1,1
9.501001085111305,0.6210529818591537,3.7432315320540357,1,1
7.0544567246650765,0.7560411699800469,6.995016986547547,1,1
9.117360909358023,0.5715253759798485,6.4394123048813094,1,1
8.894808637357652,0.6744690558228943,3.9313811127640066,1,1
9.640874477871003,0.6468641299474089,2.5204329132836354,1,1
6.000897783146288,0.9642118362464118,3.755272476032613,1,1
7.178323169352398,0.8562972762187069,3.518565043426031,1,1
7.179140506760677,0.8667514561921857,3.19278416191597,1,1
9.7764216580483,0.5177463732754285,6.1020076080576136,1,1
6.842464911895478,0.9737095814860719,0.9070196738205469,1,1
9.674302980979023,0.6425662507526864,2.5518762340496934,1,1
8.561772045752992,0.5985925763707434,7.288807431770284,1,1
6.686823588253178,0.9896941725485675,0.8851302299266148,1,1
6.615254838014028,0.9560720695615345,2.1421508923364647,1,1
9.731756522341346,0.5165395965530273,6.274906263736684,1,1
9.712803839045478,0.7084609029536262,0.3971892377306334,1,1
9.75245541256605,0.5676443718121257,4.631639313255507,1,1
9.983205975462697,0.5131258773494906,5.617215881690635,1,1
8.767143965075974,0.6749876677289613,4.302861961200392,1,1
8.06793999872376,0.8501743552009802,1.0075356524449686,1,1
7.558285346898824,0.6993057474273875,7.22023945330328,1,1
8.531776241784957,0.8130436475007395,0.7478687757788971,1,1
5.735418174400126,1.0380698340823242,2.2770317795609882,1,1
7.190932210800371,0.9170944963653564,1.6001114654255417,1,1
7.918175399386769,0.6954764691321245,6.246234894556265,1,1
7.987373520730707,0.723886207109074,5.157604719813408,1,1
7.917749198906872,0.7424859646470675,4.793740245933776,1,1
5.82049910785533,1.021646742578207,2.5266642435125024,1,1
8.567528034209474,0.5999374063540466,7.229746012194885,1,1
6.8736591861705065,0.8951712353431287,3.2411624388554134,1,1
7.7227555089288185,0.8590636144246397,1.7804202473863524,1,1
7.438930090229518,0.7718643430524801,5.338630826243811,1,1
6.5141939390738495,0.9711655887032271,1.9821423234253124,1,1
7.330204942549964,0.9257135782675536,0.9108079746865956,1,1
8.77335369767761,0.6792317124846569,4.152763793765047,1,1
9.439926684209453,0.5216079894887313,7.003997619844396,1,1
9.511489046023623,0.6444051492363537,2.9892203333856857,1,1
7.671993211226988,0.8716528341390916,1.5451795316489987,1,1
8.253385735397464,0.6883539571595035,5.448988899167322,1,1
8.579494785068494,0.672375570879882,4.953240986956539,1,1
9.382359406973073,0.6291402916098514,3.853258420727391,1,1
9.856904828627801,0.531387492203394,5.435848018438534,1,1
6.635333784075611,0.8677730566834564,4.811886339802796,1,1
7.233790420735268,0.7714152333953721,5.9752099917073895,1,1
6.6591496333667735,0.8219941015283899,6.155328010597134,1,1
6.68041908837426,0.8465703413775314,5.330735221169266,1,1
7.8470922362963,0.7823515207707504,3.7753565600921006,1,1
7.5382061091950305,0.836775849982349,3.0298683285255787,1,1
8.313940964124846,0.7570179225813569,3.141714893068769,1,1
8.24658533014222,0.63568579231497,7.098416236085424,1,1
5.897711008307344,1.0426439923581912,1.6429429851153374,1,1
7.328945640986639,0.9338970350938804,0.6615536826346329,1,1
9.184721920835404,0.5424184889420518,7.1350843184387935,1,1
8.227699744324092,0.7344470473192262,4.101509184880872,1,1
7.3034454841848895,0.8690997185885745,2.742842193994814,1,1
7.7067638553861535,0.7477453547770752,5.271525886457584,1,1
7.150971615349466,0.9398912296485158,1.0164111360714263,1,1
9.86690657401107,0.5359381115084914,5.264758456875015,1,1
8.946857162095323,0.6072002446570705,5.853706845910665,1,1
9.055734645843028,0.631469213771682,4.772687147098245,1,1
7.9426674475491295,0.7094955333918311,5.738345180697404,1,1
6.232148801256322,1.0264062619791379,1.1299339526418075,1,1
7.418988143654323,0.9173994562223671,0.8984291273309974,1,1
8.373488254013948,0.801308040801339,1.5912718733807094,1,1
8.99188821950938,0.7008777712985514,2.820000746512831,1,1
8.861291368213575,0.7021504113105139,3.1770634288859263,1,1
6.357371868522941,0.8601800457620403,5.890441596858562,1,1
8.18451775264629,0.8175335288382268,1.6631014879462056,1,1
5.830105793098517,0.9976449415148945,3.239769435535249,1,1
7.272819308599697,0.7867109542982711,5.383713353093163,1,1
8.487659121143542,0.6268258808541874,6.640646388434311,1,1
8.988548096264534,0.7207585038149331,2.2153195203702514,1,1
6.347394682173782,0.883979996042445,5.184703360789082,1,1
8.595304059594179,0.7313137378861231,3.082565274010926,1,1
8.695606497316206,0.8095658550374589,0.35812317425501483,1,1
8.612238641370741,0.5782645441512849,7.764271756141548,1,1
9.457693394351795,0.5617258724301001,5.709405392866019,1,1
6.68994207643381,0.9058864412174266,3.4674534560803982,1,1
9.682898092410566,0.5452777640746239,5.534473480213674,1,1
7.4252085654363835,0.8842634712839137,1.9042916028384234,1,1
7.826442839287682,0.8791258463449252,0.845250087027118,1,1
7.465557895706294,0.7254594335891489,6.692894857045308,1,1
8.294468689213257,0.6177063602349292,7.509090389954932,1,1
8.013542944623426,0.8532688544137023,1.0769562532572006,1,1
6.65994429891903,0.9330833759456926,2.717433462683036,1,1
6.442927090454087,0.8932347356649596,4.608513251142538,1,1
8.500243625984037,0.7500104176244141,2.7929133683383216,1,1
9.843325757178862,0.48833275820637556,6.8085522470433135,1,1
6.347558762935229,0.9699271064100676,2.526254882312256,1,1
9.444273960108701,0.5463904250505047,6.224394491870849,1,1
5.890671124011046,0.9680683223787083,3.97059602830614,1,1
8.123977908706006,0.8190640339411382,1.7995353652982544,1,1
8.240756437388761,0.851191481606066,0.4515057324486409,1,1
5.81669724355308,0.9446822934281391,4.918362451201462,1,1
7.6661198006246165,0.9051709392542898,0.5264464959964665,1,1
8.940655344135113,0.754150854630572,1.3280229050592136,1,1
9.603369431516878,0.6454626758814968,2.6776179873146453,1,1
7.935410062941761,0.6822187398161372,6.603920851996845,1,1
7.636547771480847,0.7185044744758367,6.388949455773334,1,1
6.272067752866214,0.8967837920062067,5.017391381984496,1,1
8.502110398991473,0.6703927856267318,5.249455528995659,1,1
9.06883001478974,0.7484568233766205,1.1150459974785587,1,1
9.721070497274956,0.5373719713161197,5.6630931858621665,1,1
7.1241203339315895,0.7848049907871593,5.89402368867566,1,1
5.754060255763838,1.0401306266469026,2.1567138858824455,1,1
8.613504344289433,0.5799640719463032,7.707871174505543,1,1
6.112597492896429,0.8947381438370946,5.564717172330389,1,1
8.76053863839376,0.5593760023836531,7.898251288968335,1,1
9.090907226276164,0.5336847308591297,7.689948829388436,1,1
7.355972888606969,0.9160875223043967,1.1302805982547852,1,1
7.042221157601253,0.9411156167061802,1.3086525270269709,1,1
5.871196787097451,0.9542433737680969,4.457251645932252,1,1
8.517379594507046,0.6827508119390887,4.820929575439146,1,1
8.520554532568767,0.6074433401939757,7.1402073597450695,1,1
7.755047664972593,0.8471586466449847,2.0505652912517585,1,1
7.418536081964725,3.3195570018861957,5.299705272246111,2,1
7.270097917754789,2.7927158547120774,6.60843640560394,2,1
8.855779370117698,3.465877516976614,6.3601928103177405,2,1
6.116142771888186,2.553355758324127,6.0947673710149814,2,1
7.553831782058188,3.3885295641303026,5.246551880356839,2,1
8.540821128864048,3.4904428567341306,5.970846651878535,2,1
5.989629088506417,2.345749762392059,6.5411013021558135,2,1
6.861150668151298,3.554897017422202,4.078916615617541,2,1
8.15932213639065,3.2961624876360065,6.120158813136496,2,1
7.769729731519954,3.0479475415660646,6.410695283526755,2,1
8.133837620005593,3.3309296581056858,5.99780687796907,2,1
6.907205961242319,2.772560965650607,6.294139126586066,2,1
7.35826150588763,3.4240512698401737,4.948618096629776,2,1
6.618911701723826,2.6990113093129713,6.203916550305691,2,1
5.842769003047151,2.578675804668167,5.745746481347681,2,1
6.10583169327397,2.6815533835648115,5.728950014952505,2,1
8.073087224827274,3.4523776246227067,5.599247163255568,2,1
7.052670750338893,3.6022807352704236,4.1429466507365005,2,1
7.039920330800737,3.4417769387667083,4.574777437901302,2,1
7.812965815197969,3.4552039498751874,5.326085301044128,2,1
6.244581715003918,3.083587293233515,4.756240194986686,2,1
6.9228595885333,3.0474821552094133,5.548161731453844,2,1
7.230604441985094,3.033600421615018,5.900540472990269,2,1
5.8693886528507555,2.5499877978517658,5.852407864880126,2,1
6.388555434428766,2.9025966084705352,5.404711966477096,2,1
7.9699293466297325,3.766246054737606,4.624137491148177,2,1
7.267456365939328,3.531389244521503,4.558507838947596,2,1
6.418380828343384,3.361471099716999,4.163363254655665,2,1
7.5464776104417854,3.3765422771693303,5.272273267240483,2,1
7.032459906980779,3.641843944345584,4.012681734189179,2,1
6.070284163659428,2.9742874811392417,4.881377988315052,2,1
7.3077277608496525,3.74299252573798,4.013126681317227,2,1
7.1932841870435835,3.3625976248856864,4.950656994984462,2,1
7.593230688171182,2.929969355347798,6.557639637562436,2,1
6.879406912050995,3.1447784260224476,5.234182464975385,2,1
5.951205301699053,3.04996083887453,4.550186527485683,2,1
7.5836521538278445,2.927059188150165,6.555934885219216,2,1
7.491770768445166,2.9141828412150685,6.497900965266177,2,1
7.185552578384732,2.6650699799580884,6.875969265690636,2,1
6.031605356447552,2.3980713928567856,6.438908421897025,2,1
8.372739184513112,3.709467235253187,5.1923736152480044,2,1
7.449493708211757,3.1398351708081833,5.829381887398312,2,1
6.720687005615015,2.6827571124045235,6.352777787195509,2,1
8.582286699822236,3.438573632687915,6.156897922150589,2,1
7.658233559692921,3.6523571255648797,4.621845259848028,2,1
7.808094819562572,3.5160900991426867,5.152370762987376,2,1
8.16783384240496,3.255651398639123,6.241117441251206,2,1
6.750986460974735,3.3019278041150075,4.667651526210749,2,1
7.47431150760825,3.1904480316948973,5.714422905408355,2,1
7.506448604974156,2.7421962245097378,6.989533735320186,2,1
7.361923732132058,3.7146321750298794,4.1470083287886546,2,1
6.883647210786158,2.8127870471785474,6.158622130486246,2,1
6.353229573867623,3.2449434077925026,4.419864387468369,2,1
7.859086664195208,3.004132013596934,6.6232758098951265,2,1
6.850363734099024,2.733784583662107,6.343627779209996,2,1
7.285351418385092,2.683182086603305,6.927568223351041,2,1
7.061717884704294,3.3030237320953693,4.981566019262168,2,1
8.192885420281712,3.516695279141314,5.5431871090609,2,1
5.931912529344805,2.92105732451021,4.887763774871633,2,1
7.201159881255078,2.7155083274443412,6.75209906921861,2,1
8.786636846033396,3.3796434941929974,6.52866383529577,2,1
6.896540997615715,3.2882570278432346,4.8540084453726235,2,1
6.495328352943179,2.9210494742442608,5.4624802002332915,2,1
8.290002080684046,3.207430288728737,6.499376187791796,2,1
7.114677718648382,3.6168300121678842,4.165871579745717,2,1
6.839365248593941,2.484012781827543,7.024651949459501,2,1
7.963721248654064,3.1899494937031663,6.2150116852380695,2,1
6.862926785583415,2.7860921358846817,6.211471886399261,2,1
7.93973983730773,3.608742169975514,5.029865822076543,2,1
6.796756189143507,2.6442178199317246,6.537181468493234,2,1
7.973686944123858,3.457780156469612,5.482883896376914,2,1
7.082370592444302,3.3102593266058116,4.98257870872303,2,1
8.479032181409433,3.2308508602003534,6.627280282547664,2,1
7.201952129188577,2.780071926213693,6.573969089979006,2,1
7.463848650830207,3.769720374034887,4.098296644697363,2,1
7.000364981028575,2.6203245396779895,6.811086494170832,2,1
7.045982739244973,2.9995369778467493,5.806629759151872,2,1
7.964517218757576,2.909752452842,6.992390004943477,2,1
7.0428358466811725,2.821033903921303,6.298141340997552,2,1
7.899719994570155,3.0173257000143368,6.628156249359692,2,1
7.289110906223536,2.742849090981598,6.766035801149026,2,1
7.579223199027773,3.3071158705238175,5.498089743957778,2,1
5.713953674025759,2.652120258133594,5.410801052877807,2,1
8.075886957460744,3.547685512435107,5.337957024103712,2,1
6.8650500002313946,3.439266466821567,4.403364208838362,2,1
7.041859436807568,3.346528915065855,4.84073536756579,2,1
6.026567893960106,2.7653438056111854,5.415874209117587,2,1
6.4114309517755395,3.30446200064132,4.314275033187275,2,1
7.296282824080833,3.3952445794543866,4.965236457973443,2,1
8.083584393727014,3.128883525097409,6.506518734021192,2,1
8.38512269397331,3.6877755012839244,5.265123691505975,2,1
6.765908444827177,2.9905295470846367,5.545912849771324,2,1
6.629633780332507,2.529025715332064,6.685968536620125,2,1
7.723960018005376,3.859620197496877,4.114457637489599,2,1
5.818626812337196,2.7400651719757776,5.2738301818524524,2,1
6.531010284398826,3.223034809165195,4.661923740158528,2,1
7.851866509577258,3.1384711142614115,6.24359014799144,2,1
7.795563962332377,3.3861508877931357,5.499715725521142,2,1
8.671968798381506,3.8575667121425083,5.087135545420055,2,1
5.8704927376836435,2.7116945269164536,5.405363669734842,2,1
7.086257781618061,2.5529163407316826,7.085520655348515,2,1
8.189074943311743,3.174335618427619,6.4881505378283855,2,1
6.941415347930842,3.004245522452444,5.686919329318185,2,1
8.555691744242456,3.5041062526643456,5.948146840186172,2,1
6.860506329603197,2.6031423604785062,6.716048485312678,2,1
7.646531220592874,3.2324647602207186,5.773640820254814,2,1
8.02827715203229,3.114165064530104,6.490896544085609,2,1
8.453392456242677,3.2697833977362047,6.493225711992479,2,1
7.881479259082518,3.398447466433935,5.553270952066365,2,1
7.999644269729531,3.1853231551637284,6.264475740499712,2,1
6.94749582428384,2.7733475400411396,6.333055547952917,2,1
8.05865306434661,3.826772473275246,4.546888303792697,2,1
8.130129422935259,3.6356899878536746,5.149380849435632,2,1
8.17482428467967,3.790076213744347,4.7670888441170165,2,1
6.247676408064181,2.780387519004406,5.5997153565818465,2,1
8.235348137516736,3.649445687053524,5.218581968604168,2,1
6.7617983045688055,3.049857570619152,5.377292745646268,2,1
7.759207896431958,3.6477328923994854,4.7376570376214495,2,1
8.839239452645902,3.8738464365856324,5.2126354637853085,2,1
8.306270973396058,3.8433541640055253,4.753507023541739,2,1
8.388738445885473,3.806368877319608,4.940130150347111,2,1
8.61085578889022,3.307542908997189,6.54919072560949,2,1
7.115962039519005,2.946696761918929,6.024456671244856,2,1
6.479970198465633,2.4275983518637743,6.814414938876796,2,1
8.787981785418275,3.622533584613944,5.856865538570766,2,1
6.102167710275993,2.524909248782982,6.159352080358971,2,1
8.823797051376452,3.4680459449269114,6.3215604470498,2,1
7.1030032983716085,2.9451934112351275,6.015405051239691,2,1
6.812094110478709,3.0212484663020973,5.507885572465568,2,1
6.9796539629044,2.474330863440144,7.194582507311116,2,1
6.283134753038964,2.9286796083890674,5.224891837771869,2,1
7.692677466488939,3.8353493545313473,4.149815519082657,2,1
8.329357889257754,3.6627521629879984,5.277594759006678,2,1
8.328913849830117,3.337860654148397,6.17757901431893,2,1
6.1725411313138565,3.12915983860403,4.556453092452092,2,1
8.00564462579335,3.0514179974722886,6.641714511644357,2,1
6.627321365045667,2.997159298147165,5.386177076126187,2,1
8.238770454920193,3.6494199675166117,5.222144078032442,2,1
6.623996860334411,2.798049092141679,5.934620180105207,2,1
8.540870028817059,3.9016161355605994,4.831329323914769,2,1
7.249394374498976,2.5728847029186563,7.19658069017681,2,1
6.800707179715061,3.0927498745429656,5.298104456579682,2,1
7.708372759201407,2.954657155701182,6.606664435042904,2,1
8.38186264857022,3.8696915198140185,4.7576179333829325,2,1
7.546712103839461,3.248272520584966,5.628012230186475,2,1
7.359917717956965,3.187985675945289,5.604563524086497,2,1
7.997282085662844,3.30614926218024,5.927196576499708,2,1
6.869277741533232,3.558875320571537,4.07618051066043,2,1
6.397427060254971,2.5882073666969974,6.285091329385924,2,1
6.7141956216180185,3.0870607500557026,5.225628465666658,2,1
7.373706371270617,3.441723640731117,4.915393152039628,2,1
7.570428038763619,3.4288461962331915,5.151742780897648,2,1
6.340610967044877,2.534836575525346,6.375055060650593,2,1
6.556197810746789,2.9291249728716267,5.502186931060353,2,1
8.601651543724566,3.5012510694942733,6.002939837867532,2,1
8.254789780873201,2.9698869438901743,7.121810632597281,2,1
7.993904804754615,2.9677594150832003,6.861599530421254,2,1
7.997935609205364,3.5172190297381576,5.342883083462271,2,1
6.636727097723379,2.9712600689613518,5.467550842168281,2,1
8.177868101628265,3.471866281465848,5.652112781120614,2,1
8.078958879074488,3.088668594697081,6.613256347682076,2,1
7.181262948766176,3.3766807185186436,4.899363797391172,2,1
7.1668391195718915,3.1153258970775535,5.608996404996507,2,1
7.255709173442272,3.6603922158641975,4.188993602257042,2,1
8.279291926233405,3.7399676955208547,5.012523605507784,2,1
8.708390509271966,3.5282191031093926,6.037073641669672,2,1
6.3977098338749006,2.655912669180174,6.097734441433683,2,1
6.51328288832079,2.924948930196587,5.4699868152482445,2,1
7.662600783807434,2.811572667975469,6.956534984218084,2,1
6.2247441946923345,2.772812249379376,5.597318938744385,2,1
7.887516003316325,3.096080952267211,6.3974376796308245,2,1
8.033683536553887,2.8948789360888014,7.104162910058441,2,1
8.888559136953615,3.812334826720045,5.433421959632565,2,1
5.825532036653524,2.635283604961355,5.571275871056983,2,1
8.787700299122422,3.8187254562413413,5.312832423407279,2,1
6.234687919909599,3.05311761554885,4.830595085239129,2,1
6.662100871247365,3.127532584538906,5.060323111822889,2,1
7.932374466098373,2.8459462632491537,7.136442723143182,2,1
7.319189828186097,3.6596542995301298,4.255790192280665,2,1
6.803467123749094,2.8392296442866702,6.003551255661964,2,1
5.653813190381672,2.661740048201091,5.32279537670469,2,1
8.210196775366398,2.9579130960312385,7.109510466562731,2,1
7.79717774371173,2.984347793828133,6.614959541583205,2,1
8.261875137435442,3.6594510841737473,5.217910034794814,2,1
7.733722773548918,2.9328626721310864,6.69292535921934,2,1
7.8837324853564565,3.702564943984231,4.7127073523344585,2,1
6.923013252033883,2.7400912885607593,6.400252605316631,2,1
7.874964264013261,3.4518124857302865,5.398724324079225,2,1
8.613269551426269,3.90895961547921,4.884825726978494,2,1
8.615208882409819,3.436355221173063,6.196627493610195,2,1
8.500228524222239,3.122743085610514,6.948521767722969,2,1
5.92380620021536,2.7724415338961377,5.291383999280373,2,1
7.4365375045477,3.524583762949498,4.749835159728956,2,1
7.365621919833239,3.699305088899263,4.19325958587828,2,1
7.0018294930762375,3.3204618960091548,4.87214884970758,2,1
6.16042891105249,3.207981468934235,4.325644163934096,2,1
8.18326383745447,3.6233445499114327,5.237794340346873,2,1
6.70057386342612,3.2679849231032096,4.7103024677504965,2,1
8.564149881781066,3.7595206779495913,5.248892930271794,2,1
8.124765278383691,3.5584504233269363,5.357978862110528,2,1
8.141303022573949,3.1543876504663375,6.494708101728591,2,1
6.986813154885578,2.7047860383044715,6.563178239397069,2,1
7.349684425898076,3.0676403324223607,5.927662630507379,2,1
6.90586960610328,2.576888612351824,6.835082167619438,2,1
6.6651400175715825,3.328608276283575,4.5061415910099,2,1
6.905350373536999,2.68925091627629,6.5231402884205565,2,1
8.120731393941899,3.1940319882447423,6.363850329167337,2,1
7.60714961606956,3.202858513221306,5.815524594745981,2,1
6.462949910877606,3.0122063345834076,5.176812242863553,2,1
8.462591178210959,3.2201494785363405,6.6401690434331115,2,1
7.39898883601124,2.7560661968705196,6.841482118862105,2,1
7.377336716879242,3.4236385212086975,4.969219101588649,2,1
6.772320256657807,2.8628477838295656,5.906323168774917,2,1
6.939756095550571,3.4202510763968896,4.532266998105886,2,1
7.464136712011712,3.6031145352023675,4.560338743048445,2,1
6.17479403918076,2.734553939278678,5.652401796398989,2,1
6.522773095233187,2.5233318861225817,6.59274909505374,2,1
8.248219755191396,3.5483589057520235,5.511873387747315,2,1
6.802338146135391,3.3111864945784957,4.694370733577495,2,1
6.508177845391325,3.076784144331447,5.043968108539788,2,1
7.328111077010815,3.6240942134461207,4.363444851548016,2,1
7.273122355847927,3.0231206127521846,5.9729543417453,2,1
7.353388043670223,3.6618545624688106,4.284574979898951,2,1
6.143362942215193,2.4259362465538934,6.475675774233761,2,1
7.876430243873248,3.0323121149586028,6.562865402494538,2,1
7.571986964319467,3.1965852076596635,5.797044506345912,2,1
7.779377675891454,3.7704409217628814,4.4181451475510425,2,1
7.334716185478162,3.6306201921131795,4.352095428361978,2,1
6.932489932129815,3.525526434706304,4.233084601138172,2,1
6.902849887683484,3.1855667551704565,5.145049837869518,2,1
6.910153550694296,3.4460380212305926,4.430603302442644,2,1
7.1212079638835,2.7175335907587153,6.664933599913993,2,1
6.8851395423885595,3.016131372717759,5.59657530862767,2,1
8.505488433938726,3.7364956884998755,5.252870941569959,2,1
7.518360293891237,3.6320140066816453,4.53555289195784,2,1
7.129705026234387,3.620723420181183,4.170409129583435,2,1
7.5518481190824,2.8804162137412517,6.6527652317463675,2,1
7.9285696704089546,3.6564161010392553,4.886343689301147,2,1
7.944550090042648,3.5515473023376325,5.1932880100326715,2,1
6.63735946167029,2.582285431826838,6.546239511510128,2,1
8.214771555444251,3.690695066861878,5.083270767641656,2,1
7.221320293303266,2.959158542218621,6.097386220701443,2,1
7.829747143221527,3.8697929614268087,4.1941686552758455,2,1
6.4191099144334895,2.413417451864906,6.791638692267331,2,1
6.270854734661769,3.2170739621830498,4.413080712175631,2,1
8.26170455993794,3.693064865708332,5.1245754090584015,2,1
7.091652591586401,2.713717404118487,6.645363133469548,2,1
8.707213080431169,3.670276907370472,5.64215927723716,2,1
7.528575960710634,2.6267175140252585,7.332153428235021,2,1
8.58087380467889,3.314705518684873,6.4987573606135,2,1
7.368236091844831,3.3437722920713813,5.181285638285238,2,1
5.807931427316582,2.6500614980128248,5.512365973350621,2,1
7.216490649222767,2.7120612290105623,6.777290376227969,2,1
7.22172172318013,3.1772686753097927,5.493303206384351,2,1
6.67514231758089,2.736587614742194,6.157130056280867,2,1
8.815011449716224,3.806702000468085,5.37401332862302,2,1
6.675785369598632,3.291887825106316,4.61877082092806,2,1
6.750004354141796,3.441512355587632,4.279791016773732,2,1
6.885046631247052,2.638133304618229,6.6441026103441985,2,1
7.20893813593948,3.0708523811372563,5.775196588051469,2,1
6.91416670840156,2.571454927328671,6.858604831188386,2,1
8.007202934305974,3.179833878440359,6.2873992562535275,2,1
7.897323688481258,3.2737665498512074,5.914985867309157,2,1
8.291623970096532,3.8109915020244265,4.828259960720387,2,1
6.57686803795684,2.51682165190336,6.665970068971198,2,1
6.777173828545404,3.2030780301816337,4.968325390624366,2,1
7.113306039935436,3.1927655352152824,5.339767618827875,2,1
8.14934813966288,2.9717850621668065,7.00899755127915,2,1
5.968979250186205,2.5614012161259687,5.922359833519738,2,1
6.721008168980612,3.0043678910399043,5.4617607434715705,2,1
7.6601805109821095,3.7735181903441406,4.28803315861577,2,1
7.358498294433769,2.7897343169269604,6.706869777050356,2,1
8.417249717283067,3.1581566893157187,6.765732991380596,2,1
6.692103012711724,2.4342096612096107,7.01247112210612,2,1
7.2583519562331835,2.8917798735355555,6.321899265264731,2,1
8.102472830363993,3.7032798920934846,4.933845112241252,2,1
6.556276209489794,3.352012013810824,4.3302349874834505,2,1
5.673616399214266,2.6581487068304073,5.3529484264331275,2,1
7.720362377440161,2.814881510140069,7.006282429287876,2,1
8.302886487305017,3.7934823108845124,4.888274681757022,2,1
7.5466361087195715,3.8015814518375333,4.09443838562432,2,1
7.884169955188637,3.292967829244027,5.848352446021764,2,1
7.9908063496206365,3.766555518055599,4.644574746381575,2,1
7.31113562463764,2.6411887496175206,7.070253176447297,2,1
6.366807577140047,2.9987583460105407,5.116016381411267,2,1
8.312075330971496,3.1912851773730053,6.5666375099206915,2,1
8.255410370331253,3.662479814505718,5.202921722007612,2,1
7.314696206523415,2.988546358564351,6.111183030849228,2,1
8.314863136641488,3.400051575601787,5.990884815233692,2,1
7.287383943660021,3.1134115058256224,5.7372601156450695,2,1
6.255873796414947,3.143434895747166,4.601890631050334,2,1
8.870980284407839,3.603261607589905,5.9949378645881275,2,1
7.605789913397382,3.013453161334777,6.339074819364467,2,1
6.787421428721631,2.4410428096799532,7.090759608897951,2,1
7.113009016421279,3.371396781414512,4.844387948626331,2,1
7.338008172398959,3.0579984862778704,5.9424750212332045,2,1
8.140616825829524,3.2626908228634894,6.193845803562163,2,1
6.691432947395587,2.611271286736002,6.521061147763909,2,1
6.051521594768486,3.052054400347351,4.646708712989693,2,1
8.566876454560195,3.5516277287088167,5.827849629164214,2,1
6.654278406668668,7.310806995482485,8.199470155087148,3,1
4.725548143872409,8.064587736240323,7.989844157648298,3,1
1.453525644321549,8.751495195231978,9.444628751183087,3,1
5.480301579833004,7.759988206876858,8.101329139660926,3,1
3.7175293538367624,8.310153574268195,8.334177597146295,3,1
6.295326924538761,7.196045159792328,8.940610625926366,3,1
3.3128693597819945,8.370678750721178,8.588812472063895,3,1
3.993005535227414,8.019186966296374,8.924826848098908,3,1
3.016924382415971,8.263283133487374,9.238946856869386,3,1
3.8658024328765688,8.080821595194651,8.874535370160395,3,1
3.6390913868044956,7.961859657617423,9.484808065265879,3,1
1.6686192459825038,8.94133006140108,8.630190428652528,3,1
5.640225117158312,8.057705775747458,7.016848876051499,3,1
4.573957557763007,8.142273981352,7.9169565155577635,3,1
3.7995012471576066,8.74932269388227,6.901731020722474,3,1
5.651365753480881,7.790138756798352,7.823194554845085,3,1
5.772365804138423,7.752183563024877,7.807795002534715,3,1
5.697347046811718,7.782832653774438,7.795571750475739,3,1
3.5469539187672376,8.208983217279988,8.829021469626547,3,1
4.673061134566257,8.162246955020699,7.748158664131418,3,1
3.736779114808758,8.167170841438752,8.750623224836335,3,1
4.7166881052196405,7.997957308570761,8.203286898941503,3,1
5.2055072315824455,7.31169103317182,9.771251510255803,3,1
6.448728475026771,7.3116373208480905,8.4203164291735,3,1
4.389102039253401,8.539982217587482,6.901314285463192,3,1
5.326561358420308,7.653180279327755,8.595121556820096,3,1
4.435791375917152,8.53771407839853,6.857511516666021,3,1
3.7931592652072266,8.392150696485084,8.001166417709221,3,1
6.410281593269634,7.077700430505663,9.17768225913851,3,1
4.767300700286458,7.6746258503118225,9.137311747541201,3,1
5.82226974403537,7.036613904923789,9.942396093583454,3,1
5.607620775216315,8.019536869597633,7.169036161237276,3,1
4.645115798173752,7.569925650405492,9.590363425966784,3,1
4.6980220772646755,8.142206131373438,7.782334079889276,3,1
2.4078411553930006,8.935027480866793,7.846102738654141,3,1
6.512404541980814,6.88084370766667,9.668857128576857,3,1
3.468378976432624,8.782540514889602,7.159976758021982,3,1
5.086860792760134,7.8392206138156855,8.286548275694003,3,1
4.6441819745272666,8.365244134304131,7.1586015520907305,3,1
6.824735117274654,7.140284449304277,8.535828879611211,3,1
5.652934867876913,7.4448193618381024,8.877776802194733,3,1
2.92694824450101,8.3579315218608,9.047213281254795,3,1
3.743168082948753,8.40115380050698,8.027956154104961,3,1
2.87020998168666,8.844150149953636,7.621594786566813,3,1
5.03093471540659,8.282033621960156,6.99281931628968,3,1
4.234368751612165,7.670198733530603,9.730029822552808,3,1
6.826910748067919,6.696929845766494,9.889629047886348,3,1
5.1388273335827375,8.078368800514566,7.498548960367408,3,1
2.2571820396132187,8.76878107937662,8.518361323513599,3,1
2.6810188854212043,8.31383644143267,9.449363855660312,3,1
4.212219453078673,8.539774004455264,7.094182415614503,3,1
5.481194157126755,7.875333566417196,7.747532523494325,3,1
3.83593818442903,8.491236453986607,7.651584879532352,3,1
1.8162995970482667,8.982564361342416,8.343564990080708,3,1
6.071848292950069,7.823635452388458,7.263763376044327,3,1
4.049598545142919,8.440006510119384,7.576090346110698,3,1
4.0818247082194095,7.69268520656694,9.827027359878128,3,1
4.215463755138251,7.984739094552988,8.788436842666044,3,1
4.601057387889249,7.774191291025509,9.01342265474307,3,1
6.313394855280594,7.060918872337232,9.334308781166117,3,1
4.9606527687099335,7.520636256640369,9.398216242852474,3,1
3.938780458743693,8.176351294357218,8.50301177992861,3,1
3.5037875512397276,8.678940454612116,7.43839490278955,3,1
5.451167250606293,8.155279113741138,6.923847611991418,3,1
2.8974228480140676,8.748020621269731,7.8860684134660985,3,1
3.049860846680683,8.707106476336152,7.845553995761058,3,1
3.9720498377979103,7.709222863543411,9.895741172898246,3,1
4.774433826773373,8.15843494274231,7.649650005372905,3,1
4.664990845990418,8.299717311364939,7.336425135930774,3,1
3.814413276079731,8.01710117043999,9.12529628835215,3,1
6.394510536218028,7.154636812657101,8.959483343237624,3,1
2.3305731945263295,8.377026753674881,9.63692777848788,3,1
3.8932099940089877,7.815460418997831,9.65645520431908,3,1
5.328394536402036,7.645651692755597,8.616158284252144,3,1
3.7639265136177515,7.80525384527714,9.828177603945349,3,1
1.7929151343475702,8.775487247953928,9.002400792927796,3,1
4.032248353985056,8.58350444878432,7.156004368840215,3,1
6.051439540236336,7.827941109935125,7.272772607644892,3,1
6.562494774729077,6.9736423905785365,9.330561202464507,3,1
1.6844425748889544,8.490740893655122,9.991288245412006,3,1
6.319564134913542,6.94909815644962,9.669649330709705,3,1
4.057189890890315,7.657610426752056,9.961089046616554,3,1
5.634785270080208,7.931384470754711,7.409161344983524,3,1
4.1511796931006355,8.649331814546535,6.825395564159569,3,1
5.193001192388768,7.243149066656026,9.994503777726882,3,1
4.614259138305811,8.327214063904988,7.307449968379064,3,1
3.3886364306303145,8.458895722703147,8.236626512685628,3,1
5.274747280826361,7.963469819158209,7.7022959944990745,3,1
5.914990883472063,7.155853951597426,9.476889322154559,3,1
5.29852198713218,7.519029146232961,9.035945015214548,3,1
5.897734985965838,7.839149192463612,7.4055304997670826,3,1
2.6846954805521888,8.454182625562579,9.016067343958884,3,1
1.6716445017377315,8.527273787060269,9.89344743483664,3,1
2.4793875828339145,8.836902674367911,8.068499142435297,3,1
2.120458435063541,8.991720024418397,7.985007359594569,3,1
5.563505530711858,8.015558390991336,7.229149074636607,3,1
5.660762625346697,7.79323629651144,7.803507312743329,3,1
6.694078662524662,6.964799658888567,9.214608151855227,3,1
2.971759444808604,8.031732153648871,9.99631549638858,3,1
2.7467092553376866,8.166515149055149,9.828610174150883,3,1
5.674858283206976,7.793696236311728,7.7867816346681735,3,1
2.6627599530823276,8.254122586928984,9.651864155805013,3,1
6.155551538912446,7.535089665270708,8.055421311782245,3,1
5.262685479600505,7.317763322417881,9.690537379429172,3,1
3.5849273183096484,8.265701116340729,8.61426025876482,3,1
5.294097214680244,7.940075462279464,7.752827329517728,3,1
5.724141385762993,7.631273041617978,8.230053702245584,3,1
2.853999200163227,8.71328042257739,8.0395258548973,3,1
5.449965404134439,7.306392048975493,9.521789858716453,3,1
4.556692803523531,8.424011902514264,7.073919399969702,3,1
2.119621261282211,8.952697632453528,8.105281644684563,3,1
5.318870314337705,7.5658232755273875,8.870693791079294,3,1
3.3114633769092885,8.731933581109427,7.4853084948177715,3,1
6.018454064094457,7.275116588980666,8.999639287469416,3,1
3.100425952497889,8.572011133099918,8.203840441568172,3,1
3.1884093484718017,8.725413899192715,7.638983166956066,3,1
5.741890285531323,7.181984087602802,9.585081674219136,3,1
3.8614578830366195,8.568751117149986,7.386743394841313,3,1
3.710646578158645,8.17078380343233,8.76797177714676,3,1
3.167327363368711,8.181559498013158,9.325475012986631,3,1
6.5743415326641745,6.960889012295885,9.356697405150125,3,1
4.6397586874400805,7.654943651684136,9.336126282332833,3,1
5.628071091462389,7.974426976699402,7.2847966559156845,3,1
5.532810526662561,7.141327899785383,9.936665965863625,3,1
5.33322145468833,7.296186991813024,9.679879994716602,3,1
2.1634554867897697,8.685463991309648,8.87507705112062,3,1
2.3432826530876367,8.774544190630749,8.40716088011743,3,1
5.6414713821784765,7.589895763110354,8.44646499824257,3,1
3.2483355315101257,8.034841381026956,9.686229324943112,3,1
5.3019400805387775,7.718131949949066,8.423200510451617,3,1
3.749683241050704,8.268151872679477,8.427711409374114,3,1
4.4680773603995805,8.432680806936927,7.143707216815006,3,1
6.106367997725423,7.54330177251092,8.083752882801296,3,1
5.324512515138782,7.305807105567409,9.659917947803239,3,1
3.4542166669785352,8.36117663757468,8.464265762961958,3,1
6.102285215205333,7.35752993448206,8.656442048080391,3,1
4.835023223582371,8.141328609827355,7.636129147409034,3,1
3.5363099874722597,8.582839670597453,7.6970103058101795,3,1
2.495338190929452,8.300851116136364,9.690877072269284,3,1
6.528389856943777,7.366316738825917,8.16648529217661,3,1
4.583767903456426,7.584619328950579,9.612088597772958,3,1
3.059337085783328,8.47379970571636,8.548910813043442,3,1
1.8093589984636882,8.555511461520615,9.657407620606449,3,1
4.233989630810002,7.8685497850161745,9.123711541146642,3,1
5.972031777552901,7.707241885963879,7.7282741948814335,3,1
6.065118020721643,7.234871142817674,9.07203178789483,3,1
5.678284386095413,7.480051632474115,8.742456653647503,3,1
4.261335209325754,8.19589397053186,8.09268943266189,3,1
5.558651107452086,7.892307574616462,7.61143309181627,3,1
5.493695683687761,7.5396327961802205,8.760811586381982,3,1
4.4344339125234455,8.216173329635378,7.842538476248115,3,1
3.7380531839867874,8.778553158575564,6.879098897824549,3,1
1.9628278780428192,8.800342226337616,8.741716021940432,3,1
1.8112499382893752,8.786990195417443,8.947288987974044,3,1
3.328360002042942,8.501632587138415,8.17140675298289,3,1
4.285950204906625,8.031391152614304,8.569131434225298,3,1
4.542611735262824,8.261394109525636,7.586649193743371,3,1
5.4026826096225,7.786964411734684,8.103166613486708,3,1
3.997351916255778,8.285160302992535,8.106525164346417,3,1
4.899935390684953,7.366049616751286,9.93706286049771,3,1
4.109680372529229,7.896724267410582,9.172625386625503,3,1
5.244923261292953,7.231993899546774,9.972198489293866,3,1
5.848267093945474,7.014938019155064,9.980446614158849,3,1
1.4452980950822236,8.87979601270569,9.061114567119272,3,1
2.781525397032139,8.568351921757998,8.561606036356276,3,1
5.628796623840372,7.289189483625261,9.380061333285202,3,1
5.779741690205516,7.235501210841455,9.380243804766282,3,1
3.1949135636217054,8.321389582711554,8.867772867716907,3,1
5.478777300373424,7.468063742810691,8.995944993007583,3,1
2.481030092098118,8.715526135076335,8.437989296234193,3,1
3.1205583641454355,8.559221076065445,8.221084214420966,3,1
3.953195747136375,8.147315814589522,8.576161422589905,3,1
6.054119019878471,7.800536341325088,7.353688276093216,3,1
1.6846207660214043,8.58650569606127,9.698162405297678,3,1
5.698529321153693,7.748340075170139,7.899795238516628,3,1
4.925954148406426,7.68356822332552,8.937537884631167,3,1
5.676819332137877,7.66425738420363,8.18058718383212,3,1
2.5009987628882104,8.53370707251832,8.97244895884975,3,1
5.368892584188243,8.003038098429675,7.478947147105647,3,1
5.13318098950134,7.448595086290511,9.43108187114211,3,1
5.895402985506788,7.416661600404849,8.70039994191856,3,1
6.456565602310443,6.607039358866434,2.8826960935173753,4,1
6.35106115887872,6.7158046681252666,0.511994277216945,4,1
8.288865440900539,6.235288597470656,3.8145413396231067,4,1
9.522070586051294,6.14285918503353,0.25710243002226596,4,1
9.826354991945628,6.094952860665381,0.045059293286777935,4,1
6.920631583370028,6.473516103643852,4.162917519603961,4,1
6.485121554172865,6.671808173128539,1.0256884865787697,4,1
6.643914196839621,6.57523294949739,2.81341886548216,4,1
7.484846276270192,6.4211530625062405,2.8025370521825077,4,1
9.8463582448275,5.982858032520271,2.9206853220910745,4,1
6.943031225453735,6.55644956602182,1.8541258142701813,4,1
9.584194557146041,5.977220196609354,4.347643292583281,4,1
8.251035793658268,6.248764075726964,3.6414605434914407,4,1
6.49501892314606,6.644556843938953,1.7002501109697385,4,1
9.761636923337424,5.989044586501027,3.169414447015983,4,1
7.770971221124589,6.320143908098919,4.087426076364191,4,1
8.83188737361938,6.152798549087154,3.356484747256049,4,1
7.424157855909838,6.3940689815546,3.8166008677019905,4,1
6.771546699140876,6.5940182052529765,1.6932715877161297,4,1
7.216938397810459,6.499279857218852,2.0357925770215015,4,1
8.55554920930108,6.317256498334629,0.34105417356394474,4,1
8.533362574934245,6.17944866824262,4.104242424340223,4,1
8.750618905311224,6.213507205345223,2.1422981056703554,4,1
5.883342131797738,6.718012176860936,2.732464143241966,4,1
9.02086463740979,6.145120024355393,2.6393270371519737,4,1
7.979029243550426,6.29742150600493,3.6763041713109113,4,1
6.60946450317225,6.567333232468257,3.190803747976161,4,1
6.212203954067734,6.709488826914896,1.35610868232194,4,1
9.314206852837657,6.1404117847708415,1.334857037100897,4,1
8.777486295807652,6.210216634663266,2.0986592740956636,4,1
7.19549075274154,6.479205068364805,2.672743129663413,4,1
7.448704666915758,6.457448586491054,2.015974342343763,4,1
7.246775719072883,6.405116330116775,4.387908453363695,4,1
9.83091572839799,6.070487740323991,0.671725631294881,4,1
8.294764974573129,6.300881033689802,2.0460850258261014,4,1
8.842501551259485,6.163991385048559,3.0078979199978466,4,1
7.661871803423408,6.415191856876829,2.0980671749146853,4,1
8.431989761103937,6.199877370631111,4.056363119580028,4,1
6.488375824320702,6.690550787065663,0.5127207516326189,4,1
7.540340913851446,6.490260183484071,0.6992022814490284,4,1
7.821074979686958,6.330666944185313,3.5641864294829197,4,1
8.327655581116595,6.3305542362768765,1.0987981998109806,4,1
6.278636470792026,6.668860694082012,2.1099890533901977,4,1
9.658410753670562,6.110502207869804,0.4509728921760987,4,1
8.296522099056222,6.2678902430625865,2.912538916340929,4,1
6.013780254405915,6.746851133187602,1.3319915353547118,4,1
9.360191487670294,6.096327771454681,2.2800326987044386,4,1
8.822936176601093,6.108370221014688,4.578474417392898,4,1
8.000321217227782,6.356354130475657,2.0094846418464556,4,1
8.586915472625122,6.26896015465457,1.469183446634276,4,1
7.9696055994504045,6.36374694390854,1.9630705401162283,4,1
6.409654668216608,6.70556989674064,0.49794718556033035,4,1
7.025120084741291,6.5656605831287544,1.209833465762727,4,1
8.468356286417178,6.331134672652026,0.3978214165112701,4,1
9.80969186801607,6.05012230193012,1.3152946711574853,4,1
5.904018155795,6.749930131645238,1.7851567764275655,4,1
8.773706369775264,6.138554144071846,4.01778376235263,4,1
7.60485617713044,6.503943575594562,0.021918553556071085,4,1
9.945995266062944,6.0535720148911745,0.5596424131473337,4,1
6.459935206266989,6.699691052146697,0.40887371717578014,4,1
6.416009750504315,6.6972502153425495,0.6876444011031765,4,1
7.930474995750606,6.382443473565076,1.657850719392523,4,1
7.972445241022705,6.421075910959079,0.42869616807715927,4,1
7.123869094521063,6.447031202737841,3.8750770265009624,4,1
5.935103778554234,6.756319666029704,1.4642183700598168,4,1
7.03639151841716,6.554522170970916,1.4503364198830953,4,1
8.638581465011937,6.308183489954068,0.17711274779250585,4,1
7.394905544033134,6.4954918341947545,1.2690951571089337,4,1
8.164084381777995,6.25008424138366,4.030127423025224,4,1
6.629115136553317,6.5525265485055,3.487771679338608,4,1
6.481494465968634,6.623701751078856,2.3192899616722187,4,1
6.934733927293544,6.5388926281034,2.360218616830584,4,1
7.8442950859691445,6.454831747919964,0.15781684226872006,4,1
9.772299573811422,6.092642233402498,0.36973593929579374,4,1
7.321678417094213,6.536352745585603,0.5421483849478501,4,1
6.245667612566799,6.702974902335853,1.3658218159470359,4,1
8.232794215596856,6.209212179332454,4.779381022377288,4,1
6.465505695175181,6.585716998193434,3.40466796137944,4,1
8.947351498937138,6.253242277622303,0.12979936352463506,4,1
6.5819138730538125,6.568257223084033,3.300540622381214,4,1
7.742221613455308,6.421773310804099,1.5319925430153956,4,1
7.652113909452276,6.392958538804176,2.7353086809122216,4,1
6.780672353696296,6.622930770749395,0.8819568737980009,4,1
8.20828803769594,6.293871758169267,2.653361977150081,4,1
5.928674589357684,6.712139991638396,2.6673241916077455,4,1
6.924234475366408,6.483215970855921,3.8880921155546284,4,1
8.398868623282654,6.331137392645825,0.7363366372674278,4,1
6.797282729577599,6.525248120464356,3.391860508859254,4,1
7.800284226165888,6.358613190874929,2.9242728719510307,4,1
6.703766117241493,6.603123363007574,1.782044619115306,4,1
6.595937782731536,6.588271860863834,2.7013585412222363,4,1
9.901323458480096,6.042622769473332,1.0677185593707568,4,1
6.537854673898995,6.575872713972102,3.3132387156559995,4,1
9.351606860868458,6.166429530384522,0.46255137787205003,4,1
6.766948657698014,6.58066207546964,2.0699211410032086,4,1
8.931158831387613,6.1485662124576645,2.985026492760378,4,1
9.29851562766281,6.068287984152163,3.324256165248969,4,1
7.060642734823361,6.464972108299927,3.707308242102461,4,1
8.726316398900757,6.265841721423898,0.8726452260592701,4,1
8.677251430015005,6.266137354851286,1.103879353366269,4,1
8.918792198814103,6.113378698808482,3.978563911517786,4,1
7.4712391728176595,6.363826605028458,4.389310672683478,4,1
6.628491579020065,6.5829986978249995,2.682596338257199,4,1
6.7865578746842665,6.517250615984159,3.6562367550370247,4,1
6.626933236872793,6.632483481051273,1.3777032100032454,4,1
9.889182718562093,6.021459784127273,1.688182315360404,4,1
7.2609108456535125,6.501501283077294,1.7626123611823494,4,1
8.096150250467193,6.383320932229179,0.82730437753715,4,1
7.3019446278540965,6.534058381280313,0.6991572419789547,4,1
8.895124271581203,6.240599560643697,0.7196062367258786,4,1
7.356281837920568,6.481364561234099,1.8319920865729622,4,1
9.22618962446629,6.142858110735339,1.6988480586807668,4,1
9.108643488640329,6.220497293394825,0.21238006236510665,4,1
9.76366867852179,5.965092641141455,3.794792608800292,4,1
7.195513664113641,6.473225876187753,2.83121777929406,4,1
6.831439332004389,6.572096261748254,1.9828735599259697,4,1
9.834556596050556,5.979131127188741,3.077039156126482,4,1
7.788127220035927,6.422687766362139,1.2840575798312261,4,1
9.565186933655294,5.97805589054804,4.418095189904134,4,1
7.801646488177955,6.35542888084436,3.002092626893707,4,1
6.739264119601074,6.653780902760045,0.26548474411381195,4,1
9.647502369715,6.006244895530151,3.2693450927585204,4,1
9.793264878632417,6.055490855311611,1.2529469418225787,4,1
9.126715989454146,6.17090736293756,1.4395947021295123,4,1
6.20394549006256,6.668293226313977,2.4889811990420228,4,1
6.331243284079928,6.717114730020211,0.5738125506555112,4,1
6.8720746715328485,6.489307840232328,3.980672479914717,4,1
7.080602517612823,6.566260082369772,0.923587809610874,4,1
9.146226425898783,6.211419939098146,0.27001141405707285,4,1
8.198504509978047,6.257678652356282,3.6609842434072295,4,1
8.505048130918224,6.27647436324478,1.6687927748757982,4,1
7.154502699813463,6.457729709386916,3.442054135184339,4,1
9.048486160431667,6.172737430338346,1.7722404353378984,4,1
8.521639108898995,6.197584362960323,3.680352925618301,4,1
7.574203996120854,6.476565358951462,0.8974283911093995,4,1
9.085172056437575,6.226225572556139,0.1748162478098927,4,1
5.9671726566885805,6.783563908328521,0.5853589033243873,4,1
7.293734704144919,6.416108393589985,3.8675520831259,4,1
6.641716784614624,6.62246865195005,1.5712921212510547,4,1
6.90872929013292,6.600707598778861,0.8474092097635366,4,1
9.946281838236315,6.003267314972985,1.8924790745653959,4,1
8.795098305573504,6.222312228221079,1.692030765174357,4,1
8.270618220269878,6.246894756588343,3.5956227170610546,4,1
8.893957030080806,6.183884343769707,2.2295531156353445,4,1
7.0459766003468305,6.5679850336451855,1.046556006096906,4,1
9.83135577464915,6.04395572930244,1.3732907513642651,4,1
9.581825326853247,6.067550133328212,1.9633641235330022,4,1
6.962360078329308,6.4720287205276,3.9990400943335134,4,1
7.682598115707098,6.44371984058462,1.2404270736559357,4,1
6.621848564543205,6.661303885084015,0.6380744992111032,4,1
8.905729258620227,6.135295591127917,3.460912354750687,4,1
8.81835095802476,6.190082329234468,2.433563845633676,4,1
9.575281403717833,6.010584333698724,3.506155772503482,4,1
9.78693438797236,5.981146375903484,3.255633843926056,4,1
8.469618646554048,6.316184121661279,0.7882043073894243,4,1
9.457387839326532,6.03519616733619,3.427826587245959,4,1
8.439857230193418,6.200791938683219,3.9937707735625123,4,1
6.015413142379807,6.7134999972842255,2.2086082321086464,4,1
7.295026257677037,6.47033492318522,2.423007003374508,4,1
9.253770571133197,6.0583899024383685,3.804809180640242,4,1
7.185768131687125,6.505247123936104,2.0294036234775925,4,1
8.594567487106557,0.1592425760978871,3.1511065328031966,5,1
8.55464194416456,0.19421988194256945,3.055077381409292,5,1
9.564499209990137,0.42299207685934537,2.4765800148775696,5,1
9.719441709161984,0.027999184688555556,3.54947504743511,5,1
9.010078637063263,0.4598735584097775,2.3553339550189842,5,1
9.456124386079114,0.2853579864428636,2.8440921791041163,5,1
9.690997756882751,0.004312987920185862,3.612340112904643,5,1
9.175502979622687,0.2513885049563438,2.924892605837405,5,1
9.107049743983362,0.5888876513167547,2.0106588999881687,5,1
9.367574072878096,0.29056707939543225,2.8265678295733463,5,1
8.758451912740576,0.452338036261974,2.3658692787702353,5,1
8.481294993360486,0.052558832108928616,3.4348327660389364,5,1
8.940409159140899,0.38048688010353815,2.567033859837866,5,1
9.20553559204768,0.16617219081331253,3.1562280101331264,5,1
8.34425765870757,0.24296833763749418,2.915202540746334,5,1
9.495336803240486,0.15769013420099132,3.190444547507244,5,1
9.285433082593098,0.19398480605070567,3.084225304069042,5,1
9.342519461620284,0.25275159979483913,2.9277273949218627,5,1
9.31863369456279,0.4308917373946116,2.4456507130520766,5,1
9.57050674679149,0.5865021148831087,2.035184600793673,5,1
9.347398170528809,0.0807683658770085,3.392433095684355,5,1
9.218977225343858,0.07890565789086212,3.392453595988111,5,1
9.20102607201487,0.216983634098551,3.0188137132566277,5,1
9.01819781058337,0.46018616721946637,2.3548064019678367,5,1
9.994498523738802,0.23371716945717183,3.004576151041859,5,1
9.358756911293884,0.27208560766138146,2.876141047639256,5,1
9.120739890208748,0.3401944582036257,2.682896923969352,5,1
8.775469120835027,0.22773270383322164,2.973177393484855,5,1
9.828354166675588,0.34087185156308086,2.708676044723374,5,1
9.405408627900606,0.41752367277786273,2.4851426365806706,5,1
9.040285101013437,0.1500332295985108,3.1933707627255052,5,1
9.851755544323863,0.5660939497497085,2.101279082946726,5,1
8.963408513292412,0.1979693325490969,3.060899051899842,5,1
9.23980951716598,0.12631576039828285,3.2652148475656664,5,1
9.539420099807169,0.5976311256179923,2.0039129824012574,5,1
9.324122285351462,0.5605854263802873,2.0955707755948785,5,1
9.223672040034746,0.1149388621989576,3.2953134680387293,5,1
8.9110191963269,0.317640012356021,2.735632399727457,5,1
8.691742769317907,0.4963258416753106,2.2444583579701187,5,1
9.929991349484066,0.16676099069936118,3.1829035136230743,5,1
9.609120508528719,0.510158024254515,2.2428915230785447,5,1
9.658097103814443,0.5796784928401499,2.0570322324655432,5,1
8.94172274761159,0.10728243539181734,3.3049922632487854,5,1
8.829032976962127,0.11909391938674752,3.2686934518287862,5,1
9.650215889828146,0.36297159591297584,2.642035742617442,5,1
9.174327612758036,0.6038208405770897,1.972950297453241,5,1
9.655211562065452,0.0044035747651073875,3.6106991875530015,5,1
9.914926813464964,0.220815735162253,3.0363174535654203,5,1
9.411121483275677,0.6106480706791957,1.9637492959319034,5,1
9.5255283039726,0.16514989386656825,3.1714741998277196,5,1
9.137716197884453,0.4744303399266603,2.3209970359337007,5,1
9.619434765571997,0.5252053698741885,2.2026520643188565,5,1
8.965845986745572,0.026494263992705852,3.5241369828513767,5,1
9.875186041052071,0.3912848486037522,2.5743410923636643,5,1
8.785699913272877,0.014547672108175674,3.549375247677102,5,1
8.85261918172931,0.4538550498812439,2.3654460135307662,5,1
9.783380362096409,0.12029391483948727,3.3026877501508483,5,1
9.195400291096528,0.5444791889024055,2.1340503619174003,5,1
9.802009896433608,0.37626837668571905,2.6120445050820464,5,1
9.683874782439677,0.36469928055007433,2.6386826367126073,5,1
9.946960568142764,0.445338636497958,2.431145782431084,5,1
8.392490223520083,0.1533967985806055,3.159011220316248,5,1
9.392588006350595,0.46613277561585104,2.3533524446524092,5,1
9.608746467506354,0.02327093374417319,3.557926786903886,5,1
9.893317137091106,0.5578687253260234,2.125116463348113,5,1
9.357705976387097,0.49228439565603704,2.281357668225147,5,1
8.935760901094252,0.04047427779770407,3.48520407109807,5,1
8.67885188161757,0.3334704090049244,2.683817161183206,5,1
9.374667782189995,0.5916214147215759,2.0137167362729635,5,1
9.01907465395281,0.13152645343284014,3.2425287823119615,5,1
9.256225478173143,0.027231924048498973,3.5334742372886585,5,1
9.221866340340007,0.46390893758775376,2.3526979022977343,5,1
9.33969120026821,0.6220866340807336,1.9300675240331382,5,1
8.595315632088921,0.42470778076212823,2.434131747211526,5,1
9.405740640826322,0.18294574997117333,3.1187350590353082,5,1
9.9220321185479,0.5179676240631854,2.2340070626110005,5,1
9.720568066764756,0.16830343907265768,3.170566474407088,5,1
8.907761260970696,0.21636571223190668,3.0090404784714258,5,1
9.546987109263005,0.16917492699396475,3.1614401013223015,5,1
8.789380504841183,0.07424934978415754,3.388268565634279,5,1
9.139067366684142,0.5014776293268318,2.247996812603012,5,1
8.621878045273323,0.47729742130541536,2.2931269787741293,5,1
8.44602645457772,0.34200367039074664,2.65168532546794,5,1
8.969538183876853,0.0578320681986918,3.439639701556914,5,1
9.580564625099802,0.5815465777430099,2.048961603533134,5,1
9.161169326122724,0.11685965646693153,3.2876868851763605,5,1
9.690042093316608,0.390229712698203,2.5699672541572594,5,1
8.84859943093073,0.4902150231836134,2.2670832912539045,5,1
9.60787683831846,0.3422676053511127,2.696303926419705,5,1
8.367318562998411,0.30394607058195355,2.7514054719915375,5,1
8.551992201851267,0.08009290656562143,3.3632234163329358,5,1
8.956108893513488,0.27091158255089226,2.8636020482464133,5,1
8.51177345292372,0.13940281979876823,3.2014620603921693,5,1
9.731984779477653,0.11232651229976688,3.322201896138851,5,1
9.088837528268643,0.11696069053654247,3.2845918567517334,5,1
8.614189077727808,0.1839076947791687,3.0852532452257897,5,1
8.760423918408454,0.40036780495566815,2.5063143802911494,5,1
8.8604449830489,0.39850015112335657,2.515261273482271,5,1
8.721623550950387,0.2111762122891434,3.0157945110851663,5,1
8.665768184855054,0.046638057502295244,3.4580219069262847,5,1
9.735564756391364,0.2796532759342365,2.870403043217015,5,1
9.680183530568112,0.40688622475533276,2.5245944679941483,5,1
9.196890513293019,0.13359855029743123,3.2438699589486464,5,1
8.799091392110435,0.007403563444355221,3.569193503296094,5,1
9.696213964527912,0.41610281933394844,2.500326508383841,5,1
8.732552660017394,0.16491320098450263,3.141174264394409,5,1
9.860979963761894,0.5584388545380048,2.122314894903154,5,1
8.783908934844572,0.34167857354522285,2.6657464220064413,5,1
9.569328017704665,0.16039195296008238,3.186034000478852,5,1
8.867184035002305,0.03657153153204415,3.493069493522235,5,1
8.73627993154065,0.3410851244478009,2.6654909662064576,5,1
9.861484648683346,0.38705059925155433,2.585242938078701,5,1
8.532556720330817,0.10398179742895858,3.2979427939596295,5,1
9.820525607623951,0.16374444936043972,3.1867800094814784,5,1
8.842208986723483,0.2829622830076604,2.82660991355184,5,1
8.785967828809385,0.15905579997027441,3.159078796674193,5,1
8.451666052364478,0.22659095474727753,2.963627481899628,5,1
9.249286054526827,0.419063552575738,2.474892148298106,5,1
9.387076037643212,0.5489270158812223,2.129515614421041,5,1
9.15697146239075,0.39013068446999877,2.549436110031186,5,1
8.744818520087945,0.21635261368708378,3.0027183822046806,5,1
8.738093210598123,0.33468272989434844,2.68285415883591,5,1
9.234420580944954,0.5050870844563893,2.2419682726870804,5,1
9.063364481814837,0.2443087949684139,2.9396391698237743,5,1
9.239758215338762,0.4191240771290833,2.474356931423264,5,1
9.269144649829013,0.6077438516981644,1.9660539437039661,5,1
9.58836322982758,0.17736334975844414,3.140938068795384,5,1
8.541599629904157,0.42062667372422485,2.4430587309358556,5,1
9.480315478420716,0.38330504998898257,2.5804874874672707,5,1
9.934078724271247,0.16843011913740744,3.178554783547077,5,1
9.286335535623415,0.2942398625886601,2.8134782319464064,5,1
9.11789034084934,0.5662241060665111,2.0722946015064556,5,1
8.391082757439321,0.23200669168956184,2.9466361790582605,5,1
8.918514086000151,0.4973908480648671,2.2504296957768926,5,1
8.343321615854954,0.24575050183092653,2.9076515778813588,5,1
9.454236214191415,0.31272237677422554,2.770109098996464,5,1
9.280627733837614,0.45857607716907056,2.369394276694546,5,1
9.815323539865085,0.2899910428712546,2.8455933357817296,5,1
8.685716882204515,0.3197685339520339,2.7210928693729075,5,1
9.386811163892116,0.44410410200277384,2.4126250435600207,5,1
8.730799151421023,0.14301123004831437,3.2002616246221054,5,1
9.433644648749818,0.20380263148879305,3.0634907202926716,5,1
9.379723066942924,0.3978616202874722,2.537246377372243,5,1
8.881602072767732,0.4555572458639747,2.3619793090329715,5,1
8.728692799809892,0.04665607530633384,3.460428347651705,5,1
9.788270014116682,0.382831665165585,2.593781412873688,5,1
9.099376086833034,0.2650323313700492,2.885071318441337,5,1
8.728146297983244,0.1856813700861955,3.084908890683986,5,1
9.207378460694018,0.29379022431441787,2.8116120372332505,5,1
8.753317380979993,0.16823182196157327,3.1330210576042035,5,1
9.229163094565866,0.19883449544959766,3.0689311488823163,5,1
9.483089832713729,0.6183176363132561,1.9458422675156146,5,1
9.786648128350558,0.037743055575255896,3.525779663192548,5,1
8.53081715837946,0.31706323089297245,2.722356050915297,5,1
9.22486523176925,0.3864672424783284,2.5619798099881614,5,1
9.679592487109103,0.14161941966094962,3.2410395190280323,5,1
8.689175288816715,0.03649037414683631,3.4863433951221228,5,1
9.47299990747003,0.5159220598560174,2.222012278405485,5,1
8.563797194838397,0.0482241521697761,3.4497594069414896,5,1
8.723837584349072,0.29485569076965257,2.7898681533996563,5,1
9.729087165818637,0.09713316950117101,3.363125055968151,5,1
9.952986734973804,0.07599038517543658,3.4289661231167368,5,1
8.673993328891738,0.24347049563553286,2.926711415646324,5,1
9.155948536219013,0.4643314098208264,2.3489849429736083,5,1
9.812266041074693,0.2019355128786341,3.0833062102625792,5,1
9.408774522001785,0.2510611226526348,2.934878310313398,5,1
9.624411459078388,0.36362101658370594,2.639274898699495,5,1
9.003536205065991,0.35072045169282084,2.649894019784734,5,1
9.510484353316228,0.24321262720515588,2.9600449514521445,5,1
9.830141743407081,0.2591869891644555,2.92937120546852,5,1
8.717655403741418,0.10998204448883453,3.2889584476536387,5,1
8.7807230553969,0.2527229282795906,2.9058854393804903,5,1
8.817939735079555,0.5021387211293347,2.2336819334074725,5,1
9.155154683032356,0.48848329005256574,2.2837213369742164,5,1
9.682492440380647,0.5705271355133974,2.0827012673891243,5,1
8.508195536311769,0.22130601633478175,2.980107340563565,5,1
9.0154974997443,0.40864601513253396,2.4939075899518652,5,1
9.326438474993415,0.36691274123143947,2.6187582700450958,5,1
9.9246585905072,0.5531079525608396,2.13919783348688,5,1
9.662432829844365,0.2821550469790803,2.8607925645495627,5,1
9.078383503143241,0.20932897559462726,3.034703341870413,5,1
9.834460866979324,0.014316442435106796,3.590918888565145,5,1
8.527929253280252,0.4244142817605481,2.432295280063697,5,1
9.648320258434907,0.4398728664576126,2.4342565314395497,5,1
8.748237128275244,0.1917737911079826,3.0692375403331518,5,1
9.389977776462926,0.612076045510425,1.9590674743562497,5,1
9.507789872437215,0.02955755288754855,3.537008059183038,5,1
8.930526059333621,0.025155688813168958,3.5263743218647425,5,1
8.925227004950466,0.49826580526269537,2.2483284095932974,5,1
8.909073384819138,0.06659009301054442,3.4136257233483986,5,1
9.643472224785734,0.5354672383050274,2.175873296146529,5,1
8.364514183239915,0.1411202948479785,3.191077715199879,5,1
9.230568725957523,0.35135830882782937,2.6570292508064144,5,1
8.909838256333373,0.4248608054203781,2.4459900465991824,5,1
9.345408097259787,0.4541911080824762,2.383765299087065,5,1
8.489659271443951,0.24249896347046657,2.9221433684409153,5,1
9.39099696443905,0.547834783468932,2.132618643291627,5,1
3.0356943117784567,6.44149507046515,5.4055588738247184,6,1
3.4524441520526348,6.917512660286417,4.5187240864145695,6,1
2.0447468798710213,6.581181402380837,5.106013227547154,6,1
3.048557665487584,6.710794462245177,4.895975891738261,6,1
2.4104178580831666,7.015744145049444,4.295888002236558,6,1
2.9658865633715346,6.3491717851734935,5.5779489838826715,6,1
2.4276611779089006,6.782035861955856,4.7391265191811325,6,1
2.754991595831042,6.8178888805370415,4.6827802695895535,6,1
2.5359089342333845,6.826000177003064,4.659682669496869,6,1
3.031579160441809,6.511217017120168,5.273364325139903,6,1
2.3485818483722882,6.502445666419077,5.265861749038449,6,1
2.8210552092194248,6.440202818650971,5.400427930666978,6,1
2.5854232037850133,6.850531513303104,4.614969996260698,6,1
2.7413187823290843,6.818980593108441,4.680229876156537,6,1
2.8645562502040938,6.774218140233557,4.769358539767742,6,1
3.4963153062326686,6.682659786511882,4.965070555521066,6,1
2.4179537659848864,6.909117587809192,4.498098484279127,6,1
2.9421718470097438,6.525700349975223,5.2427769896293555,6,1
2.3664543772244078,6.884594460618252,4.542725520149724,6,1
2.4737373479099176,6.6619580182742615,4.968173708166472,6,1
3.262874056751741,6.490327712841388,5.321093902692579,6,1
2.9409763355643066,6.942978444663544,4.452434691887063,6,1
2.23960069477157,6.629839178343189,5.020738092036213,6,1
2.8288187792701875,6.935240416163956,4.463130046962346,6,1
3.5219724076421617,6.696140108355,4.940445512149884,6,1
3.5054607609097754,6.557081664047076,5.203231012972838,6,1
2.3042289093774224,6.767042282228171,4.763165377077536,6,1
2.702556674607251,7.038275314698287,4.263530017351614,6,1
2.462588494965716,6.567184113329517,5.147276252120518,6,1
3.06887848008444,6.5914680400923755,5.1226905728731555,6,1
2.6497696890372984,6.6117697997575355,5.0694425120507525,6,1
3.1767921935304075,6.460237080292624,5.375044440946705,6,1
3.2202207671502516,6.41633878380193,5.459718582750578,6,1
3.068946942174404,6.89938620444077,4.539514157566172,6,1
2.272822500889862,6.738984145697625,4.815196946965349,6,1
2.817259169334872,6.984554558441222,4.369323829496874,6,1
3.189588450827568,6.790315271529116,4.750347630329197,6,1
3.439326477521935,6.9337290366384305,4.487548072936755,6,1
3.445548542053986,6.666336937004695,4.9941926165865285,6,1
3.2406578322426123,6.456228770675818,5.384890885326562,6,1
3.323023711678746,6.560115755124804,5.191043208939007,6,1
3.137278724375495,6.975371268109211,4.398015562292165,6,1
2.732156207838722,7.03512366630546,4.270544141939049,6,1
2.717121078493008,7.088705123760475,4.168533169094605,6,1
2.144355016239535,6.844412767874656,4.610985479355653,6,1
3.148058232859152,6.452235794068001,5.38918387766322,6,1
2.1266636793414238,6.600027290271684,5.073212513695093,6,1
2.3537970857005637,6.571326102065002,5.135590406188025,6,1
3.2844922313975133,6.430478578757699,5.435207916744413,6,1
2.542372165874478,6.830958602513489,4.650519905389912,6,1
3.244492871640686,6.5180336472777745,5.267971502287407,6,1
3.5966269914942925,6.71234863344549,4.912383396393849,6,1
2.5465870347628594,6.7201358677406295,4.860560442135113,6,1
2.6121864177734055,6.567743551438387,5.1514986531551115,6,1
2.970630522872459,6.475425400009318,5.33899958563882,6,1
3.032891427155138,7.070785926481034,4.213620164844427,6,1
2.473199996166057,6.886872161455166,4.542180620919214,6,1
3.334080394594127,6.80522586030673,4.727209519009493,6,1
3.064305046926316,6.685689786354723,4.9440786686720966,6,1
2.031522390743215,6.796209418518504,4.698295929136661,6,1
2.10006327132679,6.733071898392512,4.820294680488437,6,1
3.390416958794639,6.861859559082193,4.6219377445146925,6,1
3.317626623289805,6.521763520412042,5.263489520014597,6,1
2.3863644325939526,6.941508752010433,4.435636187150007,6,1
2.9447626903718302,7.061273760017695,4.228524032505069,6,1
2.332927791629502,6.830632239888868,4.643743038501469,6,1
2.1031360421331815,6.860832707124885,4.578431740282447,6,1
2.5140532476271713,6.586612269093476,5.112297568552746,6,1
2.446817510278569,6.714491480217105,4.867727956437633,6,1
2.6684626312240005,7.061320458445947,4.218680096136623,6,1
3.156258354561149,6.892629031949795,4.555394600041792,6,1
3.10429717484512,6.8815791487708715,4.57448780210012,6,1
2.566383394649228,6.632670929668415,5.026912835380053,6,1
2.7071839471555648,6.373384382289581,5.522957584964529,6,1
3.392662024969328,6.951586259119271,4.452079937459778,6,1
2.193421984771371,6.58763299772585,5.099043647995332,6,1
2.933156865004575,6.37969236664929,5.5189891964977065,6,1
3.542846722273259,6.82651291232615,4.694264136909794,6,1
2.861720373728916,6.646589479805454,5.010979563054298,6,1
2.9965464104700072,6.9919494111690375,4.361648617223316,6,1
3.030521588189143,6.39613771540876,5.491280391230803,6,1
2.2269062681744085,6.4885953602135515,5.2877973388013775,6,1
2.3684269629642443,6.483763921858354,5.301944554189101,6,1
3.197011112136769,6.882267959405798,4.576456742129333,6,1
3.300547445182699,6.493270717865155,5.316850181823666,6,1
2.2633276926283292,6.90232279313864,4.505507948679756,6,1
2.560574266713141,6.818762141612412,4.674261955121639,6,1
3.076951207478377,6.5738763610433555,5.156293203518718,6,1
2.729940410651746,6.970334132735924,4.393173460703724,6,1
3.299656686698852,6.442714698577089,5.412568848419482,6,1
2.9115627566551003,6.940945000723441,4.45524739179877,6,1
3.312850939875994,6.613419207582886,5.089730439334277,6,1
2.592568947473484,7.001019442339286,4.330207038264758,6,1
3.2559482407577516,6.483853322359555,5.333111482252045,6,1
3.245980760361954,6.7670709867219685,4.796362011248037,6,1
2.594326868127397,6.711306566457915,4.878968196731563,6,1
2.8830816694637424,6.364395193410209,5.546193104867821,6,1
2.752790836338045,6.806376609658283,4.704506127738127,6,1
3.5362147085220395,6.887575474040325,4.578381087924547,6,1
2.48405232158942,6.8583982970738555,4.59649160934794,6,1
2.39173311764486,6.65099660543339,4.986038604577562,6,1
3.2787902825645814,6.7971000393155485,4.740647183223201,6,1
2.9037775187110704,6.805652970701117,4.711207634788292,6,1
2.2213849476368948,6.540576175131579,5.189153798232877,6,1
2.2483875648820115,6.551018958996364,5.170329179479287,6,1
2.7431423930870866,6.567042613778188,5.1574499290717695,6,1
2.7113426055207217,6.857933762023494,4.605396486023007,6,1
2.166124987405422,6.61758371082489,5.0413549733275165,6,1
2.6337501848898848,6.3570577673968645,5.55128646011903,6,1
2.4990017288455153,6.547905461601214,5.185074544770648,6,1
2.7845556245172296,6.377102966657894,5.518646613939259,6,1
3.353553743253957,6.845870225695743,4.650919046679424,6,1
2.6734861741888802,6.624836129642702,5.045533026512687,6,1
2.8575077534399,6.767963414952024,4.78095575483692,6,1
2.2430063660266866,6.914251765132209,4.482197682375803,6,1
2.084813623843506,6.784830867820783,4.721727818297899,6,1
3.231364256579769,6.9218118052834985,4.50277595870581,6,1
3.1900027045752597,6.9545170685975135,4.439373742794894,6,1
3.275296161557664,6.87712878892746,4.5889540850499495,6,1
2.7856113724917795,6.894209233848964,4.539315135064535,6,1
2.6916490574995255,6.417715490226016,5.4384485828928195,6,1
2.627627920441927,6.933777551115432,4.458797060428842,6,1
2.4859391502724266,6.668288872738499,4.956614259776705,6,1
3.213098566082002,6.580327405370507,5.148882342891974,6,1
3.0343015454903717,6.999449036240267,4.348777813153824,6,1
2.7609764825198635,6.780429470671541,4.753937493328394,6,1
2.128403193575163,6.515726444908744,5.232934758161463,6,1
3.347183456939168,6.749213329416931,4.833756584826781,6,1
2.4299092382139555,6.516294397304672,5.242504545024099,6,1
3.187077877270893,6.926218522945698,4.492866249681551,6,1
3.1777322531240624,6.667826845464091,4.98191486716076,6,1
3.3461013941094926,6.631204809821575,5.057219552028586,6,1
2.4696050232199656,6.886745877101058,4.542292866162534,6,1
2.384997957540769,6.796070550787162,4.711039310772926,6,1
2.4880976477906342,6.453736270745199,5.3630404382340275,6,1
2.2018553634970712,6.611521454433683,5.054098083059068,6,1
3.358499642656548,6.662485569770247,4.998413391028128,6,1
3.3844482472718953,6.492231072793546,5.321781544299074,6,1
3.1812442978655895,6.504744191923504,5.290907791077084,6,1
2.0917252728541307,6.751828225303261,4.784476909435009,6,1
2.234368625878891,6.64911824052976,4.98403995414079,6,1
3.073214230339671,6.949052657885104,4.445599493347146,6,1
3.2205254646700507,6.443042654745691,5.409153785159169,6,1
2.285819305053394,6.845386374893014,4.61413628981104,6,1
2.646644123130403,6.355326369960887,5.555020878719625,6,1
2.6543391949230752,7.033114390958844,4.2716020588161046,6,1
3.3172307494326696,6.4563272810296155,5.387407918552906,6,1
2.1687576837787663,6.6232991460451505,5.030623230490836,6,1
2.147541005604842,6.675597820179591,4.930823517895639,6,1
2.305402841749188,6.714810330991242,4.8621310591664475,6,1
3.5448259346006483,6.775098739499504,4.791709427451556,6,1
2.321019579826513,6.433722070090778,5.3950470274103015,6,1
2.512276599800865,6.879944099863248,4.556681661876013,6,1
2.58947107013293,6.6414428411061115,5.0111145232001,6,1
2.829577684587586,6.6623778824219055,4.979942378947456,6,1
2.574427970591283,6.820675895062355,4.671126560072787,6,1
3.179394898629171,6.87884632642982,4.582315126828622,6,1
2.5315412926264678,6.664694625794877,4.965031653642034,6,1
2.3984599135357647,6.774669749336247,4.7520464751996006,6,1
2.868759352636221,7.0200134448073035,4.303985139138293,6,1
2.718614150986291,6.592021521085318,5.109275319286462,6,1
3.235606104652397,6.528200080083752,5.248403108065309,6,1
2.7980754277113227,6.3617821481581345,5.548140691891666,6,1
2.9063880651249,6.570667215798488,5.156348959825425,6,1
2.735026403594508,6.70706971018887,4.891960315569447,6,1
3.1762039935047945,6.458098969512762,5.37907312865854,6,1
2.961443557438603,6.699724808723284,4.913865372084755,6,1
2.130067804121566,6.7034573212790685,4.877442330016613,6,1
2.5402637731681867,6.43956303998752,5.391725561655561,6,1
2.9510283724203568,6.7906602135510425,4.741271346383604,6,1
2.453868792056837,6.44065242308246,5.386611934820837,6,1
2.696036280633027,6.395506078905275,5.480666799646689,6,1
2.966835622334166,6.455201251992675,5.377168939688641,6,1
3.6324625492904996,6.733196671104825,4.874163710926264,6,1
3.1142805078688385,6.6296994011339025,5.05188566784431,6,1
3.3238253576393233,6.976051171287052,4.403314379928753,6,1
2.159847556630269,6.677477256475498,4.927698491255497,6,1
2.6558806830597255,6.662392811673076,4.973781279366431,6,1
3.500760150663015,6.852219741248213,4.644090944045475,6,1
3.2794861247406577,6.538635601034403,5.23018814545144,6,1
3.2260803179719115,6.712358593062389,4.899281419290914,6,1
2.6335923219645574,7.075359289650969,4.190860191314695,6,1
3.158513223703585,6.983102858870085,4.384122124878486,6,1
3.308806109607682,6.649993153647099,5.02031873052087,6,1
2.1811083022085302,6.875048659085469,4.554260579638584,6,1
2.6372914999055586,6.9862296091833285,4.3597971555368575,6,1
3.331331122832425,6.93543674580922,4.480500715626611,6,1
3.45981556556276,6.525372692421443,5.261674311681143,6,1
3.4426227267705465,6.951225288372184,4.454527587288385,6,1
2.6649343498132683,6.592629588780238,5.106228369942779,6,1
3.0518678680745865,6.992303345620913,4.362931554220831,6,1
2.683691100670672,6.945500912047475,4.438573163047332,6,1
2.763986916274428,6.459129458592561,5.362567046979785,6,1
2.8663055345652655,6.642439426437328,5.019001410262598,6,1
2.793151729963246,6.855790972575082,4.612343286729596,6,1
2.7959933914543478,7.065422794708544,4.215413318564079,6,1
2.59520186995294,7.0357278739359455,4.264564279196902,6,1
2.4917311472499466,6.683891502688225,4.927268300907191,6,1
2.2013559557077453,6.565246842519995,5.1417218343946685,6,1
2.737410766198875,6.4495877443787695,5.379700150520686,6,1
3.4249245839072486,6.95097585704886,4.454375116525152,6,1
2.4633748219875216,6.54007823862277,5.198640942575565,6,1
2.9569014943289185,6.9217036623563715,4.493290153273153,6,1
2.8197278264439296,6.780134432644662,4.756570646962124,6,1
3.21504139152427,6.758480426788429,4.811539629923236,6,1
2.888901629236042,6.727469332357887,4.858757600097373,6,1
2.3299269029854646,6.84443613116621,4.617493328832086,6,1
2.4397293105343087,6.825183208679218,4.657834087494109,6,1
2.947142031210052,6.958682721894291,4.422909413469215,6,1
3.1536927121163094,6.706175164061464,4.9084366362050895,6,1
3.3138571415031652,6.573460384586653,5.165445618621735,6,1
2.453430193524066,6.456893175697517,5.355837421898272,6,1
2.991663304561173,6.9322786169449255,4.474489169460003,6,1
2.5363638554908867,6.856639285269425,4.60167006868084,6,1
2.229205723088771,6.547087579491445,5.177097715444297,6,1
3.535581241704877,6.800265276430344,4.743719083691579,6,1
2.6940401940444354,6.946305761165447,4.437414227974975,6,1
2.867722870789679,7.039362205590843,4.267303132327479,6,1
3.5786272800071615,6.8388806561071664,4.672103685691955,6,1
2.186596048461606,6.802154540806879,4.692511497217518,6,1
3.358925177666197,6.488931581569558,5.327129427605979,6,1
2.199686671932149,6.956061880226496,4.401482277184706,6,1
2.9575020970274695,6.45895257167408,5.369734617193996,6,1
2.5427477054846364,6.3594746634701185,5.543495922329706,6,1
2.516561991841777,6.6519320254365955,4.988674382401012,6,1
2.2647625007329983,6.833311303141819,4.636262297889188,6,1
2.594494311895617,6.9579504996093,4.4118450542282766,6,1
2.9817293057247913,6.46367696675822,5.361642296321618,6,1
2.785294606072073,6.777493846084841,4.76035600766818,6,1
3.6094242098813747,6.806722130967385,4.734097400299703,6,1
2.609625378657986,6.618267229400335,5.055719364429376,6,1
3.0881081368310883,6.716960070992959,4.885695024881896,6,1
2.7116499465384525,6.379600650270824,5.511342023965026,6,1
2.102394132116908,6.813759788179668,4.667558875854486,6,1
3.14737932816226,6.5399936512482215,5.222951704397202,6,1
3.2316522025654666,6.504657344565251,5.292852057045297,6,1
2.0867727697500658,6.689090000861221,4.903124543242062,6,1
2.2937964965531408,6.986525981585539,4.347107859102477,6,1
2.9212136969300135,6.859101483404616,4.610594935436009,6,1
2.7322067475733465,6.396570753273359,5.479927461643752,6,1
3.1121894585635896,6.952251913346266,4.44091641411179,6,1
2.7642782373620607,7.083842607187904,4.179407494697547,6,1
2.3797255163567548,6.523473161024116,5.227136523331369,6,1
2.6621157690385706,6.647199283122602,5.0027770717761495,6,1
3.620786176747985,6.716161609533742,4.90601484757079,6,1
3.458686246749988,6.945769851465852,4.4654270272124075,6,1
2.6426498455194727,6.627129076441747,5.0401015637904445,6,1
2.5829863331639715,6.590379369916983,5.107596763789494,6,1
2.5686276352599458,6.719286132765132,4.8629479907671564,6,1
2.3428520651185742,6.562408269738392,5.1520938119373865,6,1
2.6661249908478917,6.6018361343545475,5.088833754596647,6,1
3.5426669314163814,6.632531469252208,5.06164719495695,6,1
2.4094979038537976,6.842257559599586,4.624428875984401,6,1
2.534701424772102,6.994801805672527,4.339939711784837,6,1
2.7986472861715184,7.006677506659648,4.326767130132865,6,1
3.527311121733763,6.894300968064604,4.565329034832969,6,1
2.9781711177611636,6.377338488637759,5.5250366478303246,6,1
2.475620302504931,7.010584310565964,4.307962566163477,6,1
2.7186941172172796,6.705472882648147,4.894407958846104,6,1
2.546966670870826,6.503497765296671,5.270873628048042,6,1
2.4934985345704037,6.985368560468634,4.356350946314625,6,1
2.3301704788656057,6.59981311831228,5.0808034796675186,6,1
2.55329454637607,6.73421488090366,4.834132448174225,6,1
2.8883989503824323,6.885646200780785,4.55916219718648,6,1
2.81584093751081,7.0268713299293015,4.289128287114246,6,1
2.87754589773433,6.672460322707178,4.96254047456812,6,1
2.257899738355713,6.623816523822649,5.032790739625057,6,1
2.3896572272598213,6.845842456963089,4.616938765231575,6,1
3.0301419514946413,6.794446562663684,4.736893535302485,6,1
3.38232102375699,6.938109135076359,4.477239699143842,6,1
2.4042386451088795,6.952883765251877,4.414723678895507,6,1
2.3259098436361816,6.4274387568240945,5.407119915433546,6,1
3.3078784265225516,6.951897607546466,4.448496756429217,6,1
2.497657270233937,6.394729759108785,5.475132816542935,6,1
3.5057964536692356,6.806906989575854,4.73008844151404,6,1
2.439887979462692,6.5984101420362675,5.087334495698642,6,1
2.4128117307058514,6.946845117823027,4.426463215862984,6,1
3.506733733547984,6.813562522858409,4.717516347334576,6,1
3.230449426497497,6.478754664928628,5.341867736581321,6,1
2.675212516217786,6.836612710016087,4.644501633551538,6,1
3.4854201543689363,6.640782803484679,5.043998408470684,6,1
3.618059057127049,6.786154526131477,4.773356105875111,6,1
2.911365739880523,6.459359701456446,5.367334573312408,6,1
3.497012636119318,6.704735920973335,4.923284280644145,6,1
2.4683339188209965,6.749659018056921,4.801882407833078,6,1
2.439180381375447,6.615610700539338,5.054732669334847,6,1
2.2647421958822154,6.478131437501147,5.308951286772782,6,1
2.910571814485804,6.919460044217494,4.495903643768923,6,1
2.8117793036980236,6.459789910597317,5.3630036244128405,6,1
2.9393312464984707,6.594782008108529,5.111840110952483,6,1
3.3156350850494394,6.5506284908758134,5.20875065288569,6,1
2.598392390428073,6.457110943858492,5.360543249290195,6,1
3.2160001011161343,6.960128191454574,4.429664512934245,6,1
3.1759069750454403,6.858486094247114,4.620753054878317,6,1
2.393707027463518,6.892332105245184,4.529033103543332,6,1
2.666436511086605,6.608217827591971,5.076758203231109,6,1
2.8938488683944508,7.074352699047443,4.201955648869394,6,1
2.583438483822853,6.484889665867867,5.3074040024997915,6,1
2.5229285627622597,6.676023902155868,4.943270577941466,6,1
2.2562825787961027,6.563697055521897,5.146596366817187,6,1
0.9890629729615826,0.08274369375177681,6.2381203614789,7,1
1.8593340755479664,0.19109910163195643,5.21383859403913,7,1
2.1496837695881093,0.24876537215528732,4.76487100862153,7,1
0.1436231931807065,0.15392484074044638,6.353760527493695,7,1
0.5979801813431114,0.21337148854051124,5.8046637481240655,7,1
1.7415600538010267,0.20132722354508342,5.228391674386306,7,1
1.0888662897755343,0.16986920145623327,5.748347795278635,7,1
2.955407927602672,0.20952590347194947,4.512129108875431,7,1
1.759547735718308,0.30876182523297346,4.682920101513818,7,1
0.568966977945004,0.001921751821470974,6.874690156656708,7,1
3.165603341483904,0.015061920443913246,5.364398532954961,7,1
0.22477474166566724,0.13112095248451466,6.422263302468272,7,1
0.5206946891205233,0.4695371245515482,4.570915452693846,7,1
2.06545852380372,0.40706561842526506,4.022753335021564,7,1
0.8836487023448215,0.402333651578469,4.7039111531843005,7,1
2.2528253815390924,0.36735819737731706,4.116405241473721,7,1
2.9713458051140034,0.19632942573967066,4.5690334256116945,7,1
0.4265154743847148,0.6865051671468546,3.5419311015548587,7,1
1.6050033544189128,0.13525565479245247,5.633679681437593,7,1
2.266618004405558,0.33822763446926424,4.253920012395001,7,1
0.22260648154419105,0.3155038429303298,5.504490055630384,7,1
1.5955804775033755,0.16526334698903433,5.48936184545766,7,1
0.055026582990774786,0.008522175422323489,7.12775575692038,7,1
1.5609438797774478,0.37876975080093367,4.444500357119711,7,1
1.408910527705931,0.4584787621867559,4.131817199985456,7,1
1.9654260753541424,0.18171345288017837,5.2015865757644475,7,1
1.4540844893488774,0.2630725122534975,5.080602895935826,7,1
2.0804081277354287,0.33074363675957874,4.394830311832807,7,1
2.1300837698969532,0.20366430510911465,5.0005641629065165,7,1
0.7928996856834363,0.06165234909077687,6.45238901043864,7,1
1.5849190138429505,0.29858852615992326,4.830790208260411,7,1
0.5450226541865335,0.4486689438194787,4.661387830212719,7,1
0.5440456880770068,0.6354249947876204,3.731123703125346,7,1
2.466972524031411,0.31392422005795834,4.263570573543975,7,1
1.883569781560923,0.2505086573287152,4.904251376650818,7,1
1.1284846576525722,0.05388903164045543,6.304358487973996,7,1
2.0916202277375167,0.08284451659537942,5.624141639164727,7,1
2.0320909572103254,0.08723217126549926,5.635396009862569,7,1
1.3708944304281743,0.05224521236121295,6.177671686155472,7,1
0.5719397187664974,0.45350217668266063,4.622321614001967,7,1
2.2779117050304882,0.3887608423438846,3.9957743409115953,7,1
2.6623089477281616,0.11292103304919897,5.156699657400798,7,1
1.4333488999107304,0.018955767936535473,6.308838628226561,7,1
0.710835020924609,0.2425320417738016,5.596531320617768,7,1
1.2487728347618443,0.10498896928155875,5.982742341034037,7,1
0.5081338963606495,0.20371521427565842,5.902782985200403,7,1
0.3847749915774098,0.30460095430750267,5.468598437727335,7,1
1.9606878021597267,0.47109560741591805,3.761918232138112,7,1
0.5493903858700687,0.29680422753178115,5.415863974257616,7,1
1.153489630019247,0.37240530081816037,4.7029337867049925,7,1
2.306567992846033,0.19903694283210266,4.925429362587767,7,1
0.34568349852346725,0.6073696353714024,3.9813250778915026,7,1
2.5372711546691065,0.0681443588593853,5.449442876149714,7,1
0.384530345056726,0.4221115253026129,4.883052082472522,7,1
1.293278168003185,0.45045089281218065,4.236168015717304,7,1
0.3072310230932971,0.11014904482501944,6.480909364252402,7,1
1.0603071359660716,0.0011307477187822157,6.60524497104608,7,1
0.5021476101133052,0.09326794667639847,6.456592214125451,7,1
1.0906528954103025,0.33784091104403546,4.910168706381098,7,1
1.14235965753413,0.25405029047713085,5.2990178738442815,7,1
1.8675507870489918,0.5343840891688325,3.498305727882098,7,1
0.1581831856071455,0.4177115887990493,5.030924034182315,7,1
0.3836152207299032,0.5558073304991762,4.217210233002477,7,1
2.705834668573692,0.20092263348931372,4.69387410812936,7,1
0.11482262751652683,0.16117151616965467,6.333667476817241,7,1
0.06648377791602522,0.6264538248876395,4.041557993557678,7,1
1.7152713635513526,0.13438978710454674,5.576640782098033,7,1
0.2875089712801461,0.6669357510103484,3.71681160479872,7,1
0.8997077419040245,0.5527169497292753,3.9454528176318093,7,1
0.2658618349638344,0.47979651770135767,4.661573869265044,7,1
1.4770601642110832,0.3444030896409417,4.662460576070013,7,1
1.1195357984783458,0.05251937737107175,6.31616421265432,7,1
0.38048328176530666,0.16486630479399778,6.167435536159539,7,1
2.225810908826635,0.2706617688551588,4.6133794800832115,7,1
0.2544532693677526,0.08284442827740476,6.6463640302977876,7,1
2.5125076436205296,0.1721562384045171,4.944817717348394,7,1
0.8146399326372059,0.6173816702837471,3.670491220607385,7,1
2.96943215899136,0.2357591565369345,4.373577137003981,7,1
0.5455931518502117,0.20907848203018767,5.855209228186927,7,1
0.08876969087610886,0.7083439810663308,3.6210104782372907,7,1
2.8621625780722777,0.19572319375110106,4.632805806532006,7,1
1.8859807921565381,0.06678264126725134,5.8186156375066345,7,1
1.2939324899342146,0.5078595950315403,3.9496741865842306,7,1
2.3309021308151197,0.2497070435002855,4.659345548702933,7,1
2.615261508770341,0.21292375197785915,4.684455536682753,7,1
0.2419786535250198,0.26953969352113305,5.722800295920246,7,1
1.5563488271463337,0.40707291997430356,4.305991746032031,7,1
1.0762648872989333,0.4965334624291537,4.127237466346643,7,1
0.08142098643018814,0.7071494181238045,3.6310531876769003,7,1
2.80934873726794,0.08108280884391786,5.233569300208643,7,1
0.9867413675523931,0.0280201462778477,6.5121588522960545,7,1
1.421409687864498,0.26909764137071657,5.068753805628442,7,1
3.0829103077667073,0.07200171422246585,5.126617260917891,7,1
1.1765083273120214,0.3562064917164226,4.770862119307488,7,1
0.198370969579878,0.12590764393770917,6.4629382454011655,7,1
1.8525122628965147,0.3889077402095637,4.231739592568535,7,1
1.6890123568717055,0.3124973866019318,4.703548491568315,7,1
2.319260911343534,0.418072729344372,3.8266742538617566,7,1
1.207921993920008,0.0024510448970372634,6.516529804710281,7,1
0.726292500606011,0.6161802530076388,3.7256367658581944,7,1
1.5761000708615045,0.26115116553036655,5.022288100493185,7,1
0.6974078476635291,0.4146415562133554,4.746194198357651,7,1
3.1975965986331323,0.1348181010767242,4.749722311979984,7,1
1.1937134615116267,0.40099647993281,4.538051940007176,7,1
2.889356629949231,0.1493946259065822,4.84858014994739,7,1
1.613467849307014,0.3075854965695234,4.770063640012173,7,1
4.5007534031738246,6.722877708534213,4.7157033770290795,8,1
4.766022894676075,6.631982949937751,4.836780741909224,8,1
4.142484317018681,6.4489819797920624,5.066582116088889,8,1
4.647566221193341,6.786009016215096,4.635602960966669,8,1
3.986078469836028,5.271071507279815,6.592267045993555,8,1
6.216225915062969,5.561052798252456,6.243112754636888,8,1
4.932946133298171,5.446208330069628,6.376565383820618,8,1
5.544145618169774,5.656420667929844,6.111326098022779,8,1
5.566043152749191,6.574464677085253,4.921025835298946,8,1
3.764409594410729,6.507333861148075,4.986346907217918,8,1
5.139801556658924,6.832773856245492,4.5808950490469975,8,1
5.074393926502996,5.677373813685608,6.078485281568316,8,1
4.502743565718096,6.908809527540612,4.474601893520789,8,1
5.174021139970871,6.623501524815969,4.852702538701824,8,1
4.10283804968313,6.05283264241429,5.579849643846139,8,1
5.341443127945053,5.317390381621684,6.548551499532188,8,1
5.778190229958358,6.286714375895421,5.296754171875933,8,1
4.275313464561509,6.7391643509589505,4.691862034010784,8,1
4.165064306202203,6.709752612313831,4.728674416112174,8,1
5.6715886650481195,6.778434827679571,4.657780797793763,8,1
4.725751043745028,6.862025514808739,4.537964372417883,8,1
3.7856451821428516,6.6701235930148295,4.77548942061864,8,1
5.627823748651796,5.862208708159777,5.845459693058292,8,1
5.3761682788640375,5.3605478925468235,6.493001697588309,8,1
3.9787459779424132,5.74983068048269,5.971300215996719,8,1
6.089417346481879,5.53916606905857,6.269966539479955,8,1
3.646152777170297,5.812067578652403,5.886575480443645,8,1
3.853194274973606,6.166721545220514,5.429140876572369,8,1
5.730471980023422,5.380002083824149,6.472047370801962,8,1
5.79903350898688,5.64195474602333,6.13316154326348,8,1
3.492114189454402,5.685766082934825,6.04851091048039,8,1
5.322483595647457,6.611890133926731,4.869552020949119,8,1
4.090606751072333,5.75912876940745,5.960591645453436,8,1
5.920686327289119,6.294560293582594,5.288298476131098,8,1
5.948453010031991,6.007353145268173,5.661097799072799,8,1
4.0062026939399935,6.374766195224461,5.161184488302339,8,1
4.126591128216133,5.3499541974480005,6.491663451071824,8,1
4.713019955115325,6.637732042536691,4.828685534282595,8,1
3.802940829024563,6.016346480164485,5.62354830222944,8,1
5.31315139372655,5.9334689426553675,5.749249275192363,8,1
5.75979537114218,5.360900369509496,6.49717320907012,8,1
3.8007241585248726,5.357155018885043,6.478393351999448,8,1
6.206303194690873,5.873569303599586,5.8377063118992965,8,1
3.475785142457691,6.170271109585268,5.419984028931088,8,1
4.515381644731729,5.526173384359021,6.267824692501925,8,1
3.505788082884845,5.694367125975545,6.037521637544531,8,1
4.47761542515286,5.913456080798726,5.765121845334838,8,1
4.808112202698467,6.963821476946967,4.406944101299874,8,1
6.394136944102581,6.118623623957748,5.522174151359253,8,1
5.301151937439761,6.9431613092151725,4.439685949446947,8,1
4.097251769467979,6.287884237339502,5.274955814559683,8,1
5.078777512837194,6.166869014439071,5.443736804227794,8,1
5.213926702073,5.191149487298036,6.71072833965639,8,1
5.369049906964031,5.804414885914809,5.917287339959831,8,1
3.7447697110199876,6.4273512592423225,5.089835302036321,8,1
5.122842371916532,5.44092593579564,6.385707028938408,8,1
5.234291763402959,5.701750493801876,6.0488016421574216,8,1
4.085945542592184,5.825142999812769,5.874924916595371,8,1
5.349186153245911,5.878807465970441,5.820571731591946,8,1
5.75429648867324,5.580144413170901,6.212780441501625,8,1
5.605092846416738,6.298876532680238,5.27889319874137,8,1
4.197201105475944,5.803296354277092,5.9045990620305595,8,1
5.0056237511470565,5.9888984038362985,5.673655183982391,8,1
4.875998243927567,5.177666358287947,6.724136674382213,8,1
5.328049358171672,6.831411994588855,4.584932466234912,8,1
4.161077850876063,5.466163700273239,6.341373368921686,8,1
3.9598116547033566,6.447250281654668,5.066623845241146,8,1
4.792675406325714,6.839206654822855,4.568364458779035,8,1
4.9483136236336795,5.071282906509049,6.862972463860909,8,1
5.636386461547473,6.772999427852011,4.664404961417842,8,1
4.690954939066912,5.313232628290325,6.546095066506424,8,1
3.564673795476542,6.439062763318349,5.072474317213849,8,1
3.6384285959014946,6.034370036546981,5.598189562242472,8,1
5.035278678353373,6.586019009823065,4.899637715541739,8,1
3.7157266964100764,6.344234880980431,5.197274278923565,8,1
6.222706100047652,5.976949403996025,5.703835838805973,8,1
4.024700910942917,5.2431276464342025,6.628972010165063,8,1
5.7665005831547695,5.564478541601491,6.23324395904807,8,1
5.628419322203309,5.535534430676358,6.269114092676361,8,1
4.872111497089625,5.891917711453361,5.797813617981087,8,1
5.763964824202373,6.498735499972274,5.021623151286072,8,1
4.878033114341078,5.512647217587264,6.28974162975245,8,1
3.586108768949271,6.24813037311822,5.320343420567577,8,1
5.339728165223433,5.142331286620659,6.775556022064514,8,1
3.47335052427766,5.802840266444829,5.896456979898689,8,1
5.281185853479288,6.195159109790976,5.409490963096851,8,1
3.7318695353578315,6.2279131691687555,5.348320745965629,8,1
5.741982784285587,6.61299440183337,4.873181384893667,8,1
5.064263789884878,5.532195731851195,6.266637109135481,8,1
3.8160729581173687,6.166977171169761,5.428361484141344,8,1
5.950091967655963,5.635778711220968,6.142993511202311,8,1
5.391145342233317,6.415361739800295,5.125248107178252,8,1
4.139453272918446,6.413472065520104,5.112596542492836,8,1
5.661296289690319,6.770963401707434,4.667345927377077,8,1
5.516263038421524,6.232615590019364,5.363751868034479,8,1
5.370127152603986,6.93271540503131,4.454064924701115,8,1
6.148813278863786,6.1679741291492345,5.455214065146398,8,1
5.263142571286019,6.94917570364812,4.431427589116285,8,1
3.8713214519600596,5.69197376950929,6.0450357720763845,8,1
3.6206449228603637,6.293163319862093,5.262359181208665,8,1
6.326985377074049,6.168324136699241,5.45690987888318,8,1
5.314552421790867,6.480633372086732,5.0396765298483235,8,1
6.376810145368942,6.221546786971257,5.388489294110424,8,1
4.766763301397258,5.702149207799372,6.042643644399893,8,1
4.700611360972203,6.83910501418198,4.5673854802358,8,1
5.4658147056517175,5.427447392615448,6.407324768598645,8,1
3.742339473972207,6.601855926283341,4.863499775291558,8,1
4.399327880240777,5.392066641442023,6.44034065238826,8,1
4.357588148302488,5.260050988938293,6.611041413539333,8,1
5.193100150706381,5.46188568536512,6.359373087838123,8,1
4.085407535813088,5.765008425318662,5.9529038887974,8,1
4.137220689439865,6.6596281771323245,4.793342295469738,8,1
5.588419986318495,6.223591431193488,5.376325443159356,8,1
5.724118480968605,6.176340365004742,5.439240200568486,8,1
3.7631179227448306,5.966007163535187,5.688350315255435,8,1
5.736554112134717,5.3425629261845335,6.520673688832004,8,1
4.938972287501866,6.778947100560789,4.6482771350388,8,1
5.292354225575571,5.659268030004767,6.104595531155157,8,1
4.021589253649978,6.742402373243009,4.684601519577993,8,1
5.942513826743399,5.909166197282298,5.788359786768159,8,1
5.26467416074396,5.724644446322787,6.01947821876237,8,1
6.037080563050458,6.480293099586111,5.048835415301079,8,1
4.192544973374341,5.2978606361212774,6.560016695225723,8,1
5.19423225569393,5.903698558603328,5.786422159314048,8,1
4.352418802603956,6.793909961176125,4.621795551591839,8,1
3.8720010654788446,5.936331764731858,5.728148547386901,8,1
5.234465517186067,5.514743333159029,6.291323789956838,8,1
3.73228879531389,5.729663413906019,5.994480507009759,8,1
5.141875778938971,5.350491164857783,6.503216918211922,8,1
5.7496695497655415,6.637965146256791,4.84089084370821,8,1
6.291223954942114,5.594780420163196,6.200278004141555,8,1
5.386415461994337,6.304730549277441,5.268662989249897,8,1
4.608756870628744,6.469225617228885,5.045954947739067,8,1
4.415731709599641,5.241682821060763,6.635563680210091,8,1
4.153697155112949,6.682495484441871,4.763885646024849,8,1
5.412842229054275,5.863184866626274,5.841599921211621,8,1
4.535960931870948,6.494916389842074,5.011759581310965,8,1
4.732388808418521,6.736361716473505,4.7010114324458305,8,1
5.453750949072521,5.164060876679432,6.748751757127607,8,1
4.310747427614877,5.243731423294787,6.631640273276373,8,1
4.54857300614135,6.928752695201118,4.449291567572418,8,1
5.8952963379617564,6.268880284779069,5.321295229346772,8,1
3.708870923180177,6.445936279771472,5.06530020268895,8,1
4.033678602178778,6.744197988002637,4.682418741384843,8,1
5.683492298646505,5.595130573875561,6.19249137172277,8,1
6.171175818753209,5.508580963326455,6.310617253679545,8,1
3.983767485569409,5.850154625190648,5.841255794075525,8,1
5.943027278441323,5.89043909075386,5.81265221136316,8,1
4.543267172867666,6.449600820867652,5.070615184977508,8,1
4.587455131544908,5.830744881557805,5.873711044167353,8,1
4.5745452880743915,6.70721289609484,4.736908603423966,8,1
6.259714268963065,6.296209459078457,5.290250271015951,8,1
6.095579607850919,6.528850722552548,4.986569325341448,8,1
6.380174680417108,6.1088032018131475,5.534741295572984,8,1
5.299453653641809,6.176641331326226,5.433726134419128,8,1
6.34562044271065,6.004894025469616,5.669078896889332,8,1
6.061178470905646,6.449458335565946,5.089114199844314,8,1
5.975585697805599,5.385515260260365,6.467855012635475,8,1
5.340557976443066,5.826240743353974,5.888638731292903,8,1
3.9149629273389244,5.894477320906592,5.782945794263712,8,1
4.140882531336917,5.952557509952268,5.710350372778303,8,1
4.747360823174869,5.716756097493201,6.023466614949451,8,1
4.920959239430169,6.782927585399551,4.642897712272741,8,1
4.614720901903533,6.76513951682629,4.662271258138289,8,1
6.345131937427425,6.086747617296378,5.56292125323663,8,1
5.642400674627275,6.855683699501066,4.5572485094682715,8,1
4.093571618926869,5.842099300468565,5.853027166646307,8,1
4.72737933380492,6.314346409257383,5.248241124966,8,1
5.460051276286812,5.421988274967566,6.414334881743663,8,1
5.492377554072951,5.140019960658707,6.780395241400876,8,1
3.68462755674443,6.567229858289263,4.9077082389817575,8,1
4.735318323984985,5.5116070587395285,6.289368645252577,8,1
5.283676435584259,5.574572932819863,6.214327583046373,8,1
5.135381490807865,5.34788560546038,6.50651757904523,8,1
6.282253720157794,5.734127921506349,6.0194571051719485,8,1
5.2488064350295485,6.84655717663418,4.564335352952737,8,1
4.2311252617808535,5.709263786845725,6.026954413230723,8,1
3.927653105748194,6.130377351774017,5.477172184761002,8,1
5.7521050303939205,6.032848426744343,5.625665248224663,8,1
4.607747548345078,5.077737252261132,6.850493080202389,8,1
5.026106254529181,6.056681477878251,5.585997901374265,8,1
5.284990485481263,6.544466969778249,4.956537314701623,8,1
4.917438537313184,5.079257183926926,6.8522585092809125,8,1
6.069082357636471,5.702961164167212,6.057303682208588,8,1
4.832513470390786,5.656090851627856,6.103167681277329,8,1
5.125971212990839,5.9001819873540295,5.790159023309444,8,1
3.4167376738852675,5.92025090230312,5.743510055214926,8,1
3.647580031918543,6.0669922495448345,5.55599389346215,8,1
4.577690316167661,6.925209748883842,4.4542375464916395,8,1
6.233193746624986,6.398738870026597,5.1569651246337305,8,1
5.218585122683124,6.347913819168928,5.210635865338782,8,1
5.066676222989503,6.581493283780578,4.905885723357608,8,1
5.77714962854053,5.486631865409112,6.334327829276303,8,1
5.776820341957512,6.02962170609163,5.630148018255882,8,1
4.059607208422241,6.283202326410806,5.280573348787728,8,1
6.426464541303531,5.862345128851085,5.854918710302658,8,1
6.0064070131144645,5.58330247585089,6.211726729672191,8,1
6.058074110378681,6.61245270313618,4.87769766000716,8,1
4.8875083989492705,5.478231408224111,6.334488061359504,8,1
5.949680990655013,5.371329984048617,6.485938622969,8,1
5.245459192247383,6.5125634210925645,4.997434438730235,8,1
4.894231872164355,6.78480689541343,4.64013805410503,8,1
4.389848884824197,5.275398752256355,6.59152692109684,8,1
4.954327188078653,5.56661552034444,6.220673409502265,8,1
5.743821930131533,5.521788986654671,6.288332238765935,8,1
3.6851621107063544,6.560888559787488,4.915938395290723,8,1
6.221517217381594,6.273883201217603,5.318743193089414,8,1
5.6845817949915,5.951284425462203,5.730626746646258,8,1
4.874823566502516,6.413809323496936,5.121031719140135,8,1
4.9395138461830745,5.899595897632362,5.788669407282086,8,1
6.196095619042438,5.5925728208070495,6.201993164132498,8,1
4.390631190399642,5.924074702362833,5.750301595383812,8,1
4.518361592770192,5.973945444029071,5.687167893942666,8,1
4.958175426707772,6.494106124146425,5.017904567566624,8,1
5.058826090516116,6.050668427508483,5.594190698270152,8,1
5.546775288086301,6.342732910983,5.221314472233808,8,1
4.86787766304958,5.8365026009176475,5.869627566317297,8,1
5.214300757851345,6.577113544889087,4.9133467349973525,8,1
3.529848569783116,6.024299463104087,5.609939512150469,8,1
3.5302372588134183,5.90252756777424,5.7678639639095906,8,1
6.028208173271143,5.688448616091653,6.0756311017486375,8,1
4.260250845442126,5.9038527048794744,5.774953379582186,8,1
3.771733670269376,5.380563357580955,6.447686488772273,8,1
5.363041722606239,5.351147035385518,6.5050348125269695,8,1
4.779397060495609,6.2562169538529,5.324253867304833,8,1
4.431749909960709,5.28546428493152,6.5789789983442795,8,1
6.179358879945476,6.5745083338244505,4.928369129167557,8,1
6.271261631951221,6.423713638183709,5.125035926156377,8,1
5.799051839782398,5.915744865037122,5.778097319282716,8,1
4.6790507903833305,6.33529070083616,5.2204964371048606,8,1
3.4534841633520186,6.240719673908542,5.328353807325414,8,1
5.5501468010504444,6.578408074248315,4.915720048473082,8,1
4.414649325015855,6.860035324201409,4.536791777139755,8,1
6.033373088807108,5.542242797919716,6.2653002893529415,8,1
6.121351596374302,5.692185565105429,6.071908657365437,8,1
3.8513900941341523,5.359757782733355,6.4756292659223975,8,1
5.335100320587277,6.893558331009925,4.5044231240932735,8,1
6.422587470643026,5.766785103902272,5.978798855703599,8,1
5.0811386698718985,5.538885502520953,6.258165089122212,8,1
6.067788629964052,6.5282235030437725,4.987047424601227,8,1
4.7951548192420095,5.84627358579122,5.856078642800643,8,1
3.633808238351195,6.473119503626334,5.029142003106831,8,1
6.154216889104591,6.1970899526197565,5.417520435076623,8,1
4.929841097740291,6.773175772181944,4.655651504927681,8,1
4.4306309392840575,5.918945604905569,5.757435874004693,8,1
4.072445042663107,5.747992531471306,5.974814536023281,8,1
5.5398519184716815,5.93452299614136,5.750617563360896,8,1
3.432898635780158,6.191155080656341,5.392383228103959,8,1
4.201518893514283,6.640174807884306,4.819346162797146,8,1
5.233454698161272,5.85186901896844,5.854110481674574,8,1
3.936128857458745,5.96319378112728,5.694086296541177,8,1
4.517445990608252,5.938963949674798,5.732522563188159,8,1
5.346799455571422,6.781113453815722,4.650388306852829,8,1
5.202618321532965,5.232543977250664,6.656909495959612,8,1
4.964392233464612,5.867864791345076,5.8301200292180555,8,1
3.997379109774991,5.79442599666016,5.913691640810507,8,1
4.629462740000944,6.1941981142592235,5.402873917998869,8,1
3.7866209841743554,5.635567897699847,6.117163724691434,8,1
5.348354639591196,5.482333036147554,6.334729171358341,8,1
4.578036357607376,5.589327161568399,6.186679734212101,8,1
5.385433806891529,5.797815575844519,5.9260433272862985,8,1
3.6315139694846463,6.344763775583123,5.195572320804797,8,1
4.024902284938938,5.2205335931034496,6.65827551554979,8,1
4.241309300009768,5.80888683009873,5.897881242753458,8,1
4.084437673968176,5.269673261122715,6.5952671049642495,8,1
3.7866446786379404,6.0282210394614175,5.607952171893799,8,1
3.721285415409673,5.73197833602083,5.991345642185762,8,1
3.7036282269198324,6.4540242441796565,5.054748078725534,8,1
4.343268782431698,5.931703669419685,5.739836529791433,8,1
4.832286013433968,6.307424577703262,5.258483438220582,8,1
5.577976707875986,5.728880759165008,6.017764486553563,8,1
4.244520610976591,6.766523765346302,4.656009475890073,8,1
5.393665676303577,5.717350948376148,6.030493120802113,8,1
5.546848786299037,5.255945661038871,6.6307143296146585,8,1
4.614893939225619,5.274726492482744,6.595114002969094,8,1
4.014721237255868,5.505606980974658,6.2884555357513525,8,1
5.0562100431811405,5.748260833367364,5.986336124042399,8,1
4.824896068816615,5.209555464913575,6.682164748925358,8,1
3.74889895448162,5.829861873014244,5.8647386428790735,8,1
6.240240697303782,6.180887908027463,5.439569953714501,8,1
4.035575958098104,6.166883473795136,5.431131390740269,8,1
4.282123268985514,6.6755729803775665,4.774412603207895,8,1
5.10434428919906,5.996360456082927,5.665169133372757,8,1
4.236607152577592,6.52732646738193,4.966116776086818,8,1
4.484521066566181,5.539740049702586,6.249858430216582,8,1
4.773276930520591,6.94018735341273,4.437173688949519,8,1
6.283737012980804,5.855687368341731,5.861830753274707,8,1
6.458455303612906,5.881154999725022,5.830911129747799,8,1
3.99330744073063,5.744240330858869,5.978725745501494,8,1
5.752455946677724,6.00389970719403,5.663211600503509,8,1
3.964854267339325,6.485482542337646,5.017103216999052,8,1
6.153051545046753,6.133861394678848,5.499504267566709,8,1
5.663634328899834,5.798493669674937,5.9285205473105105,8,1
4.840571352577155,6.72766955813721,4.713589116909511,8,1
4.461092446071059,5.911534581706532,5.767414382898289,8,1
6.266354530058015,5.599511088132379,6.193842982078414,8,1
4.942104812862348,6.282898516931557,5.291615045505125,8,1
3.42985615153157,5.798538028639196,5.901511554994302,8,1
3.8181105595635385,5.795460357440216,5.91018728122286,8,1
3.66638549640997,5.761559983718484,5.952320321194201,8,1
8.044375956133107,9.067366877623652,2.481304242822115,9,1
7.966901991513261,8.734014383160623,4.199176253624742,9,1
8.09213772773748,9.038461032531188,2.6304061119230115,9,1
9.117025687901252,8.826948044837232,3.7231760956345386,9,1
9.76917611016805,9.154377757789176,2.0373149053773107,9,1
7.282684353681758,9.310692846523272,1.2252529261481637,9,1
9.589390204286955,8.826603911258468,3.726170578847241,9,1
9.443258667889316,9.43170824544599,0.6071332801353384,9,1
8.355839864189647,9.324242139275059,1.1581945647637584,9,1
7.607052393040509,9.008118260947013,2.7855366199524907,9,1
9.44227769116424,9.259801346615825,1.4931252298888507,9,1
6.685044973465127,8.933934029227267,3.165493283240145,9,1
7.224588617561035,8.846048030094185,3.6198452067786366,9,1
9.730810026977075,9.149597300887594,2.0618538412987255,9,1
9.070740192470678,9.539854202808076,0.04879482675059643,9,1
8.95661254653419,9.545554726434405,0.01911981359393211,9,1
9.74760253531928,9.292270951169233,1.326568595271247,9,1
8.716622613849207,9.31891364931439,1.186589636566019,9,1
8.690712010548989,8.784071116531809,3.9430585484265093,9,1
9.007724128070025,9.055420173196744,2.545366421525425,9,1
8.027320928854467,9.211453725910236,1.7386480062755896,9,1
8.05019323294494,9.364362795708425,0.9506259355538312,9,1
7.866940126154007,9.049264776918191,2.5741424398070363,9,1
9.971407371015228,9.112610490325894,2.253102755474893,9,1
9.20973700478104,9.129850052683402,2.1622828527665248,9,1
8.573316839641846,8.779329325012359,3.967193952016169,9,1
8.19492876376007,8.979058803049744,2.9368261463096133,9,1
7.379195513090859,8.976664048999927,2.947060221066777,9,1
9.400794922150737,8.95639316297646,3.0567596648932933,9,1
9.528852696544607,8.894197172253076,3.377643825494512,9,1
7.9001810759680655,9.336625877301694,1.0931920943770392,9,1
8.977451074834677,9.092793260885903,2.35267025779944,9,1
9.917319099285447,8.841374752727052,3.650890382746154,9,1
8.592868236622307,9.218705366935984,1.7027353061290396,9,1
6.590467667284635,9.391573339454315,0.8066122344902644,9,1
8.385912781871712,8.853829581532883,3.5827412010471837,9,1
9.41594033773298,9.33868777447923,1.0864827843677975,9,1
7.185851369643199,8.937148139501694,3.1502223698580964,9,1
8.3182502430963,8.723483577567112,4.25435926260781,9,1
6.882074850036103,9.113812279427389,2.2389243191649992,9,1
6.848175496264975,9.4128104576503,0.6978238730655251,9,1
9.318235818214092,9.027964682015677,2.68767237021337,9,1
8.698116838819503,8.794462889630587,3.8895193144066678,9,1
7.470320502976915,9.293478065099949,1.3144614941256172,9,1
6.337063669354178,9.246270390534484,1.55483714417091,9,1
7.780390285982197,8.798092619582997,3.8684400717196095,9,1
8.979224354319827,9.343619685809523,1.0599353946258852,9,1
6.598531244863194,9.32443882739419,1.1526390112212708,9,1
9.860148376133303,9.300084544185982,1.2865888377600734,9,1
9.718792220640243,8.835005890528919,3.6832018908779833,9,1
8.032460817439018,8.785141497821712,3.9358406102720416,9,1
8.208960391240204,8.941651446072838,3.129656954565929,9,1
8.45855649432537,8.699007865833504,4.380867761828113,9,1
8.383893244096484,8.959187273463058,3.0397308161625967,9,1
6.867710245823387,9.483925317192735,0.33135403100682015,9,1
7.471430647264375,8.890328793573437,3.392263647064068,9,1
8.52853958070898,9.318364982970174,1.1889313106977049,9,1
7.473469391755933,9.362959279201814,0.9563689807950034,9,1
7.22891010543011,9.132454685228787,2.1437392526809025,9,1
7.823178524503998,8.961795125719576,3.024840962068817,9,1
9.9126707097907,9.091771644340028,2.3603527030199674,9,1
8.727135890676122,8.76471164203612,4.042929879415883,9,1
7.961471208550497,9.36954751534863,0.9236749970265243,9,1
8.746148468454605,8.845461508514578,3.6268006282882994,9,1
8.346511416380247,8.739668276664968,4.17101765279732,9,1
8.42884733712874,9.323878822103246,1.160255763481918,9,1
7.13469810754024,8.819814743823763,3.7548171520975213,9,1
8.576136502252416,8.80318481459619,3.8442519434221,9,1
7.682232394150504,9.476199695785017,0.37327643635750585,9,1
8.599017347983702,9.153455035986216,2.0390462152436424,9,1
7.037197573188303,9.37214144104188,0.9079172859032495,9,1
8.758945897375899,9.149691327037102,2.058857413961738,9,1
6.29599524726787,9.240190187535891,1.586067883800462,9,1
8.851292398557229,9.352841008489776,1.0120787853241033,9,1
9.016459076845335,9.241879349572342,1.5843932310882183,9,1
7.337001832374003,8.79784278124529,3.868581762389436,9,1
9.201473516709752,9.165769322379965,1.9771364360090409,9,1
8.834637639388896,9.342737414731936,1.0641088591006191,9,1
7.456873832304629,9.177011056100394,1.914688442610775,9,1
9.983575005937219,9.477613087793156,0.37193984388582035,9,1
6.488638673560477,9.217332764672822,1.7043711185290684,9,1
6.980261162154523,9.234073638731756,1.6193606041620032,9,1
7.449147329891408,9.283976758528087,1.3633757496120957,9,1
9.422197097908779,9.459153578276672,0.4656277828827162,9,1
8.795981320257026,9.204742580926977,1.775223349159215,9,1
7.042030820400541,9.115213322973826,2.2321168651350134,9,1
9.472531742105682,9.274944380636976,1.4151574297187646,9,1
6.810020609874541,9.075751692650229,2.4348993292875627,9,1
7.980348384332628,9.275518313733095,1.408342813043594,9,1
9.787957331342657,8.915176941840098,3.2701854284377436,9,1
7.7676845871588025,9.301443059493785,1.2741790965420192,9,1
7.333656534726559,9.130676007009045,2.1531771403571245,9,1
9.637605419971607,8.997159600432378,2.847264735095681,9,1
9.490888597227505,9.354391351977043,1.0057415017745805,9,1
9.683407287301417,9.146475825226778,2.077819164219233,9,1
8.834092290392844,9.479070662971061,0.36145673053243654,9,1
8.288476294732808,9.498796733196103,0.25837996570147403,9,1
7.038333878551457,8.831911167663884,3.6922240881973094,9,1
9.107832426981673,9.453023877769876,0.49640728299298087,9,1
7.66163835406995,9.316495682171434,1.196324995384261,9,1
8.372768041869476,8.820019938569805,3.756959438922079,9,1
6.872588282514965,9.317153458065404,1.1908955373807868,9,1
8.273773880349896,9.52896083052953,0.10287860792727499,9,1
6.266058047004664,9.163977215064483,1.9787861088766912,9,1
9.740408749873474,8.817923448302636,3.7712993084129853,9,1
8.08834794884786,9.23728100192845,1.6056940065938405,9,1
6.913778806328521,9.371778216453873,0.9094703355085957,9,1
9.25072024822085,8.87105677224922,3.496188761698005,9,1
8.359598508453736,9.215531475638583,1.7184903939613436,9,1
9.970231392424179,8.948068658536412,3.101135231440446,9,1
8.86865662243383,9.276662480556377,1.4047417385265293,9,1
8.600884630667036,9.401375422522463,0.7612890857619441,9,1
8.165684070426769,9.293407451825985,1.3166226259403286,9,1
8.624828891549763,8.734139515540672,4.200231771252099,9,1
6.880259291480922,9.097991928434753,2.3204564576294233,9,1
7.451403250391724,9.124833138190203,2.1835951429546747,9,1
9.22359058732932,9.12665449549356,2.1787883055574966,9,1
7.747638851878189,9.075406944022191,2.439099450391219,9,1
6.739012759006997,9.250017878996877,1.5365617411274168,9,1
6.81800013365109,9.225805851379276,1.6615527521482878,9,1
6.7501239194756515,9.086658781424088,2.378530255632567,9,1
8.808863326915436,9.538046319151995,0.057435683476407595,9,1
9.124626538529995,9.108429151340934,2.2724645031126487,9,1
9.17271400465861,8.794055674536104,3.892844685111787,9,1
7.28254343418985,9.461706523363883,0.44694008134075225,9,1
8.414473551584496,8.832850091907268,3.6909416386371774,9,1
8.253329596369724,8.778221261271234,3.972077803821189,9,1
8.851121236120012,8.795034432517575,3.8869690741715504,9,1
9.523845343889793,8.834617667200368,3.684698914571915,9,1
7.7696613279382,9.31471383415668,1.2057876883002194,9,1
8.76315809245491,8.891288684735885,3.39065496868945,9,1
8.163272381624049,9.180747292106494,1.8972578963662075,9,1
8.03272956193586,9.12272277455749,2.1959742517788525,9,1
6.561508176757494,9.182752647729266,1.8827826254826514,9,1
9.455895554667634,9.401760164703154,0.761515967137387,9,1
9.084802732042364,9.109596809843442,2.266343557736473,9,1
9.29816610465828,9.279591612609044,1.3907553103392616,9,1
7.7548009765722306,9.141436038707546,2.0988092583709053,9,1
9.768406787355616,8.754926921392803,4.0960507602224085,9,1
9.724830497504053,9.100754774426694,2.3135688839740203,9,1
8.136632027170737,9.035564504841862,2.645449582681241,9,1
6.877043929579589,9.374594286646484,0.8948615908466445,9,1
6.484709528775106,9.231533384359507,1.631172098971954,9,1
6.796599816799331,9.15732650372547,2.014434553892682,9,1
9.103189193087426,9.179274520351528,1.907277699706634,9,1
6.95558343307197,9.004020886601694,2.8049704123288572,9,1
8.340824760483741,8.9728780536792,2.969058311409757,9,1
7.619750081626653,8.822033434899518,3.744635832129841,9,1
9.016960842854788,9.307330361023098,1.2470652201057644,9,1
8.65237974721792,9.431622438180717,0.6055314638607308,9,1
8.712127456768917,9.481299844679747,0.34965248200603494,9,1
6.394394340343811,9.308951829267032,1.2319301674329322,9,1
7.0069022394653135,9.488098792540997,0.31020401857864255,9,1
7.9186539466223955,9.392067780196871,0.8074966799656875,9,1
7.151819954638362,8.82708633013091,3.7173842267060575,9,1
8.354569094760114,9.336417398448788,1.095440962900987,9,1
7.612012868166124,9.074584998814112,2.4429851595217897,9,1
6.845710252135828,9.15077730923755,2.0483155094398713,9,1
8.188563994979523,9.297690718929724,1.2946061420629396,9,1
9.632223850532963,9.496398229594714,0.2742146350336867,9,1
8.668914927653441,9.349417208019897,1.0292534183527624,9,1
9.675764992606666,9.282663578504767,1.3758985627528022,9,1
9.589994970648105,9.540248956952029,0.04810233127208163,9,1
9.532278843238945,8.812617342958871,3.7981086328036007,9,1
8.984369418325125,8.848166520508748,3.6134749037381004,9,1
7.494940604872617,9.229404769889529,1.6447537937051464,9,1
8.606047005385763,9.427141863846826,0.628504238710422,9,1
7.307162747849274,9.348079693883825,1.0326273536068244,9,1
7.971747051980291,9.030363555887877,2.671828707760283,9,1
7.629134780608953,9.15271025600645,2.0403780494197847,9,1
8.143477517303776,9.146167335363419,2.0754290826733697,9,1
8.129268012372162,9.488103504096943,0.3130805375110146,9,1
7.494759904317273,8.936640637621718,3.1536363813892576,9,1
8.651406222886466,8.997160051981865,2.8447135342158116,9,1
7.496999758751393,8.887424555848925,3.407297941779993,9,1
7.772476318292012,9.116679633364734,2.2264474853460525,9,1
7.162538802501061,8.91767746749257,3.2505124126081926,9,1
7.702214675006375,9.53519097652268,0.06929171195616224,9,1
9.984769177522198,9.331269820270375,1.1261844926729268,9,1
9.05498801420479,8.860591947542801,3.549617757730645,9,1
8.869358711602176,9.536074545458689,0.06775440116626186,9,1
9.756648696718393,8.870546006451127,3.5001288015224956,9,1
7.5620348873931995,9.377370376170356,0.8823242343850717,9,1
8.213001595092448,9.392673029660655,0.8051380263385666,9,1
7.811221640046842,8.919183479493432,3.244427094817346,9,1
6.876684425219591,9.145550695637255,2.075333114336107,9,1
7.694628450820283,9.239707345554864,1.5921712397735976,9,1
9.059074491830666,9.213345169670873,1.731566266375739,9,1
8.886800405059311,8.865888946648388,3.5218827575958054,9,1
7.556190581409515,9.490657036782897,0.2984386902123912,9,1
7.4414022592510785,9.45413499329013,0.48637372255830913,9,1
9.352656258650242,7.947982400126302,6.31485239361635,10,1
8.265748316657293,9.190826744357263,4.958006601565666,10,1
7.482862725626177,9.998241979506012,4.097043516657514,10,1
6.904108555160367,8.90430490257145,5.701575178797671,10,1
9.353208028728904,6.980199837904095,7.597395845123137,10,1
9.041859318503036,5.89293117533479,9.121641494775648,10,1
8.928570893899796,7.63525922691611,6.842643932924776,10,1
8.295152617165174,5.54577315368698,9.78127351045345,10,1
8.45982969756527,9.093551785142981,5.035077638245712,10,1
9.760653911085855,5.551522422728585,9.38208790121495,10,1
9.839300926567493,5.29526411568216,9.700716904664972,10,1
7.050121148057906,9.000169255627705,5.535504436658439,10,1
7.182762040147066,9.30385717692127,5.09755885205359,10,1
5.974575046185027,7.979310304523605,7.175916219695131,10,1
7.041882067287464,7.570270046381511,7.4328822273685,10,1
5.464711677777259,7.35400242465069,8.14092382786221,10,1
6.762038961281711,6.345542951447051,9.13089618305056,10,1
9.589256569045414,6.720238867846623,7.878876397735746,10,1
8.03485633682408,6.7234001202955325,8.290004879970319,10,1
7.668824837380165,5.765080792662621,9.657952794792823,10,1
7.2449804748971065,9.705173498405362,4.549033499938413,10,1
5.685167073660302,7.287048748731643,8.170760448162255,10,1
7.7038285341557176,9.867389011009559,4.21143534600871,10,1
5.136457294896274,8.522882627096369,6.679405731043854,10,1
9.49672438741478,8.087240704311188,6.091787212270317,10,1
7.433758668010878,7.9831161713742755,6.780994390811804,10,1
7.291453131184997,9.060214142899643,5.391440237206932,10,1
7.303260287862174,7.325584063527716,7.687349632618821,10,1
9.414403208849953,9.820970960532893,3.815910993922224,10,1
5.954842724630041,9.13909935499662,5.644013810683317,10,1
6.080696375239725,6.695386785394177,8.849263232843741,10,1
5.932680227128702,9.576902563157581,5.069674688044827,10,1
7.775736364303892,7.634266532422845,7.151984151218216,10,1
9.826572904301354,7.67981252596574,6.543657257969066,10,1
7.734954611425961,8.3691753791585,6.188838568051195,10,1
9.740803054794378,6.228042797415914,8.49073740664679,10,1
8.725570111597941,7.3724897917648855,7.245155876481342,10,1
7.612862544302438,5.6699426517203655,9.799000587230564,10,1
9.18847684331816,7.247876753076291,7.286633443043076,10,1
5.598210904181307,7.0685141418476745,8.483638097570537,10,1
8.847214053705654,9.445313310210395,4.465351094876322,10,1
8.270210348499639,9.925839121384621,3.982635166307494,10,1
9.851434477668759,8.573515210406986,5.352508492673956,10,1
7.395442688348421,8.327999800114481,6.334126128187468,10,1
9.653705534667512,8.296256194081659,5.772816228826283,10,1
7.156056534280593,9.731788054698239,4.537518274266105,10,1
6.924369305737222,6.9561391336521785,8.278244277507607,10,1
8.46440727462161,8.212132122363116,6.202080777648712,10,1
5.4816131642450845,8.004677219381739,7.274009032389421,10,1
6.536498860698727,8.46498387404476,6.382068783805075,10,1
7.085370489313151,9.753437107531246,4.527711323164434,10,1
6.478150834610749,9.905950421383547,4.48781376734242,10,1
5.425873744859246,8.571561683320475,6.537558076143199,10,1
7.007578536263285,9.754382423791485,4.5472435498666695,10,1
6.677913739624298,6.205280251470258,9.339276506914572,10,1
9.830435092519137,7.170786995808263,7.217283486122461,10,1
5.291232152435412,7.6264761233202005,7.826141267941398,10,1
7.915630434944736,7.492757932243591,7.302160328098269,10,1
7.083770676998254,7.144787545861032,7.985620990752701,10,1
8.21212332502035,7.800513891274345,6.815043576785023,10,1
9.879138954354243,9.632243493237487,3.941876593525858,10,1
6.922191141034818,6.581562194857474,8.775287386907447,10,1
7.271827242439558,7.954177299817403,6.862615996245555,10,1
9.338881941641457,5.553583701237914,9.492048659111559,10,1
6.020799718875191,7.366368545804733,7.975953361587056,10,1
8.408714171003787,7.4794091586721665,7.188106213838992,10,1
5.686073386276076,8.987656805069262,5.916546659297067,10,1
7.688278191691323,8.693740886590414,5.771133588933278,10,1
9.970231360612804,9.45481947384756,4.1526940249445765,10,1
9.3255331603407,8.169154271384057,6.028960042268784,10,1
8.601567008544112,7.0742332677632325,7.673594811993169,10,1
8.305431026934974,8.07752817560057,6.422960395620105,10,1
6.4088663388642235,7.946641066623255,7.103177970729723,10,1
8.173023741037436,8.207414135759121,6.2861883829325125,10,1
5.854135647472871,7.816843642263763,7.423428231135343,10,1
7.141860863509451,7.164717384588262,7.943685100941467,10,1
8.362486521984225,7.207981145439757,7.560206133964772,10,1
9.97610306400886,8.719570583454134,5.125617874401639,10,1
9.929105288507454,8.83701200177779,4.982519285755394,10,1
7.476613592595429,9.990779115679835,4.108604432226565,10,1
9.837600157499054,6.034769912318367,8.72103656036926,10,1
6.3848232915290595,9.613597363460482,4.90023213152056,10,1
8.608086421450807,7.690815629550451,6.854639814847197,10,1
7.69894890755249,8.995334017568059,5.368553490519194,10,1
6.889173746800674,9.369588101241312,5.088883149772112,10,1
5.793255729701993,9.392166105811288,5.35177550513608,10,1
7.73029544534499,8.524242968916125,5.984558164334983,10,1
9.115972656866907,8.681736567965473,5.405579997997737,10,1
5.445226794392149,7.69597472010933,7.692882763327892,10,1
8.190337960801111,5.741854285075062,9.549394531470744,10,1
6.42018763562444,8.728884589800108,6.063374052151367,10,1
8.989077837164357,9.8117220780756,3.9418115735432595,10,1
5.578647459132727,9.139537907770864,5.743947729426861,10,1
8.459361604882556,6.013939705498551,9.116894688087502,10,1
7.701334309729567,5.696257928050983,9.740483873529879,10,1
8.041800215757249,9.111599064195257,5.122850734416329,10,1
8.587346366256105,6.432518629293138,8.527917600005367,10,1
8.47462085158141,8.203074009462274,6.211357370716838,10,1
8.354485320006983,9.838646585092501,4.075682090415603,10,1
9.353147341974875,6.549509020177318,8.16824605183036,10,1
8.532352306297382,6.599478641614775,8.321324000734997,10,1
6.762230977698705,7.084808316206991,8.151028774004322,10,1
9.05232422732178,9.036188186346044,4.952798949927694,10,1
8.139778006205972,5.516486750462379,9.861603823814338,10,1
6.525221489115506,7.928173794946607,7.096565540998618,10,1
9.768880423656364,7.071094732363836,7.3658614946125205,10,1
6.768374651075362,8.88720702244178,5.76050314854217,10,1
7.797566735007088,7.944309743540472,6.7352226524473515,10,1
6.770940634112572,6.889661523860946,8.407347570380342,10,1
7.476208570012638,6.512203821399019,8.71918712371182,10,1
9.113492018367017,9.330025987369549,4.547005446241936,10,1
8.102854367483467,5.584569842110295,9.781232649898525,10,1
9.650751016199028,8.899381246840463,4.9742287646625,10,1
5.362678168302463,7.763560102376848,7.625361736245454,10,1
9.655340994502236,5.999078091628807,8.817039812239575,10,1
6.692539494914971,6.641947894708515,8.75661304225778,10,1
6.485409760296763,9.384215059616263,5.17737792923454,10,1
8.442809712015388,7.9527037359413315,6.551695609224166,10,1
6.027414293444618,7.590181535255223,7.67754616502357,10,1
6.559584581564959,9.33756417021586,5.219389942441246,10,1
7.431385418426089,7.025593387839439,8.050721150413658,10,1
8.184488494007136,5.552757955955006,9.801584129811038,10,1
8.397298311633408,8.218819111342565,6.2111486639432885,10,1
8.211968362686505,7.54280426620284,7.156651153222178,10,1
8.58092950477554,7.478758501426512,7.142954575917561,10,1
8.698009126957901,8.227908905453212,6.118754556217722,10,1
8.209189488089786,9.898302532198159,4.035436022609048,10,1
8.077238529514867,8.387812110120052,6.072683161726069,10,1
6.296208326405022,7.715489387979798,7.439645426420172,10,1
9.60397571322582,5.5312194147378495,9.450860001855126,10,1
9.048844299110428,7.43097220219571,7.081268528977875,10,1
7.908698244863245,6.932264271639647,8.04688612130812,10,1
8.38899708820738,9.420053009750493,4.621261339890839,10,1
9.88424569119546,6.801235113372023,7.692706855846508,10,1
7.3687784222094574,9.431895565758559,4.878156347531997,10,1
7.627495352613092,7.232968570040247,7.723469442036152,10,1
6.462473151603712,6.612308373452376,8.85736817188245,10,1
9.252360288333112,8.86966366013734,5.120061756974341,10,1
5.421263875786487,7.926740750437135,7.393430029424433,10,1
8.051141337507422,8.16239437024851,6.378422818779297,10,1
6.895994070322641,8.608162957755482,6.096247324487832,10,1
8.726497628856777,6.3782638828495895,8.562646722113676,10,1
6.180471006539191,8.738650184814288,6.114480420252858,10,1
6.6950374679668325,7.958962248702646,7.010385850287775,10,1
8.70475786474136,6.503104786396165,8.402992259396012,10,1
7.523054771137995,6.25303608630856,9.050169081037895,10,1
5.430406141478494,7.297139415353971,8.225455638830208,10,1
9.708062722042214,5.196151004778903,9.867145971618319,10,1
7.841758503378148,6.099703178351572,9.168241151811703,10,1
9.855917650230163,5.5303448094390255,9.384703124950391,10,1
7.423477470845421,9.380104259303536,4.932185135228275,10,1
8.677062807901901,9.38126656696875,4.595700622676707,10,1
9.785088804514809,8.534352270018353,5.422141547682078,10,1
7.323113904215276,6.79771442538425,8.381678952224402,10,1
5.039209806555807,8.856347218584483,6.2634180053344135,10,1
8.23296828354322,8.724306672834636,5.585086844155658,10,1
6.764408577913857,8.799661593624943,5.877594814936847,10,1
5.214831532644886,7.811144972437014,7.6017961188217695,10,1
6.156887361539491,7.278149949381514,8.056516450178913,10,1
9.00165349155687,6.46238202542926,8.377638669484611,10,1
5.237998148660443,7.523832689159748,7.976407544536659,10,1
7.07715973804247,6.4025738136253905,8.971111205688212,10,1
8.679839204173163,5.368937541798161,9.912865985811631,10,1
5.493014243048944,7.199470745564299,8.33817668790539,10,1
9.332793891063298,5.101109232063641,8.82824329399957,11,1
6.805964639041116,5.918686378495231,6.753508610919564,11,1
6.288545799156416,5.912650018487553,7.18322136799714,11,1
5.288763492532404,5.6102527393268815,9.445910629318892,11,1
4.116102028500574,6.178632198126028,7.552122181323216,11,1
5.412439757586114,5.524504652774095,9.772767942229924,11,1
6.444422943652747,5.820647249541135,7.516002265082016,11,1
4.449426390305073,5.920866771873384,8.564407915113478,11,1
5.058572476111289,5.855014872956948,8.41796539909722,11,1
8.78806343829639,5.10881362097387,9.211370863665369,11,1
6.041481678534517,5.543398785366992,9.193421487125104,11,1
5.417946958480298,5.725119393986838,8.78012825121036,11,1
6.215132936152488,5.714449471852189,8.216459037777513,11,1
6.5899710322886085,5.993545063731335,6.5516636409934215,11,1
7.135720863628631,5.910473525413691,6.539064629206162,11,1
7.041851428623641,5.348879654447338,9.37847060895436,11,1
5.669396856455209,5.49427838655505,9.723053850993923,11,1
5.47952263609132,5.581269746758965,9.441243289496002,11,1
8.157097786274875,5.28916105252253,8.810587183076642,11,1
4.618317764584409,5.801384974853269,9.022511435680567,11,1
5.078030887871611,5.711212159964488,9.111406520546259,11,1
7.831602190093768,5.574291471107997,7.657428686166266,11,1
5.606563108158761,5.741655257941083,8.552856577427484,11,1
8.725017530282194,5.217839363869223,8.72296167773928,11,1
6.284102275787312,6.030184771400345,6.6075896765152855,11,1
6.723392575886915,5.676762756928715,8.009239989144957,11,1
4.8610414953881875,5.716030115554975,9.25540582153541,11,1
7.808549356913716,5.489828789516392,8.09137703535999,11,1
9.043277292322292,5.391821435854281,7.619772291346168,11,1
7.569979039266747,5.291382124742819,9.2534966153422,11,1
7.399044041940473,5.68741251634174,7.434481737539606,11,1
5.85586444730156,5.640425292840238,8.858879350295965,11,1
9.006273723411411,5.015169123559652,9.504055667585307,11,1
8.908716678735612,4.935720199312394,9.970895333421737,11,1
5.778920684772205,5.9133332745206175,7.573803453486085,11,1
3.9746952949771845,5.947224184492869,8.801525723059077,11,1
6.776027818002551,5.955841783046206,6.593594145979564,11,1
3.725991903478022,5.948757699986561,8.986222128855802,11,1
5.815648148266967,5.461798918325377,9.770018118209912,11,1
7.172891927093061,5.811189858544806,6.999478521536497,11,1
7.152234322965221,5.225144527557898,9.90275729117435,11,1
6.5572914429114215,5.835875899527521,7.353725073091376,11,1
7.084171826318809,5.854390673920662,6.855220123959965,11,1
6.551649517241635,5.319781931029706,9.90076226279704,11,1
7.583707372650915,5.6714706547118015,7.370275915317928,11,1
5.133420844734512,6.098506493816471,7.160479389068484,11,1
7.608428242281629,5.612591567577136,7.641249965003609,11,1
6.910574549352215,5.566184331305282,8.409339728853874,11,1
4.540503846671747,5.918179679119714,8.507242276673075,11,1
6.025305208701581,5.680940037525689,8.528292144956053,11,1
8.155671772250356,5.6741980816360345,6.914700921572953,11,1
5.147357243681763,5.663147166450606,9.294621275117825,11,1
5.879879547626718,5.985519458004117,7.140115975842377,11,1
9.53896440314655,5.116056055079569,8.595230656509951,11,1
7.57576587137691,5.451033230351831,8.462459144977194,11,1
4.1705421435089685,5.885069133683079,8.956356582584624,11,1
5.505262376211575,5.913894015624503,7.7825830425778415,11,1
5.455429531782627,5.536380173465903,9.681028211963428,11,1
6.497926037194415,5.579024774267648,8.66506170159635,11,1
7.8331243876168895,5.824800992552314,6.422049397512816,11,1
6.418354377781329,5.50951482671168,9.069031333483489,11,1
8.556930465478851,5.5046025050752405,7.440079831411463,11,1
8.63919672319764,5.491000627148811,7.4435000177634665,11,1
5.6297872311617425,5.724539070441062,8.619231466611296,11,1
4.835170750599962,6.163031289330929,7.073132684058123,11,1
7.386499449563966,5.870831316757603,6.540516802481571,11,1
5.717980854568282,5.953410796034594,7.423458212438385,11,1
5.555652068122055,5.680207739678193,8.894949365376805,11,1
6.290706450407842,5.5974558312414375,8.734440177958131,11,1
3.8060765853761533,6.06693774510763,8.342069582602777,11,1
9.129901921555483,5.108141989365506,8.950433245542257,11,1
4.487869592483587,5.779609565031519,9.23063236978088,11,1
8.238566705998002,5.047654645612454,9.937456748493444,11,1
5.795061785931912,5.582950238598483,9.189047105516577,11,1
9.076142216153109,5.229790254889626,8.392657420818114,11,1
7.771479916593466,5.534899583896143,7.897978899559885,11,1
4.983803757881882,5.884319966091483,8.331383377577271,11,1
7.376277775878537,5.223436773661999,9.737981843068448,11,1
3.6742086792330366,5.959233476284984,8.974639653476714,11,1
7.5307878031876365,5.257203302460389,9.452183235473072,11,1
6.902211467924218,5.376548472616333,9.350096640254158,11,1
6.948566218724117,5.552714032178725,8.446336618781938,11,1
6.3776891378424825,5.671777800804887,8.301033981343062,11,1
4.500592769060091,5.757439855895998,9.33002219277314,11,1
4.9135774126030825,6.089408403847777,7.375246053429294,11,1
8.40321994358296,5.4742609130946045,7.708386535210278,11,1
7.161474132883617,5.624003218801898,7.930530037993166,11,1
4.853175736046636,5.7630176813009,9.029989284991396,11,1
9.436855802025395,4.931285069854836,9.58448623877055,11,1
6.582382270937037,5.818366674054876,7.4205933769568535,11,1
5.041118569377028,5.553027443635257,9.919279926022787,11,1
8.088955266454688,5.212017408182117,9.24333137056473,11,1
9.195695706015648,5.056063936677156,9.156150150548587,11,1
6.028468512382553,5.704427768050448,8.410128232454092,11,1
7.0911758459066965,5.306196867625112,9.55063029018504,11,1
9.347180366136907,5.162180451823841,8.516238512389082,11,1
8.02535848779236,5.699617441842407,6.890199843897882,11,1
6.326297454033975,5.822071070330684,7.600300313484962,11,1
8.268020176390898,5.218032599613633,9.075275883043894,11,1
9.137762500682834,5.125886742890342,8.856932586761491,11,1
4.823463315592771,6.038999887918278,7.693256811625611,11,1
8.743096103816232,5.432816990810582,7.649841491771851,11,1
6.67846988084456,5.896724822928373,6.9602636061643945,11,1
6.080858569442674,5.948622128428824,7.166540619512282,11,1
3.86744297822189,5.735495309987921,9.927572779233925,11,1
4.322652054358417,5.956214904486349,8.488254403344612,11,1
6.722899705171533,5.591384268879002,8.43026109512919,11,1
8.870024155457934,5.471856221589281,7.359386804717493,11,1
8.803442420520213,5.292364337182776,8.295170642026049,11,1
6.214601699330231,5.495815483746177,9.294028900720583,11,1
3.6729856805486065,5.8650390270596695,9.439659366391155,11,1
7.866757602637816,5.142387100012087,9.758146164454546,11,1
4.890961278153615,5.68030341775268,9.408294548863015,11,1
8.782550596517233,5.470072470189231,7.435793390521593,11,1
9.50711008617684,4.975496246622386,9.31236029220577,11,1
7.513057297531896,5.769813485473325,6.940377114620034,11,1
7.143297813526136,5.692946305240665,7.604913944461365,11,1
4.279438843065167,5.896290062580789,8.816894772023975,11,1
8.892407313490782,5.252905549725375,8.420803703275023,11,1
6.226750017664863,5.534129713950165,9.095872686161346,11,1
7.134478517876685,5.837430383153219,6.899891689075094,11,1
4.27466831937062,5.761457287736631,9.484872431082966,11,1
8.212329338661533,5.6927580979780545,6.779462802650512,11,1
4.088636580074988,5.7216497800197805,9.824800333237793,11,1
7.709080414039847,5.297164954881928,9.117478367477066,11,1
4.415118182311868,5.635547689920277,9.996629984179979,11,1
5.478665875378586,6.151280090926065,6.633596146443519,11,1
7.2433085601827925,5.616301388001043,7.905215865417566,11,1
6.9446770780720275,6.000311177619697,6.244135136333092,11,1
9.425400249928108,5.139056337356092,8.569700472365641,11,1
4.219038206459084,5.789974655990195,9.38737690154546,11,1
3.949390979395098,6.1427363827994785,7.857842876474606,11,1
6.3896940713801165,5.327886441977156,9.986027346659826,11,1
3.8056410403427265,5.955183638883267,8.892992959351204,11,1
7.559139216986697,5.548578095436042,7.994730772373564,11,1
5.535490138985699,5.492131214883001,9.837144495707989,11,1
9.317929940151819,5.30160391937433,7.851942305652678,11,1
6.639650539841191,5.471740796056098,9.084069808069591,11,1
6.231950391481591,5.973848015563005,6.92546210971317,11,1
8.218908784490386,5.291950406300544,8.74906379457676,11,1
8.16874574821416,5.182146603408875,9.32881861959639,11,1
5.413176398422961,5.674206535123758,9.0346518773159,11,1
8.564839479342089,5.147440164872794,9.193622470755106,11,1
9.49798808289033,5.121694677320077,8.599125814068062,11,1
4.070601106429206,6.066847798499566,8.138031060887133,11,1
5.251602682288883,6.152214833609296,6.804514349669924,11,1
8.24394845576018,5.3160385423414205,8.6110310420692,11,1
8.663763873065324,5.139721567890637,9.155180085045494,11,1
4.520741729718581,5.890302644038303,8.659862426901125,11,1
6.6376904788965385,5.6964271697671265,7.978607050724569,11,1
5.3510124730269695,5.510081882920329,9.891309870493263,11,1
5.8294425015118385,6.036121851248017,6.929798301072315,11,1
4.335202216228581,5.673333538269357,9.872244143270366,11,1
8.9821611579269,5.3502641304526675,7.871759290780017,11,1
6.670021759718916,6.065215676727248,6.136678581861456,11,1
8.723400588757638,5.389325919065317,7.8793369132936855,11,1
8.042058158846025,5.181180905177573,9.431507916296754,11,1
8.244450906767266,5.537319619785939,7.5204418326791505,11,1
8.086388776013468,5.1081468092441416,9.757061780815366,11,1
9.31715821223307,5.084437143999009,8.922469453486862,11,1
5.318815410118161,5.679171907149144,9.083131181995375,11,1
8.503432348670591,5.389497231713861,8.048531848461883,11,1
7.708971281309977,5.682029470998635,7.221424067485348,11,1
6.791031294677255,5.714408337288395,7.7714830947173965,11,1
8.390341144368488,5.512142760296309,7.53170693240488,11,1
9.33383337561809,5.108768534229563,8.78970414153675,11,1
4.650152101579856,6.056490289811654,7.741057966289267,11,1
8.190621378335873,5.738395122278647,6.571400313990512,11,1
5.050888240866097,5.779304639287497,8.79691228607164,11,1
7.082934419315065,5.294486230143986,9.6146966527792,11,1
5.9510420509099085,6.036163084008839,6.835596768354459,11,1
5.406243279181833,5.826998639799765,8.28723984678332,11,1
5.8716273580172045,5.847859382368577,7.8247144766908105,11,1
4.0871314414555275,6.153636958284081,7.697662685442111,11,1
5.534463564157092,5.727904642269285,8.676336783667331,11,1
8.806699550236846,4.9912911624373395,9.775970886579117,11,1
6.308920299917572,5.351609388528655,9.931589275036504,11,1
6.958998058588591,5.966658458773684,6.398863970507961,11,1
5.484790986658176,6.024015544001736,7.25586439357969,11,1
7.583412165155885,5.8800318605057145,6.342971181097528,11,1
6.952117395211941,5.364925973530338,9.368779934643078,11,1
7.328009684112074,5.782596564784852,7.020442585073238,11,1
7.547012580203239,5.197476778411067,9.733900026196684,11,1
7.319610316148623,5.382000277234594,9.00058089927855,11,1
4.3808130642382865,6.150879525242848,7.484227349818879,11,1
5.031063320914693,5.845806477097005,8.48459805572145,11,1
8.488961690642888,5.1192780732457575,9.391025336827974,11,1
8.473551444348244,5.5902879878703,7.082380541395457,11,1
5.167447901181131,5.585757368770988,9.660372551935163,11,1
8.810848168445117,5.303789358724689,8.233157436176331,11,1
4.289248224403563,6.172996114415836,7.446045098046546,11,1
4.620994337638412,5.611892341765829,9.95402887884739,11,1
6.068436657582699,5.879191829692442,7.518210015681506,11,1
7.586970728818169,5.666479053832149,7.392345754719685,11,1
7.146718847712626,5.6427833889443155,7.849410543774647,11,1
7.48685465525623,5.7956456525891795,6.8333630479657685,11,1
7.588258985148672,5.360399686011749,8.899332327832905,11,1
9.234520047898753,5.374578993897242,7.556888128067159,11,1
6.925774379625351,5.362950375921746,9.398876818798541,11,1
5.652786228551097,5.821654526337124,8.12298743403955,11,1
7.038064755169326,5.478630116541488,8.7421471817313,11,1
8.86117817460243,5.533897542730015,7.060561615921479,11,1
2.3447520956298415,5.980402746972937,8.607460884213474,12,1
2.5142757700978193,5.997487706735137,7.749531565393039,12,1
1.6473211445231781,6.017198186062012,8.104777149049086,12,1
1.8119154192086266,6.002612216738904,8.445659364222777,12,1
3.1437199560895843,5.952879376880174,8.632472282658878,12,1
2.6015188797894084,6.000291122077036,7.533530930846425,12,1
1.555106225109358,6.0119860809839505,8.417770833029648,12,1
2.0383797470143135,6.001861419172788,8.18725799906833,12,1
1.969546448322141,6.015152787883506,7.773903848794341,12,1
1.4154667141865984,6.016496595307317,8.424691451808684,12,1
3.087323564011701,5.957085628207453,8.545475603842045,12,1
2.059002194628234,5.980360491626051,8.970772113059782,12,1
1.988205821183762,6.003112377505678,8.203666348158736,12,1
2.605848418431201,6.005763835456758,7.321974831329274,12,1
2.451505482461885,6.005449928643766,7.52917196313429,12,1
2.1566985854312786,5.996514890539883,8.238806612878186,12,1
1.731659273106866,6.013101456001727,8.152279397029835,12,1
2.9036789216912156,5.959275737610587,8.695475719975239,12,1
1.9701296090518192,5.991521198225589,8.663015212955147,12,1
2.097002166159605,6.019050035547139,7.465811228030137,12,1
2.6892180456421797,5.958149653875348,9.009356493775915,12,1
2.158633311906759,6.005535014556814,7.896703960095972,12,1
1.6418107091264966,6.020399849764001,7.99119367751013,12,1
2.485830022193041,5.998649264992718,7.741801395252642,12,1
1.7273346233425522,6.028433970872341,7.580406627219936,12,1
2.860200217043513,5.982504059428495,7.875849304299433,12,1
3.1914403747083693,5.959049817474197,8.339716313917934,12,1
2.0287604885989965,6.0206447978452955,7.492144899270922,12,1
1.7944078396026475,6.024278865757899,7.651961998990448,12,1
1.4086612177064266,6.0199785532943455,8.302192843902853,12,1
2.4861165428809993,6.009744396834786,7.323650544194663,12,1
1.9028336792983875,6.008976621663151,8.090917121722796,12,1
3.2389642321499994,5.962219136028346,8.160216676244085,12,1
1.8695510010303393,6.003498732420191,8.339318814154504,12,1
1.6859960297614074,6.019266553392922,7.9779355080866,12,1
2.7386060761398627,5.986202444832697,7.890507750000554,12,1
2.5619239290780644,5.9991602326559965,7.626236435945057,12,1
2.6997900439163196,5.985722043250415,7.957733075163538,12,1
2.1428638583409683,6.019948601648156,7.373921044393169,12,1
1.5484758565096088,6.034263051049232,7.587322721548902,12,1
2.103420639050148,5.97898971747684,8.966161087369287,12,1
2.671729215981475,5.9734185694149575,8.456542604723113,12,1
1.602371729286361,6.021685652829624,7.992700978985775,12,1
1.6560113151390912,6.018771202506238,8.034544516335782,12,1
2.544593116421584,5.996194023768123,7.759867716608841,12,1
3.0876211892865193,5.960146321801882,8.429848167445995,12,1
1.7559428985988554,6.031235398182296,7.438704493582807,12,1
2.3610463365243146,5.998986850517784,7.887048578220039,12,1
2.8377213732132294,5.9938230345984955,7.4780874357636575,12,1
2.143850571146133,5.983986396358414,8.72683197198112,12,1
1.793298148815659,6.008787521122228,8.236694645649179,12,1
2.3234414369276597,6.018960199728462,7.182553009510608,12,1
1.8654868153953297,6.002314113927109,8.389070427038545,12,1
2.402799673848194,6.009201577109444,7.449558172998549,12,1
2.881934853541225,5.960770495521751,8.666715482412632,12,1
2.930376457748772,5.989975044892974,7.505695220915096,12,1
1.7728102843343065,6.0163549868519395,7.9776758854159535,12,1
2.6940003139766344,5.960384696266906,8.919142083563166,12,1
2.473272796004032,5.999834277902955,7.713075353413532,12,1
2.879957993671943,5.954232667414548,8.915400401737452,12,1
2.7310696954310774,5.964884656103392,8.702770962277809,12,1
2.1204048826931956,6.008785995347995,7.822679932553679,12,1
1.5088648983918789,6.03403161099978,7.646179645447502,12,1
2.416406148022893,6.013074445778078,7.286501040003661,12,1
2.2088218655940466,6.016989109102545,7.401867222140845,12,1
1.5570007859609203,6.023921555575199,7.965941244774997,12,1
1.5585524588369601,6.027209776406855,7.840158798554936,12,1
2.4908169473231783,5.9939133759139445,7.9138189489394755,12,1
2.7668424811296486,5.957913307470951,8.919994271884992,12,1
2.2703971908032825,5.989954740423571,8.341902829292906,12,1
2.351996421183142,5.9977915788342,7.94351258646942,12,1
2.325399356800297,5.9917486380182154,8.204728276784524,12,1
3.1460888540275866,5.97922530431483,7.63741539272476,12,1
2.613776860228156,5.988730203766816,7.953341397644351,12,1
2.1079106639962433,5.989268576489921,8.573426002091546,12,1
2.3091138679007233,5.977178200346493,8.77399456614822,12,1
1.901247842210927,6.022436655291764,7.586085835647869,12,1
1.5674400040106689,6.009094212743345,8.511051514455426,12,1
2.635404316650474,5.96316748458782,8.888530426072998,12,1
1.6302770783361633,6.003815407899375,8.630282270806822,12,1
3.2478225456132876,5.95971086879938,8.243452289750392,12,1
2.7222463993463504,5.982224457093528,8.061008326850603,12,1
2.302571510184558,5.970215985356217,9.04443910326854,12,1
1.7626779380722528,6.020747642658112,7.825096206430547,12,1
1.6846815631966827,6.023979144318586,7.802146420596244,12,1
2.2722992880892208,5.989688325013569,8.349526931013392,12,1
2.949960250106673,5.970640308150648,8.208956026415734,12,1
2.25940288005593,6.01904616440458,7.260380013438182,12,1
2.8802025603722488,5.981625950170763,7.883594367377395,12,1
2.6794618731414994,5.966588268889173,8.70394968438174,12,1
2.345122274852584,6.0179262682109025,7.194040829885455,12,1
1.7411206135642252,6.032095053016392,7.425097091600314,12,1
2.328507631649014,6.000001369622028,7.890036301169649,12,1
2.894024160223559,5.97742243223456,8.02438195542778,12,1
2.595270596838103,5.9897437211222,7.938603699287923,12,1
2.6278987760593706,5.9873051663648615,7.98912490058117,12,1
2.684957739216323,5.98208565784247,8.113437143355439,12,1
2.7672988724788956,5.998456347971039,7.392764824216091,12,1
1.9288796032020536,5.9879943677139735,8.848035160693172,12,1
1.8462719824441607,6.011492032418581,8.067798444938562,12,1
2.666170026594181,5.9836562357197005,8.078079558605952,12,1
2.667660329181318,5.970830120481812,8.559161526047845,12,1
2.9239113331102438,5.969323465523503,8.291516198812744,12,1
2.753969295962274,5.970370219976492,8.467223830304098,12,1
2.265010156761623,6.007767593236296,7.677977550857896,12,1
2.135439881736405,6.024536660684974,7.210555016012173,12,1
2.026772835471936,5.995624903086287,8.4367873098531,12,1
2.3312573837981385,5.985468986775128,8.433773633902803,12,1
1.8148326240070287,5.993881956770015,8.770705282921593,12,1
2.1492067619527133,6.00678558482873,7.861546344275553,12,1
2.6459694664521862,5.978134356031622,8.31157755158762,12,1
2.2905729370245695,5.983603569355209,8.555517007003662,12,1
2.1537595081440006,5.980207381627293,8.856587748295603,12,1
2.038444155055055,6.0062089051825325,8.023471503233555,12,1
2.41791097436985,6.008882753574525,7.442434671452672,12,1
2.1290618408252735,5.983251730015128,8.77321639704903,12,1
2.9197738477478925,5.979833433367767,7.9009999326324705,12,1
2.3286708207776465,5.994820803405053,8.084904397985452,12,1
2.970641065494159,5.973702852956848,8.067456565342237,12,1
2.977370059339427,5.984733289722412,7.643586527482765,12,1
2.983476857723745,5.95300973700738,8.830409298813684,12,1
2.4960150689859266,5.981653678806617,8.368878803040834,12,1
2.6857658405081395,5.999382626505879,7.461095337617643,12,1
2.3595895194373786,6.012339152616048,7.386110610709867,12,1
1.6904779230012754,6.032357643628076,7.479315904983895,12,1
3.082303876263912,5.971973216679024,7.991236398873414,12,1
2.180583882729157,6.016672927921312,7.449518457208875,12,1
2.853348397460847,5.977877613196975,8.058732001689803,12,1
2.1834961086868914,6.0144326702622575,7.530189076560745,12,1
2.543925951011116,6.008506327689006,7.297091380501074,12,1
2.6382135199591707,5.975607195886421,8.416555949074885,12,1
2.3929340347363572,6.015923388272266,7.208936331730893,12,1
2.1268344490407265,6.017300961915704,7.493909178001841,12,1
1.7509679890256522,6.010038646846492,8.24316756187349,12,1
1.512404841836595,6.0082782117452105,8.611445054129867,12,1
1.4604008381250724,6.020963666924432,8.199603056262646,12,1
2.0946860588774636,6.004916556238772,8.000940495067153,12,1
2.2937384623555856,6.012042727381457,7.480630916157698,12,1
2.363186937681479,5.994494495863272,8.05349887690364,12,1
1.5874000740169694,6.0033315785876225,8.702777299938493,12,1
2.331894988030018,5.978828106148509,8.683029452606167,12,1
2.340842292246828,6.016821672586939,7.241052343972505,12,1
3.0532614144764962,5.964103557082731,8.324332880870163,12,1
3.000477322376855,5.969772180984349,8.177697760196018,12,1
3.093968284008002,5.975853464743076,7.830359783277712,12,1
2.039446249280282,6.007531115383463,7.972415049473284,12,1
3.2131219431292064,5.959768819528439,8.285196343361568,12,1
1.8350233161171579,6.017281866773677,7.86402099385202,12,1
2.5461249885521715,5.9694671883599355,8.764329890671297,12,1
2.503081472459708,6.009718974515571,7.303132554717274,12,1
2.199030808248236,6.0147468347772435,7.498694389909,12,1
2.226003461610966,5.974951719614594,8.96303924324639,12,1
1.8137380631139428,6.03160992270195,7.3514410055140065,12,1
1.7872547471555271,6.023386937157899,7.694602479947034,12,1
2.379922288236611,6.000389780440202,7.810326769395594,12,1
2.8483681851886486,5.977160893773016,8.092024398219875,12,1
2.078756113348294,5.9805908157420005,8.937093492382449,12,1
1.5534738916795163,6.019592536455882,8.133415399926323,12,1
2.4761730727637836,5.99682883731448,7.822574128617516,12,1
2.8872048622035873,5.967114625669674,8.421155602855496,12,1
2.8742333124357735,5.9775928936868645,8.043015707771703,12,1
2.3498319876376113,5.9771344499106664,8.724098449488455,12,1
1.8135679444136033,6.0188316233306765,7.832824327471712,12,1
3.154054017720683,5.9545299935063385,8.557236668257842,12,1
2.5200204728977798,5.97477806178042,8.597393218669204,12,1
2.7821579866624435,5.987470223514913,7.787638700596389,12,1
2.7616273320258555,5.976645513332454,8.221233091669749,12,1
2.140210273983911,6.017432927615913,7.47200804212173,12,1
3.249102607782524,5.966922032584692,7.970294906976081,12,1
2.7433919695623272,5.99293503630456,7.630933148833298,12,1
2.115083774991507,6.002412079069595,8.069426095807106,12,1
2.0278597658970403,5.984707419916549,8.846510184355088,12,1
2.0781997945126855,6.0067646356328215,7.952220249374027,12,1
1.8181474827878499,6.0106873244056445,8.133701546231901,12,1
2.396736400773717,5.994681319698004,8.003995000040366,12,1
2.7446185651892483,5.971568451742052,8.433941048833859,12,1
2.1090177229069065,6.004676700121815,7.991830381167397,12,1
2.1467928754320558,6.023402612429995,7.238886372143702,12,1
1.8733484280736348,5.9971153048565915,8.57488031397998,12,1
1.5204067491216668,6.014873314430888,8.35297657364509,12,1
2.0946323221346717,6.016785998336603,7.554063643072457,12,1
2.5176397062279197,6.003579317836865,7.515893138347704,12,1
1.6014343299434175,6.012043122903117,8.356977901394862,12,1
1.6969849605518081,6.007250600994924,8.41648676549816,12,1
2.5081028700633263,5.985107948177024,8.223506494464893,12,1
2.5207826026601876,6.006688396560054,7.394842033496582,12,1
2.1250920991306392,6.006968945893271,7.885167716149239,12,1
1.8405687504071675,6.002271686996484,8.422210862242554,12,1
1.4797764541609126,6.014425772263896,8.421261181931136,12,1
1.9052676995895768,6.018500972393118,7.729195730826825,12,1
3.0852399169578897,5.954433770228922,8.647969157630255,12,1
2.7245072504120382,5.983653047833087,8.004352691497209,12,1
1.9304356616255567,6.026251139946443,7.405503316267675,12,1
2.09957321892367,5.985704755173712,8.718176063483691,12,1
2.4260975031080907,6.015291470729448,7.190750848967122,12,1
3.163205563966519,5.953592321902115,8.580960174408185,12,1
2.325103504744505,6.005998658896778,7.668517008301779,12,1
2.5789703874334085,5.987268853518638,8.052428879057329,12,1
2.54480507024408,6.0044085836324665,7.45027944550363,12,1
2.3854656239451097,5.9785221526176064,8.626737097332608,12,1
2.94270510885775,5.967742805360356,8.327245757832605,12,1
3.053230002514087,5.966803136400445,8.222719749913818,12,1
2.5511223864710844,5.968710153952752,8.786510068263656,12,1
1.7627629641433389,6.007768303950441,8.313726703886427,12,1
1.9065567521513922,6.0184220305390665,7.730536529841511,12,1
2.5442183133112244,6.000066389248777,7.614527906602452,12,1
1.482438490532262,6.029625773020435,7.845534058250717,12,1
1.378153995075174,6.028006725195513,8.0385092830009,12,1
2.891828938505647,5.980223327370818,7.921692854253485,12,1
2.360652196927248,6.012489283177625,7.379112227702511,12,1
3.026946019434869,5.965417181446113,8.308179914359101,12,1
1.9582410387162823,6.0202723281035375,7.595438210898912,12,1
2.8727288191727265,5.986477741334503,7.710360477938919,12,1
2.8147326031539777,5.981785694816752,7.96045513621902,12,1
2.0554117493227997,5.990412484611054,8.596808452542998,12,1
2.7511870483781475,5.994360427238408,7.567392430756792,12,1
1.9631878077514355,6.002820669814471,8.246319993093222,12,1
2.8881694790163737,5.973299683684451,8.187035632649406,12,1
2.4062016345822714,5.977313600367077,8.64599629809219,12,1
2.2477794793139148,5.976354899812304,8.882636925336307,12,1
3.1069251524877535,5.964613782486508,8.23718938231252,12,1
2.5208757807684368,6.00423928321978,7.486945658820275,12,1
2.000217666564118,6.027725321843895,7.261658441464577,12,1
2.1980217411806096,5.982652532071203,8.708485492051667,12,1
2.881660897069501,5.958622391139578,8.747949331136667,12,1
1.9645939026682953,5.998836648326709,8.39455874608371,12,1
1.7847646533236448,6.028935435179427,7.488825420540909,12,1
1.5203762554717393,6.028308439120677,7.847114384810285,12,1
2.1434658287801187,5.988665758223963,8.551117224591117,12,1
3.1969115479548558,5.955930759313254,8.45023896710448,12,1
3.061785542712997,5.984014657144492,7.563788300199103,12,1
3.1889612535020455,5.958387835108986,8.367781544206832,12,1
2.827518313628702,5.987602993136439,7.72521930950329,12,1
2.4093478941757347,5.994502361916705,7.9947692535980295,12,1
1.746757669343876,6.018104500171707,7.944776838884601,12,1
2.7698393250510325,5.993882477995697,7.561778432466515,12,1
2.077201474054526,5.999357165940531,8.232412901879808,12,1
1.8714071380845427,6.015081638138905,7.9008138767295275,12,1
2.2851416400143805,6.003227271315015,7.823460077151161,12,1
2.691355818066845,5.969820757702407,8.567173937234388,12,1
1.9306078135288496,6.0153410590950775,7.816105439704948,12,1
2.447208050973655,5.978719908826378,8.541133143581472,12,1
2.3298486099464504,5.998468190086666,7.946070815808372,12,1
2.3707518751075645,5.977086800241491,8.69941099970316,12,1
2.5049042353641604,5.989109625117961,8.076872032839095,12,1
1.762987815608147,5.991875916036306,8.911871323037014,12,1
2.1134600297660855,5.976316411370349,9.054116172704006,12,1
1.7514561143274348,6.026577178244808,7.619789822992724,12,1
2.57604913176546,5.97389260362233,8.55981064135553,12,1
1.7861448302108918,5.996773312839674,8.698145822434293,12,1
2.0686286405688206,6.022660255329806,7.365785071504973,12,1
2.5010236926839307,5.967992778210207,8.876940974864135,12,1
1.8292279260038073,6.027693017656974,7.479324368483955,12,1
2.081709540285862,6.016339569191069,7.587232437068108,12,1
1.7360466464247182,6.026908104999922,7.626835015651758,12,1
2.4546965378305106,5.97179162746362,8.79253878622878,12,1
2.2651538883407687,5.979303936317771,8.74959708521394,12,1
1.6026252962649459,6.010116823982684,8.428005255239299,12,1
2.7410492812242517,5.976868318768543,8.238892317567444,12,1
1.7914687501774424,5.99250499952763,8.852130180781577,12,1
1.649240584256335,6.02745730711477,7.7160393059535926,12,1
2.6134178591694552,5.967558019615089,8.751036280729464,12,1
1.923216526458834,5.996113633070504,8.549472193783197,12,1
2.450882085096537,5.9778485170892655,8.569294653063578,12,1
1.8908978093541,5.985777383043377,8.979595642078513,12,1
2.8332027850886408,5.965685671294121,8.543322211615262,12,1
2.8142555109079535,5.972554014189146,8.308678806998826,12,1
3.0483448543672296,5.965701869191926,8.270371988626328,12,1
2.429724727293595,5.972547531724666,8.795686025400428,12,1
2.488760193164646,5.984314021983195,8.27788702481825,12,1
2.189108931570404,6.012728672788125,7.587248187445177,12,1
2.6738557221149377,5.95970645750149,8.970181507854894,12,1
3.057928421182817,5.960256237737027,8.46329623666973,12,1
1.4840016678878971,6.031001493572034,7.79175241345276,12,1
2.6753986355516326,5.997875656410185,7.530963884305232,12,1
2.3595764943311064,6.0119661611660495,7.4001721242195,12,1
1.7279701185280112,6.017038228135191,8.008709862327533,12,1
2.9648131666486375,5.987336368764366,7.561462659860627,12,1
2.340992293579803,5.975554862045607,8.79476780575159,12,1
2.369871111047301,6.016654050580048,7.210617670465278,12,1
3.024568211702639,5.981453883141309,7.707326493945236,12,1
1.8126589283710746,6.013313372640722,8.041765226888659,12,1
2.1577178518101072,6.004659730674428,7.930821697530967,12,1
2.8519743532739428,5.9811394872423005,7.93764520168198,12,1
1.6514194857666555,6.021062553026798,7.954076137908437,12,1
2.494572833148426,6.007427846340543,7.400175953478014,12,1
2.6763523127432736,5.989249556838856,7.854573190242904,12,1
3.080247609562205,5.981095203120649,7.650350156447655,12,1
1.9935358230327165,5.992494974237324,8.596718542616541,12,1
2.5445144373823854,5.9653254676195395,8.922325482072065,12,1
2.574763581999776,5.992475458020339,7.861698970835423,12,1
2.234801291258649,5.986730403825227,8.508375020937457,12,1
2.021603993729553,5.990953661850671,8.619226348391004,12,1
1.9550128803516738,6.002523080300084,8.267874086654063,12,1
1.462244100704444,6.015199299361279,8.41432750151088,12,1
2.1349398936645745,5.980705013426632,8.86167242486636,12,1
2.5456598581041896,6.010790549344381,7.208883927181532,12,1
2.158877327740354,6.020074856174826,7.348896067896423,12,1
1.7548738034349847,6.012836017079234,8.132888118061103,12,1
2.178744210663507,5.981344109614128,8.78215695761485,12,1
5.834791249152261,6.016135469474789,4.093367708436639,13,1
1.4672566332334986,6.0938222558949695,4.480189637597753,13,1
1.7455880967775332,6.653901722688595,0.03665676217354896,13,1
1.9015182718616424,6.576113214567728,0.609508966225492,13,1
3.9444527477684073,6.140149989495711,3.5538819065391665,13,1
1.7567947654000937,5.897573800536905,5.949051770365383,13,1
1.003918153096288,5.683075155948179,7.79797369895896,13,1
3.8176460780627774,5.62006654074251,7.650123018312146,13,1
2.3484599305397165,6.352397110586578,2.257347988359402,13,1
0.48104678606893536,5.8134242371362115,6.89760916975043,13,1
0.4646412660152025,5.914876384571935,6.107926519328338,13,1
1.014026757676118,6.186336551650893,3.859860596205329,13,1
5.147349568105152,6.285905587665657,2.1401140868110042,13,1
4.312010711027282,6.140590883408766,3.4667499507600477,13,1
1.7508359461906977,6.292169032013867,2.8644326268821008,13,1
5.620937178738217,5.907812014671988,4.9892126189405825,13,1
3.6043636087662425,6.553415208327903,0.3993252988282481,13,1
0.18535234596394035,6.3081263265979555,3.096058893724643,13,1
1.0375093220949827,6.59500181183069,0.6585021530827246,13,1
3.852872462626251,6.1288214047727925,3.6633289366612924,13,1
1.2857329410400031,6.588073694228252,0.6561698612673661,13,1
4.782345109140625,6.2544634235630765,2.469113548153304,13,1
1.0698399466779813,6.387492848250616,2.2739881556044983,13,1
4.82198461491834,5.920379882262596,5.072826037129252,13,1
2.2391076305364463,5.8068026096651115,6.549127186005368,13,1
2.8360767139549603,6.459786633551448,1.3064779679942604,13,1
0.3974545712251313,6.018354936105587,5.313957773509337,13,1
3.76614165094939,6.486029154179403,0.889492541283273,13,1
3.33975624423392,6.1884823691336965,3.3135676665413376,13,1
4.731575766545512,6.392086215318557,1.4043781538615945,13,1
0.915868094360323,6.131495673787397,4.311098080721237,13,1
4.35600680184789,5.879727374818864,5.496845157147818,13,1
0.9149062281863629,6.497852943226853,1.4461793714859916,13,1
4.046064816736806,6.252809166417281,2.649683739229925,13,1
0.8817417034365496,6.1991969195925085,3.789402709745796,13,1
3.0042251944005685,6.192848387076183,3.3558148950155355,13,1
1.3277233997389113,6.062463741088535,4.757200665220529,13,1
3.822663536674573,6.5462337696207396,0.40578702032413183,13,1
0.4118812556182935,6.468584788304842,1.7896006244147569,13,1
4.70084908049602,6.378432661423175,1.5181529977345853,13,1
2.126724155865301,5.716941558216791,7.277482465563541,13,1
0.16161407774976122,5.989619014472926,5.59238531126154,13,1
1.8357967406745774,6.296205767971076,2.8135194046470664,13,1
4.205704490598984,6.26032282494126,2.5545763163816435,13,1
2.7149171809385875,6.3264690387897495,2.3766880618830513,13,1
5.201057361342457,6.323307582826076,1.8353796890983545,13,1
3.255124869548182,6.531331092448836,0.651549638903465,13,1
1.8558639610719934,5.9713845814319715,5.349250747160868,13,1
4.7139643375204745,6.27648463042035,2.312462872510232,13,1
4.233163194082634,6.371988428944548,1.6750313914609993,13,1
5.679493280238476,5.948673908868539,4.656315856274765,13,1
2.0621881654713983,6.033436409161921,4.816992598786283,13,1
4.578495534462677,6.407268216104285,1.320498229821843,13,1
3.157589852301923,5.641594389300159,7.632040635094107,13,1
1.45166265183813,5.991050173202206,5.287480486643585,13,1
1.1774520817030445,6.352514187195878,2.5230420252178707,13,1
5.3965260057671225,6.032132810726605,4.0680409272624924,13,1
0.7846262925676216,6.646302032493687,0.3148783192943143,13,1
3.719818748248394,6.015410004634953,4.580568437464791,13,1
0.8622094452774922,5.679050000379221,7.861716457754917,13,1
4.609646308597529,5.6854337720447905,6.958592381126586,13,1
5.099774169758443,5.810630837209695,5.86788478924654,13,1
0.3382829755203711,6.605661943333957,0.7343300295598985,13,1
3.3087374519403756,5.6698567397795285,7.37659919922857,13,1
2.6251344308185693,6.521592036214797,0.871148316944427,13,1
0.7675418861793928,6.401021410107772,2.237012358866292,13,1
2.531349912233682,5.689590032802845,7.399264787355159,13,1
3.909884356026486,5.771584706437932,6.444157996117977,13,1
1.724663326892636,6.383177023020174,2.1586533893887623,13,1
2.633455394088965,5.63819342623698,7.77797075203898,13,1
3.2332850876895924,5.640047912166956,7.62690109035254,13,1
3.1882614356856744,6.474344533562573,1.112442507089459,13,1
4.831364584593514,6.394711573417909,1.3611267930904027,13,1
2.3641243102106086,5.916953442260832,5.659217150552516,13,1
2.599341297105802,6.3277856398865975,2.3927052191564866,13,1
1.7827650680349703,5.802696921612878,6.6851341379052505,13,1
2.3775649567903443,6.018333153702298,4.863305756778076,13,1
1.6386932673262846,5.83214112974679,6.487664039795993,13,1
2.1656248018333644,6.191049392039869,3.5608127916927232,13,1
0.5316398170089951,5.810211246519798,6.911217932471202,13,1
3.872333423514203,6.383137890990406,1.6699878378076716,13,1
5.106543491365535,5.89814794176139,5.181906348219641,13,1
1.7209350791500482,6.375365320654459,2.220594505268216,13,1
4.5949838787652855,5.958275046082628,4.828145177981528,13,1
2.313543639015948,5.85478430150115,6.15693379165819,13,1
5.462486040646121,6.1110811896202675,3.43559888897679,13,1
0.2585417752949677,6.20994254416544,3.84725263508844,13,1
1.318285593677938,5.873005562487609,6.2410281426060905,13,1
1.4812775238656677,5.983459037712737,5.340105227583772,13,1
1.75553605747296,6.650561277375538,0.060516179984577256,13,1
3.2219163966041444,5.958176469937025,5.141529753316674,13,1
3.899082776723869,5.939618813298704,5.132487860090881,13,1
1.1396035634349229,6.124055077446336,4.318349034410909,13,1
4.949810749084442,6.035040155711663,4.147009775201145,13,1
2.538003679169563,6.53519214517919,0.784624681047327,13,1
5.006476695796925,5.935655800793159,4.911354717041991,13,1
2.1610955546054056,6.233565245596237,3.2293440364466366,13,1
2.4529942347582065,5.637041596225194,7.828065328098358,13,1
5.107695151504593,5.992205930136805,4.4460532021758095,13,1
0.2172247222028827,5.751842125803047,7.439284695428592,13,1
2.9652420519841938,5.63885469039514,7.697259611542176,13,1
0.013724322601746497,5.848216172966846,6.731912788288341,13,1
0.9253600799310555,6.576530016631745,0.828496498786194,13,1
0.6528889215924507,6.1206856185835345,4.455513198650261,13,1
4.1232394542102995,5.905941818003496,5.344827586059573,13,1
0.4369416850817389,6.338697683637587,2.799691505294336,13,1
0.9233842328869953,6.567608840423415,0.8987153995564694,13,1
3.4174050766147226,6.14344013510888,3.6481467320033762,13,1
1.7107978255742509,6.16954979075831,3.8325057115956698,13,1
2.4682624466829353,6.515084262346729,0.9577589723695192,13,1
4.631236065109246,6.20042677584452,2.926116959148268,13,1
0.4411000606761627,5.734458867603247,7.524261495305671,13,1
2.3805893809862244,5.625077441112253,7.938117133554805,13,1
3.4801751766236273,6.47336813034762,1.0536170073120381,13,1
1.2079411468139787,6.129047953691445,4.263742906664085,13,1
3.8726955180607776,6.316258251635648,2.1929450430493507,13,1
1.791876448070972,5.7489439360195425,7.103440893119423,13,1
2.7121707588127495,6.038459472398068,4.629724146367996,13,1
0.5702866699326977,6.002740038426881,5.396726202185874,13,1
1.8693126281720631,5.925453099358881,5.705401072224337,13,1
0.8796389457556586,5.671762323647892,7.914742274783135,13,1
0.17524524292888488,5.735198620595915,7.579004769393146,13,1
1.8754614924412616,6.6233913090414,0.24569786602972155,13,1
3.880473797060352,5.6140327096402505,7.683006940098176,13,1
4.556507527250943,6.446555977940442,1.0182500539624382,13,1
2.2612083365989633,5.719017982148192,7.230624825798605,13,1
3.2940450504882817,6.392681803078968,1.7270106340475055,13,1
3.3371954626124025,6.436009300325634,1.3783388450292624,13,1
1.493399960513185,5.855545213278339,6.337709513634037,13,1
4.696756776441054,5.777952896857862,6.2152033849207164,13,1
0.3932262423548495,6.602424174122845,0.7471421344565767,13,1
4.3412606199836485,5.974361677973597,4.7601044244743145,13,1
4.47464838773038,6.311367311130233,2.0941453428476935,13,1
3.9589973668658396,6.418806518664514,1.3713061292447,13,1
2.8286958215685645,6.123183356922706,3.940601713511155,13,1
2.5860103672474244,6.345129074048323,2.26010409105819,13,1
3.870208262534867,6.046242902136326,4.305196350569064,13,1
4.55827886572376,6.449571961514321,0.9942599294112657,13,1
5.621975770436016,6.117949728431068,3.3455708350457876,13,1
4.619887664567425,5.7232821263311555,6.660263419579995,13,1
4.449207343071565,5.743238305637338,6.543053609244279,13,1
2.5048423662665695,5.731611611420777,7.076665481483838,13,1
1.0099223992013706,6.251223279887931,3.3533411949652483,13,1
4.448270630769262,6.151854931411167,3.3476351848024497,13,1
1.9068139394780295,6.569324286722677,0.6613968371216106,13,1
4.586943950841338,6.314105763821371,2.047162035431038,13,1
2.449699531995291,6.203935026539107,3.395362436556532,13,1
1.2548580375101213,6.304395153058759,2.8817388445910037,13,1
3.667111923991115,5.893490623097691,5.546052543358586,13,1
3.1581809745609677,6.278469746714479,2.651151605879707,13,1
4.051968392756625,5.918894236048353,5.259758428048703,13,1
0.9776380779160334,6.563000859090591,0.9224003648522552,13,1
1.6695661695013788,6.342128348965387,2.492223368287771,13,1
4.7671744974682735,5.979339799949471,4.624202368385462,13,1
0.2737273527834727,6.280395984795829,3.2928062981570703,13,1
4.128841019414285,5.776001695749132,6.359763401022715,13,1
2.484668758319069,6.1182347992284365,4.0576289479685785,13,1
0.85675530564292,5.727842096189233,7.481374228332676,13,1
3.571718806156464,5.995480786037364,4.77014581365192,13,1
3.098678135144933,6.07107362535322,4.286663331369077,13,1
3.145252551439339,6.326369931022127,2.27948637966366,13,1
3.1983228551145197,5.854842043195793,5.955039779250372,13,1
1.104116766536602,5.63579929268885,8.144887080061467,13,1
1.8721904745852924,5.8735641878818345,6.11054885092884,13,1
5.604640310892092,5.894688839881474,5.0955542599098225,13,1
1.4848823644183833,6.112124603071408,4.333041154483549,13,1
4.079534740801305,6.197498973453157,3.074622967014222,13,1
0.614326052148624,6.262030040294575,3.3588932707624424,13,1
1.5535509589308505,5.675516710206933,7.731947509619925,13,1
5.598493488533323,6.196512383922284,2.736509202192747,13,1
1.1717323852402792,6.289590858930015,3.016443134347596,13,1
1.875261724167094,5.697247164701706,7.488756459381721,13,1
0.4787591458251962,5.9674823870495715,5.6933011425461935,13,1
2.6194202160056133,5.594423065629712,8.123477181401988,13,1
5.671574845360165,5.97995680156174,4.4134673532188256,13,1
1.2166445298373347,6.599430258074761,0.5830843224955178,13,1
4.05860135926118,5.660407274447426,7.27977424806401,13,1
4.835254261589451,6.076055265720249,3.852328244345583,13,1
0.8651859170386902,6.055194236772845,4.919361024248933,13,1
1.6702185101415967,6.162114490642338,3.899893212430099,13,1
3.1095927461948283,5.583201212153254,8.099638719376873,13,1
5.180198593931689,5.895055813785554,5.1893192255060985,13,1
1.3526843889655535,5.8170127683387935,6.6710942476436355,13,1
1.882669419034743,6.163781538283972,3.838486041563065,13,1
2.9419435682273525,5.806681629377185,6.390054892281819,13,1
4.7931835360444754,5.902449307314501,5.219611385694844,13,1
3.1549941522379097,5.90443934420109,5.577023458467731,13,1
0.8065578235264411,6.1614119339107,4.102021903374762,13,1
1.094160782395816,6.2829350865267495,3.086156484947339,13,1
1.240294250138996,6.29798290295784,2.9352023741664137,13,1
1.793216923843514,6.6026944749888,0.42628481745963764,13,1
0.7143023960724658,6.5826940429505205,0.8283426832300762,13,1
1.4494702292628483,5.6282613427281385,8.12520997660858,13,1
0.9725724730798635,5.687964805480635,7.76687029124543,13,1
1.9816131356141926,5.896215463481063,5.908489190079173,13,1
0.3032390618992522,5.925125755511251,6.064517482752278,13,1
1.5398696736033195,5.630431864141516,8.087653445791545,13,1
1.1423480170016174,6.263093990869682,3.230354929940114,13,1
0.6181127691869923,5.875129949888027,6.3838262432789445,13,1
2.9003641401196445,6.090188221764331,4.18232672040337,13,1
3.6677638356560007,5.737629728572029,6.764831550075446,13,1
0.7175443926073665,6.484446303497799,1.5959619153468103,13,1
1.776705583850886,6.640392043360871,0.13522602390018434,13,1
0.08142544801188634,6.473571279519631,1.8258398651099732,13,1
8.043757870755684,0.540886018962114,6.241828379236794,14,1
8.028458880716467,0.6245802001509247,6.1055928004816105,14,1
7.366980157235456,0.617957981936934,6.205311894597838,14,1
7.314909574873288,0.7050266162754776,6.068435787258734,14,1
7.891524287910807,0.7222712772647862,5.962554716306576,14,1
7.48900425674684,0.5691868744062837,6.269520089446669,14,1
8.052865070160276,0.6437660063360968,6.070616315182518,14,1
7.394963694549386,0.6569371826957505,6.13715043966862,14,1
7.669097996759028,0.8599975907451104,5.764839800358931,14,1
7.890811636209128,0.8224726983771897,5.797086401297183,14,1
7.421873943851958,0.6261400517066835,6.184425265961346,14,1
8.028660132375242,0.6513446591176054,6.061342567228501,14,1
7.817875579302315,0.7849148862911928,5.8689323616129006,14,1
7.68855171439429,0.6933835892712525,6.03752714504278,14,1
7.824454749772129,0.6127340255636655,6.152545786126769,14,1
7.545933456533841,0.46347737356890756,6.436544639266706,14,1
7.693122691792226,0.5351527182264427,6.298360361024879,14,1
7.326843691399632,0.7026942178104864,6.070687957062678,14,1
7.540399152718857,0.4777685891413259,6.413673858956345,14,1
7.249088975585543,0.7092898971326863,6.070225308617837,14,1
7.340472310135913,0.8269861040605582,5.863489946185279,14,1
7.825457622539491,0.7672819676304998,5.8970498490374625,14,1
7.368659510383456,0.580922827153465,6.266280120463193,14,1
7.269774567218594,0.7471300048756678,6.004925448207132,14,1
7.3021497686581895,0.7166920702829206,6.050873318381984,14,1
7.8903340002612765,0.5771188057942437,6.202551562285285,14,1
7.980881618723479,0.5529240946645129,6.230376356545525,14,1
7.460299763775572,0.7678335306611891,5.945146368505328,14,1
7.424105797534174,0.8275282009502736,5.851369774403051,14,1
7.274876825756892,0.7334533061972818,6.0268388400292805,14,1
7.448039643913388,0.8251455409364301,5.8520945069766475,14,1
7.2883266307129055,0.7885238035748741,5.93404012440328,14,1
7.878145993201404,0.7605930572583056,5.901030700953127,14,1
8.009876214430596,0.6659722464749696,6.039694228012182,14,1
7.498445474575767,0.5560115673432887,6.2900226939702915,14,1
7.208951014935816,0.7253234650239109,6.049119779847289,14,1
7.472017154659573,0.7269864229820271,6.01106592189764,14,1
7.442740176743777,0.5923089118117602,6.237524388107496,14,1
7.906815591774301,0.8170746168898372,5.803857820891729,14,1
7.951243440582683,0.5023905284443075,6.317851291874878,14,1
8.045334643947244,0.739494771046972,5.913453235976482,14,1
7.491687282559552,0.6085245680822532,6.204161876773673,14,1
7.906304611751046,0.8167903412028283,5.804396111558488,14,1
7.718766248232928,0.6414219526209736,6.119328858992647,14,1
8.038373924657986,0.6117939388487734,6.125388987971123,14,1
7.455613290402925,0.8156808958914414,5.866716588928009,14,1
7.635479456971095,0.8873631130834951,5.724135380840188,14,1
7.797607784802375,0.6204939553682123,6.1433270988010085,14,1
7.939911390116007,0.6414624125563816,6.089582094567449,14,1
7.741794930986531,0.4668162575133048,6.404741174511392,14,1
7.591208645300059,0.7383173868920463,5.97634693786826,14,1
7.778370809855378,0.8746561741264293,5.725953739144342,14,1
7.622762797424042,0.5605263164414249,6.265878281574495,14,1
7.653924381730103,0.4382416877970612,6.463748379922822,14,1
8.011627372624842,0.7694619814139511,5.868461926086135,14,1
7.275020011506269,0.6383388516249124,6.183978329825847,14,1
7.547880924707985,0.6986445115009442,6.047713903767293,14,1
7.392275916699796,0.693169324102169,6.077644382819862,14,1
7.292981431919724,0.6316187726308724,6.192671389542405,14,1
7.476455446043269,0.6591146590166359,6.122615554244971,14,1
7.247364091355504,0.6313993791032074,6.199156203912227,14,1
7.271555354757186,0.5812805816844838,6.2787213571522695,14,1
7.75182651110992,0.7115270630117105,5.999056357885743,14,1
7.292920431173369,0.7468169754313833,6.002336261598612,14,1
7.469246671784743,0.4795419313109497,6.420293127013098,14,1
7.534066575800957,0.6067275684406415,6.201443350679742,14,1
7.775417905435666,0.5479499801551991,6.266170449014379,14,1
7.36065839085159,0.8084776384284399,5.891362520783115,14,1
7.284988020006058,0.6469288650462005,6.168447144459323,14,1
8.03640455266725,0.7256847032396763,5.937470278241468,14,1
7.478817516596694,0.810399804128749,5.872328356001345,14,1
7.477059267650462,0.5991042148294843,6.221690462124399,14,1
7.840437146033145,0.44936111749139995,6.42034372131711,14,1
7.5393612452147964,0.7372402178620572,5.985085201484618,14,1
7.329376374728646,0.7118980477051764,6.055140451428651,14,1
7.94220678185817,0.7703240756944618,5.876354422350494,14,1
8.013208316844723,0.7247143996997822,5.942186691107048,14,1
8.08348425672859,0.7455142014611198,5.898387198485256,14,1
7.741048471647333,0.8646785676080103,5.747448887913,14,1
8.044531380192405,0.7581449114855345,5.882745200629356,14,1
7.342238990322555,0.7947114833751964,5.916580566660239,14,1
7.690879710425313,0.795314880223676,5.868792460567523,14,1
7.836560612083722,0.7331823804674367,5.951902855574714,14,1
7.547789168767049,0.9126862536218474,5.694062587110249,14,1
7.287135328401757,0.684527595909634,6.1060341387225,14,1
7.480635269463713,0.7469482583408144,5.976926113778293,14,1
7.793655635804334,0.5343533394014858,6.286188647195421,14,1
7.804451191811079,0.8691356946113669,5.731575040195379,14,1
8.008448188850812,0.6820972797216475,6.013242305656169,14,1
7.494468481958362,0.5988976347452986,6.219695304347599,14,1
7.955349418668606,0.5120531622145028,6.301334547273211,14,1
7.605542820950298,0.7920611128298031,5.8856217704645735,14,1
7.558310316660412,0.8233977371123422,5.8401829851118015,14,1
7.501216723229146,0.6421283486703215,6.147359016580554,14,1
7.9036980432586414,0.7149826078259467,5.972964027669608,14,1
7.283763543781772,0.6127126381301239,6.225147346637379,14,1
8.018897272183807,0.566691257247965,6.2025266308134865,14,1
7.434868942828532,0.5049398398470827,6.382941709256006,14,1
7.574180722796288,0.75184077793119,5.956287402595986,14,1
7.7863250786714655,0.8203130647966835,5.814677940216206,14,1
7.4686270116652205,0.711164976204147,6.037662871736,14,1
7.515989951083337,0.6126534549322691,6.194078005946724,14,1
7.950026913519192,0.6611331820682597,6.055722250532638,14,1
7.594395478903184,0.6091213629603853,6.189391308246635,14,1
7.618352782493466,0.7511399391697106,5.951517069909264,14,1
7.952781302398407,0.7537278263304754,5.9023573884945355,14,1
7.840040263049387,0.5455352865087799,6.261487301891731,14,1
7.535341617948235,0.8769608701133645,5.754762636059962,14,1
7.352393258178965,0.6847487150879922,6.096910507562151,14,1
7.4412763825426405,0.8023507380322581,5.890666319872212,14,1
8.01939280778032,0.6261437884711227,6.104226024096252,14,1
7.6255055599066655,0.45419717004048865,6.441199046150738,14,1
7.815262726860659,0.8509460122597936,5.760179044242236,14,1
8.092121064811375,0.7320874497375992,5.919413227826126,14,1
7.288591150249812,0.6174973535318692,6.216593592816115,14,1
7.4179880762928985,0.5613290300812698,6.292034784771854,14,1
7.642024208316758,0.5306160128349471,6.312714344169362,14,1
7.44240020836264,0.6204461971779827,6.191078455208427,14,1
7.473222512592866,0.5984480496667505,6.223289582653301,14,1
7.685382784376812,0.5799240339630282,6.225422975083438,14,1
7.950182449738887,0.7638598864073249,5.885964861426659,14,1
7.7604942549997435,0.6852374231047929,6.041331733352058,14,1
7.95013597659854,0.6017910072475366,6.153759370847574,14,1
7.659216065545821,0.5847265791783747,6.220999512410357,14,1
7.794500491794583,0.7312818840824636,5.960687960627109,14,1
7.622496322804597,0.598150474872048,6.203747215640308,14,1
7.853280027936653,0.8586529498690161,5.742342476779656,14,1
7.869119603127932,0.6751657977652493,6.043394576656397,14,1
7.245612580413018,0.7552837092075784,5.9946957715099956,14,1
7.580421047445826,0.9038300879932729,5.704316203632996,14,1
7.8991655530734395,0.6167731205929305,6.135844998456568,14,1
7.959087907921365,0.6720591673866088,6.036453042399556,14,1
7.407646464268616,0.8129886826882529,5.877602596373983,14,1
7.857539273940762,0.7200420655594341,5.970799200620619,14,1
7.712179725037298,0.8486236539387693,5.777851083765453,14,1
8.089171686867282,0.6952952433516666,5.980601249732342,14,1
7.889446131378626,0.7578028605476961,5.904124382360157,14,1
8.016475599713214,0.51713154666712,6.284739723276881,14,1
7.610040218532796,0.8104963480774896,5.854557423137194,14,1
8.022359450959161,0.5106215652345987,6.294706568164851,14,1
7.543700984721918,0.8833700717032615,5.743050727123936,14,1
7.218104736401186,0.7053062416846797,6.08096594620826,14,1
7.63854106044801,0.724598245884021,5.99266274402122,14,1
7.928885752980362,0.5728162832280403,6.2044866351275445,14,1
7.996365286844476,0.6300371957443105,6.100883428427742,14,1
8.025266349847204,0.7784872824222331,5.85171882894932,14,1
7.965914776732712,0.5133885116277006,6.297710156304446,14,1
7.368620195513002,0.8032807214686425,5.898880891807732,14,1
7.688534108797341,0.9004524796127418,5.69538719981884,14,1
7.258967357350116,0.6654614691074567,6.141317745493786,14,1
7.6820362132222515,0.7712974860612937,5.909663563717376,14,1
7.991561479050029,0.7892584118234741,5.838445102151129,14,1
7.807741212281614,0.7258315634051301,5.967916549697011,14,1
7.876477824624608,0.7604557929919946,5.901481389352949,14,1
7.886839549644465,0.8214318544363615,5.799339293848922,14,1
7.524293851985069,0.49420624989064427,6.388675217176441,14,1
8.06466680473058,0.6997842346768396,5.976472840484812,14,1
7.465709317826114,0.5009113172538622,6.385458993582037,14,1
8.046571218163947,0.764675071217503,5.871681575768574,14,1
7.565392382069041,0.8449096365756213,5.803688141598103,14,1
7.341456220662024,0.8044075157310455,5.900664756524347,14,1
8.0230581025572,0.5128817050283702,6.29087834709786,14,1
7.721415128502606,0.8068874202366472,5.845572858091489,14,1
7.862167020081377,0.6076916694122724,6.155815961527013,14,1
7.785755415908099,0.5629540119662463,6.239991716426504,14,1
7.283941817409572,0.751409313377852,5.995953309481405,14,1
7.459497206747699,0.7002557705900301,6.056913589637142,14,1
7.557230611935579,0.8848849076063077,5.738731933700155,14,1
7.651257799297917,0.8288628890785459,5.818678360579533,14,1
8.069442984432335,0.7552923716542905,5.884115096045163,14,1
7.965854243274288,0.6874800602691045,6.010064813247294,14,1
7.592030373024372,0.7281973942396116,5.992958033910541,14,1
7.776563629204621,0.5740290501668507,6.222925934113147,14,1
7.781851663285208,0.862192563962072,5.746080339813219,14,1
7.660568283518353,0.5624865850359908,6.257565429101509,14,1
7.917462099648762,0.6933227362357526,6.006905607100636,14,1
7.46091741801256,0.6556527936072413,6.1304209945842105,14,1
7.310442682984526,0.5745375205644144,6.284643922281535,14,1
7.452025792276052,0.5484626455988705,6.308725854442383,14,1
7.39596692319628,0.848956848224619,5.819739495347755,14,1
7.322054243846565,0.5441463012362908,6.333301294603624,14,1
7.666935549571635,0.8769860502082854,5.73705979573778,14,1
7.550483624665921,0.4731712988229557,6.419916576595206,14,1
7.484608938011215,0.6521240444465145,6.133071946079392,14,1
7.367428748186281,0.7777783390699302,5.941178675699574,14,1
7.2154608511254335,0.7244574471359432,6.049677025381899,14,1
7.882386143878962,0.5914712068898239,6.179903607567391,14,1
7.577591646224395,0.7728052559563311,5.921189774156934,14,1
7.484642088659021,0.8493761822107457,5.807145521996097,14,1
7.4738427817881465,0.8979020374626884,5.728415069561894,14,1
7.775720909829526,0.6819434393523284,6.044730849680387,14,1
8.034098081476735,0.7249437164702404,5.939004170932661,14,1
8.090046560202302,0.6801941040790731,6.005435618922899,14,1
7.366696948943001,0.5370251624668523,6.339076132063896,14,1
7.609489855861414,0.833130421863105,5.817232747039394,14,1
7.244585626350276,0.8006324390808042,5.919903371399394,14,1
7.9583932548916465,0.4879515394234219,6.340749422125128,14,1
7.514763526536466,0.7409418624008007,5.98227019398572,14,1
7.768893268145722,0.4865317361994559,6.368528191830575,14,1
7.404218848150239,0.7249653953954962,6.023504506633286,14,1
7.445014577620929,0.7624305402598256,5.956125218050956,14,1
7.614646010910513,0.8087555820565213,5.856815566982339,14,1
7.751178115681126,0.5663361834315905,6.239043938615344,14,1
7.389686828288424,0.839945235120739,5.8354723394580645,14,1
7.594781271539344,0.5397425809662252,6.303974890077816,14,1
7.946280641607463,0.7418650582352218,5.922830830944942,14,1
7.790428068481898,0.8553718332369121,5.756199271390056,14,1
7.872496024469355,0.6086399917733042,6.152862780856926,14,1
7.741785633575709,0.670119552240684,6.068822051169203,14,1
7.3118727942282895,0.7752640573282373,5.952789222564064,14,1
7.903203977686659,0.5852777021278364,6.187343243094106,14,1
7.601834644989577,0.66382022054356,6.098013345780183,14,1
7.846038606435455,0.5996894109266921,6.171202781258065,14,1
7.754232269709776,0.568091468732333,6.235733762210185,14,1
8.070373384091452,0.611381745725176,6.121775408699309,14,1
7.516815004023308,0.6701978168801953,6.098886064703953,14,1
7.966296486956649,0.5909524431367346,6.169499151192499,14,1
7.49349350014215,0.887737062369834,5.742573449858072,14,1
7.882557925471014,0.48768751377296937,6.351363542025711,14,1
7.403005580019324,0.6285400540820776,6.182992039476048,14,1
7.91641627628192,0.4730067103657005,6.371076669563248,14,1
7.454428477865355,0.5060676794182286,6.3784530797776124,14,1
7.626431684003192,0.7458852181084155,5.959115235735394,14,1
7.602631379122895,0.4526552061638481,6.446816796923258,14,1
7.256232371855941,0.7901443597358239,5.935669834576845,14,1
8.078118769539916,0.6435342896016326,6.067609881841765,14,1
8.039822764025105,0.5935712757904638,6.1553040547597195,14,1
7.831821247775961,0.6456161079767929,6.0972256848804856,14,1
7.980833279336654,0.692178643782016,6.000290951736706,14,1
7.831251071397198,0.6836411566921768,6.034472983164005,14,1
7.815225795802646,0.7570552864680418,5.9153207264010845,14,1
7.436878535667096,0.5390661911623595,6.326284638985661,14,1
7.431033952300737,0.8651544367899098,5.788269683999626,14,1
7.403845485766765,0.7290830110958287,6.016751031877075,14,1
7.79912026806136,0.7291426147190132,5.963602679347245,14,1
7.530274539454141,0.911914127866037,5.697689019556694,14,1
7.864507070218419,0.6453919144413645,6.093209354878487,14,1
7.563539940289918,0.7052072038484061,6.034768693678147,14,1
7.664047547489818,0.5656945772846126,6.251797874256655,14,1
7.509273229995447,0.6243948238617372,6.175579058901339,14,1
8.004486695086507,0.5854425916170454,6.173477630480759,14,1
8.017009020388285,0.7783902591205021,5.852987358693626,14,1
7.987026170018727,0.7232774111097358,5.948074952466022,14,1
7.7586128103679215,0.45469329337337444,6.422514958226968,14,1
7.8206848477945865,0.8361522609235068,5.7838952262485135,14,1
7.759020126043448,0.7308616672839529,5.966144113174313,14,1
7.383922619256259,0.7205877117469309,6.033461762600118,14,1
7.204118805728973,0.7061566077911509,6.0814379296938705,14,1
7.596833605560069,0.8444274011993707,5.800265214848261,14,1
7.565974076598808,0.6084985498053104,6.1942348288800115,14,1
7.690505764354007,0.607116197144899,6.179805495579743,14,1
8.01253431917611,0.7058791957008962,5.973398772508529,14,1
7.82452581717399,0.46109348853931686,6.403093650820017,14,1
7.841891558707136,0.4934767777309128,6.347255711855857,14,1
7.4790336922213685,0.4801889544875403,6.417910526170635,14,1
7.549521270773649,0.542349211730339,6.30574227341028,14,1
7.750889572408602,0.7633349148929405,5.913579395253381,14,1
7.9517762653151705,0.6193625005934913,6.124505647066204,14,1
8.005908677009238,0.6181889391504548,6.119179619645212,14,1
7.41116424044077,0.7777755040687107,5.9353136151361285,14,1
7.223583311792598,0.6516938512194375,6.168815035166213,14,1
7.72559412326397,0.5255542885387148,6.309861962621976,14,1
7.699882457055131,0.5551518565063189,6.264408326141307,14,1
7.565713792648321,0.5820193977712534,6.238021568938205,14,1
7.656233412596728,0.8972706743919285,5.704979612890614,14,1
8.010942816809997,0.6654383340196802,6.040433268886227,14,1
7.9377457838498025,0.5454682098706849,6.248485065497155,14,1
7.626073756218872,0.8185894946174066,5.8390331613413,14,1
7.722178694098786,0.8536365768724419,5.768226210915397,14,1
7.417491733516651,0.7155591302048347,6.037265231450228,14,1
7.616612051913059,0.6850802389777141,6.060901895618415,14,1
7.707605586265662,0.4600182471340378,6.420562160650282,14,1
7.805234174088324,0.8487957603983117,5.765077863201939,14,1
7.763801959299987,0.5220402672316128,6.310540342861891,14,1
7.740490458799535,0.5376434879629122,6.287887600721285,14,1
7.660158207804597,0.8418630390860575,5.796003538534356,14,1
7.21171548369581,0.6941456028463434,6.100264300324945,14,1
7.815099732858412,0.597392545082619,6.179150228471003,14,1
7.27280292031325,0.7459607858580162,6.006450926654715,14,1
7.5240369964593485,0.8728553625460682,5.7630634078133,14,1
7.267308378641681,0.7203316353355088,6.0495356897050465,14,1
7.810213431629046,0.5424548198873261,6.270580254386702,14,1
7.710605160503251,0.7389352319995822,5.959301846831854,14,1
7.327367879327645,0.5886082367593762,6.2591231838245,14,1
7.737522437822705,0.4795862506273288,6.3842145798217595,14,1
7.537701601128297,0.46068824340176306,6.442257949259168,14,1
8.08484943894982,0.6689090024723587,6.024779628218983,14,1
7.822511241733644,0.8480545372345032,5.763983837749149,14,1
7.381605535761549,0.646824324840646,6.155652830815817,14,1
7.297041661206188,0.650875348910553,6.160308603386861,14,1
7.979935579483152,0.6572213783840983,6.058171723627642,14,1
7.340156976198134,0.6842099379341025,6.099442967898085,14,1
7.528823131914538,0.8278351293252597,5.836808509011125,14,1
7.623859459329185,0.86883412972767,5.756310554123603,14,1
7.9484854646351355,0.6658947678661831,6.048061505588969,14,1
7.550305080815016,0.6443660264926959,6.137073522319546,14,1
7.941008799722847,0.7351398170700316,5.934650558674836,14,1
7.637981817100293,0.5525838089938262,6.276959231760649,14,1
7.909547214138603,0.749817875866857,5.914620295983582,14,1
7.886272543726979,0.7564412720492646,5.906800078211437,14,1
8.596407336600077,6.280225559302311,3.4466915490454992,15,1
9.045282446199982,6.321373003385467,3.2679459568239495,15,1
8.718880485032154,6.3059329236468065,2.768418681180561,15,1
8.533200536125463,6.288959984373778,2.8402732182944606,15,1
8.83496031007136,6.308221371641823,3.085291780990938,15,1
8.691144726705277,6.287060779430346,3.4893538325254245,15,1
8.437267188501158,6.2744647292260884,3.1263217399418712,15,1
8.922822912349758,6.3162959885945575,3.049415815211345,15,1
9.003254160558628,6.310374663944155,3.5953227870685325,15,1
8.094630229392779,6.244764299437084,3.1884947912434067,15,1
8.691034205818717,6.291908978291021,3.27819433061319,15,1
8.710408472706696,6.304731410220199,2.790263822945924,15,1
7.979578213123804,6.237681303019109,3.083739024708117,15,1
8.660174338794688,6.301680900035899,2.742696134028918,15,1
8.288108056385676,6.256477523619328,3.373262548222828,15,1
8.77992108522528,6.298875389183266,3.2941686961531054,15,1
8.520766869738072,6.2679519239056285,3.708947745423037,15,1
8.44190289520488,6.276633630901447,3.0486617196180057,15,1
8.368257479901436,6.26533831257032,3.275543968736428,15,1
8.72642347992629,6.303113210167313,2.918053906503784,15,1
8.256062266218185,6.25923504616129,3.138443777415885,15,1
8.02342712201071,6.232832091652424,3.451824306450294,15,1
9.029927345923824,6.317015528214537,3.4023000845549443,15,1
8.60204479428776,6.277600201708267,3.581042827171076,15,1
8.727411363857648,6.283296562207034,3.7830755098164603,15,1
8.015437922622175,6.2389870960745295,3.1555953562877295,15,1
8.016549895291595,6.243079820624892,2.981663039092852,15,1
8.305060472343369,6.272044683574447,2.7573252427668127,15,1
8.756240529481172,6.300212385167769,3.1511082928697416,15,1
8.457349273635183,6.28416138368872,2.7768152546390805,15,1
8.682028832524272,6.301146560214491,2.844313349897065,15,1
8.047714444857151,6.238400706083894,3.2968572700874748,15,1
8.53440542679204,6.278940967224087,3.2801461688971534,15,1
8.761825816166203,6.288092783298887,3.6980105039025046,15,1
8.002588490781536,6.238488579450456,3.1311784848441464,15,1
9.12508554384951,6.325144793265556,3.39021642690922,15,1
8.231931983803117,6.258100248358863,3.101225217298218,15,1
8.49733986514655,6.271003350388643,3.4922662903280095,15,1
9.030763298720561,6.328131329534145,2.9220673787648233,15,1
8.686744259101811,6.3051298477587325,2.6880634712440563,15,1
8.18857779871403,6.248112703187746,3.3799045801845833,15,1
8.750706924710212,6.309723521715048,2.71778783426717,15,1
8.670575209455931,6.280128833293589,3.7169233412595286,15,1
8.441947142474579,6.274233529804242,3.1531587019522953,15,1
8.950496296041832,6.324761024202542,2.780679447410453,15,1
8.614994219898641,6.279150274731234,3.560104625227726,15,1
8.61007366426121,6.284725561753822,3.3000840863228382,15,1
9.030298314229919,6.326690830165446,2.9830215996776817,15,1
8.47261166845595,6.288258619180697,2.653441865514576,15,1
8.453069813786797,6.262046087980037,3.722871688909979,15,1
8.764374728366167,6.286246871380846,3.787399309262718,15,1
8.90283425753074,6.320289923494256,2.8040939547423998,15,1
8.92751652668369,6.309757559262541,3.3504925123422864,15,1
8.954817960236296,6.310182924561098,3.42992619276016,15,1
8.570582450776415,6.286593318084323,3.077240232909876,15,1
8.380596933841199,6.255858842638824,3.731899163926175,15,1
8.658464046331313,6.28191292357116,3.5959239927243365,15,1
8.72982251446644,6.30500673751598,2.847929361320936,15,1
8.480094884991493,6.264924381063529,3.6946793262335933,15,1
8.909598154378566,6.3079074851883,3.3666497732348684,15,1
8.159415371203378,6.244330555451798,3.439723404938119,15,1
8.466304422005402,6.262003313528715,3.7722013683235724,15,1
8.472196932966108,6.28260989653871,2.8975180970610106,15,1
8.535689162638333,6.269738594724615,3.684800379190607,15,1
8.869132408826836,6.30874965760269,3.1848950935153417,15,1
8.889299440286702,6.317906161678592,2.85917495622904,15,1
8.706127758256997,6.3077188027770035,2.6450403929356385,15,1
8.204790330374305,6.25578728765561,3.1044230366998047,15,1
8.521595988004519,6.2775141390920846,3.296228721123986,15,1
8.800070391186738,6.306442847232414,3.037464704862874,15,1
8.130727990206562,6.248740010120762,3.1451371092548284,15,1
8.337847830202575,6.257829885966596,3.4928797032167287,15,1
8.135220830969711,6.249717893365573,3.118741143740678,15,1
8.235833999290737,6.247717010160352,3.5666058529365667,15,1
8.64010506240728,6.284189948893034,3.4310857358969917,15,1
8.767372327594172,6.304976387420288,2.9839332084321777,15,1
8.893814605632171,6.3029189082617405,3.5269026726542316,15,1
8.678787590892359,6.2876736943987295,3.4183860842593345,15,1
8.705848981952146,6.306140121153425,2.7126696304457676,15,1
8.135622407702254,6.24848610787229,3.1737302610054843,15,1
8.138038506237898,6.242520529380693,3.4417346872935513,15,1
8.421743914276158,6.266783352602314,3.404570798052328,15,1
8.019122246341592,6.242710710131154,3.006935739110625,15,1
8.490688985804873,6.290618281420228,2.615701665912661,15,1
9.045209299049038,6.319580502965866,3.3456079762298883,15,1
8.455164635176022,6.282031654043446,2.8615639136167688,15,1
8.512876833169184,6.2905052565839155,2.7001989668740842,15,1
8.221809518967559,6.254291445449546,3.230495743588258,15,1
8.243024497543914,6.247946245100063,3.5824314777812436,15,1
8.614243467884762,6.277994426114196,3.607659383607238,15,1
8.489847139094447,6.265727926134682,3.6947268419119528,15,1
8.134868468748463,6.256297775967339,2.831433665167407,15,1
8.645117758980016,6.296508530246147,2.913546466881049,15,1
8.845125663607119,6.314125532418924,2.865084748333126,15,1
8.250501722325783,6.254420287642829,3.3278084521085107,15,1
9.103331105970494,6.332549566441287,2.9902835219516763,15,1
8.938013581480444,6.303031703614798,3.680532992118151,15,1
8.768549580569589,6.293212072823571,3.4995793838495555,15,1
8.998823261482581,6.311951906735467,3.510863337087665,15,1
8.50132081495866,6.271049804038605,3.5045257902882514,15,1
8.148530112347972,6.250663109266493,3.125388301066671,15,1
8.113786314677633,6.241351373729208,3.4055724807878276,15,1
8.689099650683916,6.304853663795417,2.708518232548997,15,1
8.391040575147974,6.281597762273782,2.6504247339741536,15,1
8.350364265284774,6.273854024292385,2.8411653594565793,15,1
8.169471975400452,6.2493215722777045,3.258822912778708,15,1
8.771190042701411,6.2896861814192695,3.662329386887125,15,1
8.941100885468558,6.310555524509935,3.3645276697512316,15,1
8.612706356714376,6.2734224878855995,3.8008993978845154,15,1
8.632483587797227,6.276046649512151,3.757758047955302,15,1
8.906660736021571,6.305608500848279,3.4560562618305335,15,1
8.305798883160074,6.270562660947919,2.8244009448613934,15,1
8.318075145416561,6.261453154522425,3.2644462627296207,15,1
8.989825060497509,6.312855669248774,3.439299631027545,15,1
8.938169125352506,6.303244916306605,3.6718220220116686,15,1
8.178818940968727,6.259522456323921,2.848891380939403,15,1
8.751741057739764,6.288653944729605,3.6374432193992132,15,1
8.297027145739214,6.272973225352219,2.688145152951855,15,1
8.110132000477789,6.248670841506583,3.0742699122062813,15,1
9.112890630540257,6.326989493183846,3.2662818318775972,15,1
9.088157887078715,6.31982990040537,3.4888149511537954,15,1
8.849153030737314,6.3060503457368045,3.2305783433716746,15,1
8.179576751935441,6.243025983173259,3.5687516198364726,15,1
8.72064292741467,6.306180873870829,2.7639612425795885,15,1
8.07076761155844,6.248818718097779,2.9266483420247127,15,1
8.927345209817389,6.302625400402784,3.659930449919923,15,1
8.645973281746468,6.30283601712605,2.6415437158494175,15,1
8.587873550903458,6.285609583823459,3.1820256506484395,15,1
8.467117629766115,6.269768224268765,3.437558503840863,15,1
8.5805392237509,6.2965084980755535,2.681916226301239,15,1
8.746097041520349,6.2986619268392525,3.182127640764669,15,1
8.988917348821234,6.326312289162962,2.8510515934200074,15,1
8.649512184222491,6.289580645043366,3.2304806272565183,15,1
8.282898677022237,6.266889753807475,2.901932279701458,15,1
8.302952761160622,6.272379791837295,2.7351972830179196,15,1
8.09350001220201,6.236962605026571,3.5235996759610204,15,1
8.285465694489792,6.254074399806074,3.4682545495552697,15,1
9.174306533918422,6.3330729132581,3.2221085010868644,15,1
8.37304850830464,6.277036485922674,2.7841802715852193,15,1
8.102311185690699,6.2366883214072395,3.5671275580515753,15,1
8.44861763151225,6.281502324690467,2.86109222802817,15,1
8.954036309715883,6.3144861492968865,3.2400508295354418,15,1
8.259410751434029,6.2550760761121555,3.331254812269323,15,1
8.424736752716527,6.282592806102918,2.728029894283575,15,1
8.75243446771931,6.298250053019191,3.2227640175456953,15,1
8.433025020956437,6.263592714433891,3.5837389658628274,15,1
8.21706717659355,6.244340412997432,3.646081573115331,15,1
8.26757554124126,6.255914995220258,3.3240705817940124,15,1
8.74526208310555,6.28980212680152,3.564290009960142,15,1
8.942792783340145,6.3115978185201955,3.3252851299757675,15,1
8.438403116487898,6.268796732887868,3.3767977984360056,15,1
8.868140963324699,6.307726994488554,3.2257966273278185,15,1
9.152727877827052,6.327955922933249,3.367157833485464,15,1
8.749669290861144,6.305613484137517,2.89273943120623,15,1
8.593143503107418,6.2795233672712305,3.4655107709639816,15,1
8.779712188045188,6.297477274916944,3.35419887213057,15,1
8.931104456665622,6.320650164508925,2.8898335359718383,15,1
8.710455755434005,6.303565792122077,2.841105692284348,15,1
8.623818286991476,6.290115317983937,3.115077677203535,15,1
8.082240484189791,6.240920008909051,3.3111757226868073,15,1
8.990610234795119,6.323518746512313,2.978565815815198,15,1
8.801154283256702,6.314852255976793,2.6757748291498875,15,1
8.540475272873778,6.288992678543254,2.8649451003695705,15,1
8.569916111224824,6.271796572945146,3.7181009577316244,15,1
8.600744934207745,6.28894172038464,3.083336856600541,15,1
8.976109610745857,6.312269343340002,3.415593793202613,15,1
9.008001216475797,6.327570367388759,2.864810265602764,15,1
8.427706188252591,6.267882782387061,3.3781615003836927,15,1
7.9745001733887415,6.235681965033311,3.152441126633779,15,1
8.835598535834395,6.313223957445672,2.8701063205108173,15,1
8.464843669578102,6.279059873266868,3.0254714680578787,15,1
8.420366729852683,6.261217795062933,3.641579506882128,15,1
8.311234961750221,6.258993557762953,3.3468364465884766,15,1
8.536774408035757,6.292341532534226,2.70608787288076,15,1
8.2743563692921,6.259259986268764,3.202977240880535,15,1
8.94613251693113,6.3251491278671175,2.748155536131719,15,1
8.872862423479468,6.318585625534759,2.770680362382866,15,1
8.3474560721216,6.2769968830970555,2.694106418756502,15,1
8.550689499663482,6.292285216186428,2.7584470238199605,15,1
8.25977895353677,6.269184818943708,2.7192338678396286,15,1
8.570834382312382,6.278383603834045,3.435040259696063,15,1
8.856600748735609,6.307871384061348,3.178126976075426,15,1
8.383409841867348,6.262035779047783,3.473462001074212,15,1
8.969277547700136,6.323489858300092,2.9033051294988823,15,1
8.859863482811924,6.3067938132423205,3.236674462527463,15,1
8.884393593829232,6.314433327770756,2.9925511626166306,15,1
8.14930081493246,6.243202163551419,3.4524982638656043,15,1
8.583563527199448,6.280213902932775,3.4011298361418603,15,1
8.880389855575574,6.312324100648366,3.0698837415489075,15,1
8.335278436022694,6.273300388146659,2.8111231116839694,15,1
8.086329749868082,6.240292104351727,3.353139735807896,15,1
8.686231761069108,6.288599396038403,3.4048444709630825,15,1
8.108956961961377,6.250108473170442,3.0075578886696253,15,1
8.604551619066566,6.296004771243727,2.7899426269902894,15,1
8.435585106261543,6.26024191672082,3.7385889198557636,15,1
9.04890226712208,6.324904279292843,3.127416390271198,15,1
8.473319283972687,6.263643674252459,3.726051921967472,15,1
8.656317320390619,6.2935034683289635,3.084354692083879,15,1
8.086340735971739,6.244903186647378,3.1527240957590177,15,1
8.37564423893112,6.2714411878283105,3.0367320098987527,15,1
8.326909469968882,6.274236954232294,2.740390306956335,15,1
8.392878261142664,6.266663459542945,3.3062469154770286,15,1
8.073672663491452,6.244246002065435,3.1358554127463782,15,1
8.960661763303582,6.305001631706873,3.6761303629882702,15,1
8.471951236561013,6.271066918041525,3.3984383853636833,15,1
8.498340446600366,6.278160598479827,3.184712085932508,15,1
9.045496054228558,6.327564335328127,2.9995597613238223,15,1
8.808830887529316,6.303923161692378,3.1784239401715935,15,1
8.855375625934155,6.312026779149831,2.9930874741826896,15,1
8.755835170079981,6.292306854572334,3.493327126021059,15,1
8.56708915139518,6.28385686581452,3.1836706786058673,15,1
8.037124161327906,6.236147525074088,3.3568231190362976,15,1
8.023376859929527,6.237147896276847,3.2640254239754625,15,1
8.210955595389441,6.261438144710386,2.880880136421626,15,1
8.275021387002871,6.2563892799183245,3.3301591790114258,15,1
8.826944348384137,6.292921275278917,3.7216726385948347,15,1
8.294080758568521,6.254200679541844,3.493665551831168,15,1
8.376519598359767,6.2597695482828,3.547266535692758,15,1
9.092846903183469,6.322779371220509,3.377412889085406,15,1
8.288241808583033,6.256115780722505,3.389468143447408,15,1
8.424637146442855,6.2805189093927325,2.8178299957702064,15,1
9.159354861675721,6.333148222774415,3.165205641573542,15,1
8.534187554581823,6.286593927149209,2.946671781458168,15,1
8.555822275770062,6.282112800014664,3.2190772273069928,15,1
8.977546684430902,6.308573998917425,3.581393995311904,15,1
8.733265347849377,6.2991725139970285,3.113906179106035,15,1
8.72228592133441,6.3007849556944135,3.0044281514281623,15,1
8.304934531205749,6.265993641802821,3.0199271262359235,15,1
8.519446396574926,6.282579958570542,3.0682949369365455,15,1
8.294325724412449,6.268950235084576,2.8533448823719265,15,1
8.04488821344354,6.245076278810108,2.9965165816544888,15,1
8.430583648568897,6.2657895533426196,3.4794802304392167,15,1
8.68472483881677,6.301947155733323,2.8191795928000847,15,1
8.518879775476721,6.265283988988782,3.818160743983573,15,1
7.987999521285673,6.231987248603539,3.3614792454642672,15,1
8.753471428983364,6.300216819642156,3.1409832478948525,15,1
8.970437777438026,6.308946641274561,3.539695942920482,15,1
8.154175437290004,6.258302151945681,2.8135491684273237,15,1
8.568652014196,6.272337381850974,3.6900565799041676,15,1
8.27901053209612,6.247690188902956,3.7226383284748943,15,1
8.465497938759071,6.288465590243038,2.6189286520519035,15,1
8.362903310168344,6.253973994363662,3.7503742776237097,15,1
9.100792913052352,6.3326304028866645,2.9776653202316434,15,1
8.68049082693683,6.304359237263247,2.6991338564793534,15,1
8.879502274299345,6.303994095938099,3.4288258610029114,15,1
8.711346290491946,6.297443691676636,3.1104425884595694,15,1
8.456441306367934,6.264082444782434,3.646439209346014,15,1
8.83288502835307,6.297122025887686,3.5603638721678053,15,1
8.297027716751849,6.262769324331033,3.131735779550355,15,1
9.06970606215687,6.328408548390489,3.0496967132045323,15,1
8.935705060548612,6.30303550847489,3.67208733442745,15,1
8.495814919702493,6.267681761694864,3.631194183064225,15,1
8.030241231409185,6.2347491989563055,3.392923944677801,15,1
8.813011382608016,6.313205591554044,2.789888657812902,15,1
8.550118196930102,6.267773872196294,3.821966042961387,15,1
8.62552692064973,6.277140981503703,3.685232435965442,15,1
8.634963329015697,6.301444863140885,2.6625298596832825,15,1
8.871926548130075,6.312649133619527,3.025397393980951,15,1
8.622518240658014,6.2827689333767385,3.4297799824772652,15,1
8.87912622012763,6.303849066457104,3.433781808927359,15,1
8.069326475294517,6.241760679531871,3.2283094740827565,15,1
8.823450145553009,6.3116521964543955,2.894860521827676,15,1
8.269921335727535,6.249757635027829,3.600160060478336,15,1
8.144264396259468,6.249823575103883,3.1465845485288475,15,1
7.965631064759991,6.232821782865642,3.2449683492447536,15,1
8.375557850029328,6.270261745094946,3.0876954138121326,15,1
8.776566131958964,6.302364465117844,3.1304564000619384,15,1
8.442612391609424,6.275566190801987,3.097610792654048,15,1
8.43041700901548,6.280098661843123,2.8568305182298914,15,1
8.658049927312431,6.278801612366042,3.7296949432424875,15,1
9.05723917613776,6.318197002420122,3.448901149166124,15,1
8.277369614805632,6.266648175545877,2.892602522783242,15,1
8.511509232957703,6.272736994986636,3.467723496407161,15,1
8.573946446882246,6.287124282542775,3.0662239584599207,15,1
8.826730366791944,6.310531645938689,2.9553391643211997,15,1
9.007365615079749,6.321927803047559,3.1078265742792817,15,1
8.311649876903287,6.261239664116067,3.2506809264592795,15,1
8.819908142081124,6.296771960859621,3.5290362899004895,15,1
8.438399166252479,6.281172049390783,2.838798299886373,15,1
8.685939231569272,6.282393264891111,3.673590946967181,15,1
8.420327588072091,6.260167872968115,3.6870817982541824,15,1
8.274693637337133,6.2524459396046055,3.5004102648765123,15,1
8.312464987698075,6.257557331492167,3.4136846043125226,15,1
8.597802234118427,6.294760948144905,2.8198058297320614,15,1
8.909673136643264,6.304290841440436,3.5241430862272773,15,1
8.290285590771365,6.254280792823771,3.476570244045703,15,1
9.076083624270188,6.325073626563185,3.2175491091022854,15,1
8.331972900771994,6.256412340860564,3.533431542573421,15,1
8.741493690932757,6.303130351173461,2.9713628926019053,15,1
8.274559244824797,6.250531019060984,3.583174510879676,15,1
8.761445852956491,6.30697690037899,2.8757088055345643,15,1
8.027064212011418,6.244437585086025,2.9603506620807853,15,1
8.455112946453488,6.274994351916379,3.1673072813360874,15,1
8.594435802672539,6.286528656710516,3.165608922103226,15,1
8.821083925038668,6.295054796080041,3.607902973052571,15,1
8.853785803570734,6.314281202907194,2.8893797417116076,15,1
8.574853988583465,6.275897086196756,3.557552881467068,15,1
8.222442183461446,6.253636321606265,3.2612448364294684,15,1
8.52831042747188,6.275730224501526,3.397863350970507,15,1
8.188112988819071,6.252865275737817,3.1716314170771507,15,1
6.5165795005948866,3.3872252863412955,6.669722801211456,16,1
6.556045695405446,3.3794105386174045,6.690486597248136,16,1
6.607242774072913,3.3831210587449254,6.686553521206733,16,1
6.577710539158172,3.3871880137721124,6.674985607334662,16,1
6.548686007895566,3.3956132453669627,6.6537457258724615,16,1
6.57119468589235,3.3841015196408697,6.681313579472163,16,1
6.540728900399881,3.383926519312814,6.679122260230517,16,1
6.5843226200777405,3.3819903549498984,6.687131902372363,16,1
6.58106826748488,3.396490670401277,6.654533663626828,16,1
6.564257007575291,3.378878245238335,6.692368883010874,16,1
6.516754401489988,3.373882802936953,6.6994792029114665,16,1
6.576068967067754,3.3933340703239643,6.661146407892423,16,1
6.537497777969831,3.391497528307198,6.66197203014529,16,1
6.5803454065467335,3.3916264723950396,6.665315144505171,16,1
6.54848447585265,3.3810092807936223,6.686282185572044,16,1
6.533001611079903,3.3901905842469207,6.664504357893168,16,1
6.594607522430897,3.3699059663521935,6.714940534063766,16,1
6.519630308602435,3.3750387248024567,6.697146230087298,16,1
6.540474555192576,3.394515510024033,6.6554969071863574,16,1
6.581833799214809,3.3947920748875147,6.658384848710154,16,1
6.577751193845753,3.391610242107728,6.665131511824917,16,1
6.543530261481142,3.3845819986156074,6.677898501990159,16,1
6.542540197378579,3.3964271803053663,6.6514106490009794,16,1
6.562574175031829,3.3735991928029136,6.703993771508702,16,1
6.574863207936705,3.3640769560813113,6.726260951720209,16,1
6.557938650384154,3.4006016768007377,6.643410058494339,16,1
6.56589798557089,3.376804299690226,6.69713093454337,16,1
6.575918861340477,3.3844749627678032,6.680881427821891,16,1
6.591935386704435,3.3937783330457463,6.6615004917035945,16,1
6.528356713209267,3.394493419000657,6.654519387578372,16,1
6.597132288574768,3.394837658978454,6.659579501082565,16,1
6.560791464107888,3.3639260486027283,6.72540501848752,16,1
6.5701387540888545,3.3688718626831635,6.7151723686004425,16,1
6.586159789164769,3.3809665915807163,6.689569627990429,16,1
6.551003399640363,3.3741099493153874,6.7018748411076965,16,1
6.572549771889306,3.390705488525651,6.666707563936351,16,1
6.598245899132139,3.3747685398312215,6.704409710313219,16,1
6.547715887590079,3.3615793995409606,6.729527995229347,16,1
6.542247857483984,3.3668135469648544,6.717397300951138,16,1
6.548831657810482,3.3925928415591176,6.660490815703036,16,1
6.552717361671611,3.38705991861167,6.673153434378567,16,1
6.522216263671546,3.3699557006856242,6.708695854643694,16,1
6.563838528973089,3.3761878868049764,6.698330472916054,16,1
6.532155462438436,3.3833683697660097,6.679639985277964,16,1
6.556515707599939,3.3916998874400965,6.663132370617481,16,1
6.5359929783042645,3.3925645890128315,6.659465953060625,16,1
6.557342091851209,3.3874157276319576,6.672752164577297,16,1
6.575176921893773,3.3749228254627193,6.702111125758602,16,1
6.605519071613215,3.37924878605544,6.69503910957439,16,1
6.513888724027763,3.3846329803928157,6.675273288279819,16,1
6.5345931791137,3.3783962010914044,6.690929942739173,16,1
6.567583048759922,3.400460974640965,6.644540880092942,16,1
6.548948427054604,3.3795549728381804,6.689563278603767,16,1
6.51423134704952,3.3724618999667033,6.702432739906258,16,1
6.590661942703453,3.393233683585693,6.662606663015631,16,1
6.581111225648958,3.37686856461132,6.698276722387766,16,1
6.5757461392122805,3.387560347247014,6.6739891964277325,16,1
6.532110011043548,3.388639998910214,6.667885203932129,16,1
6.583851311248002,3.3866525661652127,6.67669948426429,16,1
6.587499534662162,3.3980166460264494,6.651677058917581,16,1
6.522857903411668,3.381710960231592,6.682546702761672,16,1
6.588569911732879,3.385216686616455,6.680300001391322,16,1
6.59927832627177,3.3785154899048506,6.6961449044332895,16,1
6.555457558452092,3.3699351484833575,6.711558250825345,16,1
6.592834359878382,3.385406082424686,6.680239154215938,16,1
6.561763869722667,3.364049776728382,6.72521161084105,16,1
6.577359664986502,3.373542400883255,6.705373161923858,16,1
6.578294974390079,3.3898017692805578,6.66920883390943,16,1
6.5548301389880725,3.3645340676580506,6.723544578149445,16,1
6.524817706024371,3.3755139144848734,6.696526525791182,16,1
6.557344905241133,3.3697654327317155,6.712096479981176,16,1
6.532636347377982,3.3953023025056166,6.653078933968202,16,1
6.558616965631419,3.373745159885893,6.703333097762805,16,1
6.549973149984455,3.38982913284463,6.666748088512143,16,1
6.552716478968546,3.369499132351939,6.71229791388714,16,1
6.53405699120854,3.366716717476804,6.716919118419332,16,1
6.542850621115893,3.384625342097232,6.677744298593397,16,1
6.543664724611045,3.390184602456683,6.665421193031185,16,1
6.523210020936052,3.3750439624232715,6.697437869223143,16,1
6.558822687823387,3.3815558890124904,6.685939719052318,16,1
6.579507760482182,3.3960023123118415,6.655490033199883,16,1
6.548212100156768,3.3939438270309696,6.657426852913878,16,1
6.5769766146278545,3.397849678767438,6.651157621391075,16,1
6.513291566839642,3.381991682468375,6.681110378249781,16,1
6.5692038268645545,3.400180323169399,6.64530380808003,16,1
6.56690343778612,3.398222287453892,6.649473528494264,16,1
6.5873339315253245,3.3816669612414336,6.688107928529352,16,1
6.586307094274274,3.3892620103437805,6.67109088321071,16,1
6.532446706558324,3.363581902786179,6.7237704573801675,16,1
6.523435061116288,3.3821611956121562,6.681591991473676,16,1
6.599863826178377,3.376843158004351,6.699922291227417,16,1
6.564993160190228,3.367120019048607,6.718641390165811,16,1
6.564714208141923,3.3981008826392247,6.649558653995301,16,1
6.59720357678082,3.3792906244660235,6.694241264004619,16,1
6.541595907639595,3.391988606122399,6.6612246145394165,16,1
6.587497836759286,3.3838885531151233,6.683169690600757,16,1
6.533131537458839,3.3666677418561863,6.71694987438429,16,1
6.568643748099023,3.3763707021451053,6.698330114504897,16,1
6.604445376449722,3.3825753353338293,6.687532959633205,16,1
6.570069969691404,3.38327274098635,6.683065701950936,16,1
6.588802625880966,3.3743927368568816,6.704447266218544,16,1
6.573989628347962,3.397235298589441,6.6522740377328,16,1
6.562413323730426,3.3711294159494285,6.709485494593193,16,1
6.535495240468726,3.373807515514465,6.701234963951564,16,1
6.520612662829886,3.37995800830867,6.6862639459763065,16,1
6.574484500968755,3.3919079922620923,6.664191008588769,16,1
6.543008045506643,3.394517165141126,6.655707884120637,16,1
6.571307317903104,3.3887846724445088,6.670883958862274,16,1
6.568754000355466,3.3812988471941496,6.687354182752113,16,1
6.577851871989595,3.3928731052012804,6.662325008285836,16,1
6.513271736161497,3.388209983586327,6.667247551765136,16,1
6.585512998247718,3.3853932298140963,6.679647454155474,16,1
6.537674966742848,3.375677645415652,6.697250969479373,16,1
6.572733359298028,3.3751628191390397,6.701369111880341,16,1
6.5560615634466854,3.371899891504548,6.707229842127241,16,1
6.590943661452322,3.3972001963930656,6.6537888236566305,16,1
6.550745434131844,3.398994832305098,6.646382366048891,16,1
6.571237540688533,3.3718348432008525,6.7086607233152895,16,1
6.56771330756922,3.3782039858197637,6.6941647245690925,16,1
6.549259866565408,3.3802824364109187,6.687968086329802,16,1
6.578715806581533,3.3831049483685303,6.684172301015493,16,1
6.560459000224861,3.3618736808729683,6.729951758529018,16,1
6.565315234862647,3.3824376906776856,6.684524227720275,16,1
6.585188599068904,3.388016731709367,6.673771948299187,16,1
6.5528078608273,3.375234656871127,6.699520662576581,16,1
6.532268028392492,3.3771015008599052,6.693618931277144,16,1
6.568920991791547,3.3994229271603853,6.6469681461122505,16,1
6.543569107434971,3.390938373268267,6.663732869074189,16,1
6.5486220896536445,3.37157359890914,6.707326819851844,16,1
6.588107257199961,3.3726197566779144,6.708340477108647,16,1
6.523829671744463,3.371192744899268,6.706075079502097,16,1
6.550647192908284,3.3906247290189007,6.665031746527342,16,1
6.535955769452738,3.381416052949006,6.6843138786560665,16,1
6.591595127087384,3.3755929587250657,6.70200847764435,16,1
6.597306954681387,3.3811849560820346,6.690027389725103,16,1
6.554971604609915,3.3746849711496343,6.700929298108242,16,1
6.575711988058899,3.366651105548687,6.720594862011736,16,1
6.54175420245869,3.3856416829859706,6.675385883211003,16,1
6.54378998884675,3.3841444489809915,6.67889584611752,16,1
6.574917865540683,3.3658843331420663,6.722236778735519,16,1
6.554720997298437,3.3973025068629874,6.65049156524057,16,1
6.541313514803547,3.3899632279511707,6.665715435047691,16,1
6.553964335452966,3.3811476898393074,6.686437976013881,16,1
6.537707304742346,3.3882305666590344,6.669272131708505,16,1
6.592265270544891,3.3730273599086966,6.707784207806391,16,1
6.566317278623852,3.3807640486403607,6.688339829295557,16,1
6.5377659810724555,3.3625958049851183,6.726419266979766,16,1
6.593768509794499,3.3801938357781607,6.691936867418099,16,1
6.515732612406252,3.3810437618697753,6.683430210924106,16,1
6.549457311640335,3.371183508748415,6.708267135091639,16,1
6.576996713672262,3.371536405975659,6.709813949576081,16,1
6.579665074055188,3.3806395921966925,6.689748231993902,16,1
6.5774714249891435,3.369650363909979,6.714058328055076,16,1
6.520245628589442,3.36695084395477,6.715226972735874,16,1
6.580387527205345,3.3793269630437193,6.692735413622962,16,1
6.581159358289449,3.3805597778805794,6.690052758089963,16,1
6.552690721604566,3.380909854060518,6.686860217953187,16,1
6.542359826492504,3.3958993107260107,6.652572034149413,16,1
6.546827579623287,3.3731125907458863,6.7037442187231395,16,1
6.548284041604218,3.3883067790153203,6.669998429962728,16,1
6.56733923773165,3.391705175898985,6.664037675700945,16,1
6.546798769698667,3.3685050665655836,6.7140123587736324,16,1
6.534175162227963,3.385823161565223,6.674339168161555,16,1
6.570704008956951,3.3787739442523517,6.693147643034949,16,1
6.5928799536666185,3.3814039476313402,6.689164131819329,16,1
6.5707952133344225,3.4002584090752315,6.645264588153235,16,1
6.536659412165171,3.3968160601157527,6.650045513792508,16,1
6.531158612450991,3.3928525725598826,6.658414389238026,16,1
6.535744607625352,3.3895399105455053,6.666187185546492,16,1
6.513674981130352,3.3755412455135185,6.6955214631302935,16,1
6.597601918901187,3.3814867629119294,6.689379628210255,16,1
6.542757503792891,3.384126615424093,6.678848114734053,16,1
6.566681361483823,3.3997134319679603,6.646130817911181,16,1
6.559212110360104,3.395819491717582,6.654177876462541,16,1
6.548791804050605,3.367795846040013,6.715762147111861,16,1
6.567198226240532,3.383498433825579,6.682319285520643,16,1
6.563124754242924,3.3761817158528027,6.698283749341049,16,1
6.552241011508627,3.3623533621324673,6.728186184146207,16,1
6.5677105658096,3.39366252924435,6.659706024192194,16,1
6.542230094546153,3.388455834514546,6.669153212215855,16,1
6.555871517985155,3.3958043394740467,6.6539285988860915,16,1
6.565319223784832,3.3645710986728687,6.724350788210707,16,1
6.536440727930499,3.377494706069569,6.693096000827021,16,1
6.580333467599249,3.3802621382089786,6.690646244462492,16,1
6.526689028111677,3.366592711856359,6.716571239692627,16,1
6.581678247156876,3.3937573424933554,6.660678179085056,16,1
6.565063669593748,3.3932225020919025,6.660462608462511,16,1
6.547399484036727,3.391852086716812,6.662020673946635,16,1
6.520540925698448,3.3728800406690764,6.702035286915818,16,1
6.57911333438799,3.376279829218363,6.699419781689675,16,1
6.543530359327889,3.371687695085706,6.706641059574393,16,1
6.567725036676454,3.3795233684993966,6.691224697064311,16,1
6.568725219554511,3.3946405517436435,6.657611898157985,16,1
6.551006961434038,3.393384965165349,6.658909418394676,16,1
6.542345863484658,3.375993972246123,6.69694162075076,16,1
6.58624351266121,3.3949975824414196,6.658300395562078,16,1
6.547913694574868,3.375926113766334,6.697564653803733,16,1
6.577888536798498,3.3754896069038725,6.701077478615263,16,1
6.568522916901582,3.3742408615967254,6.703067480295756,16,1
6.54342554993105,3.3648658709353234,6.721838631635529,16,1
6.557331231420226,3.380592382626509,6.687961087192829,16,1
6.515544830022679,3.384351555587308,6.67604093348082,16,1
6.58694055694586,3.385584318792553,6.679342458963567,16,1
6.570961513022987,3.368805111716217,6.715390876009213,16,1
6.522834856196123,3.3850219444548104,6.6751642716490505,16,1
6.529676537498268,3.38219734391348,6.682040263112171,16,1
6.520041671094947,3.3861286967921442,6.672460551606268,16,1
6.520006153349283,3.3793197110418793,6.687635376914673,16,1
6.533059159881843,3.366635045038841,6.717016625840078,16,1
6.524352978294279,3.3809221544828856,6.6844317008063046,16,1
6.5243059755444355,3.385567215213202,6.674073464728882,16,1
6.5102566602785314,3.375903537236884,6.6944242433370444,16,1
6.522959776314345,3.3932473730859125,6.656839644384856,16,1
6.5711599858414536,3.3628545005256503,6.728672134448994,16,1
6.57346720862771,3.369885421821838,6.713195079960001,16,1
6.591749765838004,3.3936075349330403,6.661865487959024,16,1
6.532964286309584,3.3712894008082084,6.706633614129222,16,1
6.566521504755486,3.3895249798623,6.668828238847126,16,1
6.569499692669174,3.3894751175741455,6.669191732536907,16,1
6.545924884943006,3.395797681913354,6.653100646424452,16,1
6.544215033211029,3.3848604002238387,6.677335941755994,16,1
6.581522961342005,3.38410306916358,6.682185255323766,16,1
6.558810876723782,3.3876038937009554,6.672457177964536,16,1
6.571714264987729,3.3853082362691143,6.678667725487435,16,1
6.583657203145902,3.3976105027617054,6.652256822008469,16,1
6.536895462881048,3.3948225740848965,6.654509172363594,16,1
6.526467926412615,3.3770150430072468,6.693320202400978,16,1
6.5754790246151815,3.3755661886674684,6.700702609564345,16,1
6.592344835662357,3.368422694826016,6.718055157449744,16,1
6.561716282567319,3.381502768310643,6.6863033083330805,16,1
6.583267888949805,3.364869399535615,6.72520666569365,16,1
6.594773368743457,3.3862462926112036,6.678530546043375,16,1
6.590554965819232,3.376635683091206,6.69959601791528,16,1
6.5288903599437855,3.3889141825452276,6.667001218481994,16,1
6.585976275991038,3.3719332326790803,6.7096902390038355,16,1
6.585704898143631,3.3720848857823857,6.709329196507967,16,1
6.605830538385494,3.3855812430382066,6.680949890832109,16,1
6.519963505106211,3.379367888941041,6.687524370444877,16,1
6.586695214171562,3.3739736462603296,6.705202892354613,16,1
6.545720090890486,3.37103346871139,6.7082849275008645,16,1
6.531926270461949,3.3804481342999066,6.686130030065194,16,1
6.57777063719252,3.3853980567493696,6.678980672918383,16,1
6.55456012547391,3.3704620150786258,6.7103077775208115,16,1
6.559966639098308,3.400292849537352,6.644270296377302,16,1
6.5668468247566905,3.379269100534614,6.691717070790921,16,1
6.5164933238093585,3.387363313163299,6.66940782526511,16,1
6.5544107451710545,3.39168670509094,6.662983398702703,16,1
6.583176288293836,3.3800664959466427,6.691323224816995,16,1
6.547778232490655,3.369907447521146,6.710969318220173,16,1
6.58295876544082,3.396907395935536,6.653764930005551,16,1
6.548544499802277,3.399531503941864,6.64499958886006,16,1
6.547462160176371,3.3970059878671903,6.650537480572958,16,1
6.596409464536263,3.3935415574143377,6.662407380797483,16,1
6.528283623275313,3.3923315861498073,6.659332112243637,16,1
6.573458157755111,3.4004319229809274,6.645103445399525,16,1
6.56424682153157,3.3622637104850845,6.729403295473135,16,1
6.560464341417953,3.401304384700574,6.64205766558494,16,1
6.594686174020302,3.3816860654972207,6.688688309697466,16,1
6.535319146946384,3.3858748657221676,6.6743208464948705,16,1
6.541558449481625,3.3942006684490953,6.656290557004031,16,1
6.603189389708285,3.3763933633933965,6.701206703275503,16,1
6.569966645528656,3.3735868612416735,6.704647634486039,16,1
6.518503567685128,3.378755744698461,6.68876519176958,16,1
6.543301169948681,3.3932948397857503,6.658457392904908,16,1
6.582766038607635,3.3795220180444847,6.692502153427235,16,1
6.535847229716342,3.384205531419863,6.678086686338124,16,1
6.5282284773500665,3.3669205366003556,6.715970928968072,16,1
6.575049150715754,3.397068379066337,6.652735891073315,16,1
6.572926648840319,3.3730151547290417,6.706172824553294,16,1
6.527785402232664,3.3928443251669007,6.658146956378078,16,1
6.58229583584248,3.365672443939514,6.7233342448198234,16,1
6.558782863654515,3.3919771906226885,6.66270633660853,16,1
6.581356182701081,3.396803568914557,6.653860580490924,16,1
6.563886066894864,3.4007290333043496,6.643630102815827,16,1
6.583451398883582,3.37672737432504,6.698789734391084,16,1
6.548061644329714,3.3781127509913706,6.692702980964531,16,1
6.52225684416654,3.3765058823421183,6.694098355650604,16,1
6.567725463641033,3.3939216787221635,6.659129619274315,16,1
6.601044542662647,3.3738833546417903,6.706619999979453,16,1
6.561233514786171,3.3780281827393175,6.694007562956132,16,1
6.532951695726884,3.379604796701591,6.688096790353685,16,1
6.550825253625759,3.3715969264754944,6.707461497935545,16,1
6.574177133720876,3.387832270608825,6.673250110942696,16,1
6.576813588970523,3.363873100691271,6.726880622149857,16,1
6.5474284043762205,3.3644136069642845,6.723185935956085,16,1
6.587334869419005,3.3951072426935265,6.6581484253610554,16,1
6.523528260364447,3.3822625282479026,6.681374008925336,16,1
6.60165798378309,3.3785257363073944,6.696323696150021,16,1
6.523410041180221,3.3862675361624177,6.672436473223386,16,1
6.585612927274634,3.3746656483952164,6.703568654303585,16,1
6.553556891581768,3.361539046967451,6.730112861510283,16,1
6.562642003568715,3.3725069123709326,6.706434308942123,16,1
6.603428355844735,3.3808175403023553,6.691365067441415,16,1
6.575280040069501,3.3692481237854146,6.714769277817681,16,1
6.5595403849801635,3.378409756228526,6.693013540351037,16,1
6.54413566995628,3.3768108010259525,6.695272489676194,16,1
6.574240188311952,3.3769596344627737,6.697491526552935,16,1
6.588765895393699,3.3829069380537033,6.685465242331947,16,1
6.5476733065172406,3.397017125398396,6.650530544763503,16,1
6.558027966883442,3.3910922231842555,6.664615044224518,16,1
2.0070617064002034,1.1980800933077858,3.7787256854901043,17,1
2.4779200058147985,2.0960335897002853,1.509004196443035,17,1
3.785575327549328,1.1848837422320184,3.1299603283179747,17,1
2.5653440796400546,1.3282978773967429,3.2623757135228053,17,1
2.3207490779932307,1.1030071507863544,3.880147835638448,17,1
3.988732668990224,1.6091905572591525,2.06484395421626,17,1
1.509619229803725,2.5549502600353904,0.8108926202200201,17,1
1.4112008715950717,1.6213140191556035,3.0213695726430263,17,1
2.2791615563673155,2.690298657246179,0.20189059303018664,17,1
5.271810994109545,1.6570619876509765,1.4632339925888675,17,1
3.1461701570434775,1.6592641603289688,2.2702056523599907,17,1
0.9086718546937353,1.4016414914439435,3.724609486445035,17,1
4.113965581719794,2.0514071633212363,0.9878165201540686,17,1
1.5349074959276388,1.095848378850644,4.197037841957956,17,1
0.6872401924625192,2.8418922527453394,0.45727316917073213,17,1
2.1468800459893935,1.150580951102749,3.8358543831632255,17,1
2.2862158126483454,1.871848419266597,2.1039965006086803,17,1
3.2310203401336337,1.8942991424726991,1.690785654346953,17,1
2.1838121403409105,2.6512669596405805,0.32915815320359504,17,1
5.059432765021181,1.879303132942289,1.0271449518154063,17,1
0.6323369821436238,2.8106952625298005,0.5508544147132014,17,1
2.8780321800845954,1.866871745550839,1.8894765847824797,17,1
5.085008847033771,2.283528016186736,0.07661035616317796,17,1
2.717797083928807,1.722995113930859,2.2855419884054644,17,1
4.251664812105729,2.3964895982766663,0.13208929007062326,17,1
3.679548126886015,2.080656315083553,1.0857125132145162,17,1
4.792750251648422,1.85641969470722,1.1822877066662354,17,1
4.9522230746308935,1.4493645850326815,2.0687115990220972,17,1
1.6546741774303126,1.3784779054192977,3.4935100184178367,17,1
1.0700166270878002,2.6950564038604385,0.6527691673285705,17,1
0.264428731194454,2.6439425490475688,1.079501044962033,17,1
2.640625334440627,1.008983592569488,3.976763274736196,17,1
0.8265808215176156,2.2608741504708587,1.7562572181083154,17,1
5.043425147385936,1.7271761338873755,1.3873098346522361,17,1
0.6760493623709638,2.9954520942800773,0.10416470659359475,17,1
1.5988519986152983,2.2207183401157957,1.5546682416564035,17,1
2.291614102640751,1.5950023764134615,2.7462452416450285,17,1
0.9350254407068518,1.8273253153584945,2.723835884497524,17,1
3.3427004650072707,2.294725163485159,0.716196374105577,17,1
5.066970341832889,1.6135803312378119,1.6426889681033552,17,1
2.04971290741757,1.34551933560466,3.419291615638989,17,1
5.2180713555490055,1.6318121896680393,1.5425296394603611,17,1
2.130541640466659,0.9837691233598076,4.230322034600265,17,1
3.716305573083938,1.5153836732627113,2.3872434339781123,17,1
0.3440442642271714,3.0303324408018386,0.14982863430767782,17,1
3.465484029352214,1.4515389325565538,2.631656864001495,17,1
3.2468492585120043,2.2945924501380643,0.7531250033309442,17,1
3.638599653118508,1.0724916368724615,3.447685222353013,17,1
1.654444165565228,1.6305198558780454,2.907013969930207,17,1
1.8559619248647046,1.6990811879443752,2.67045990392148,17,1
4.394929521838452,2.3790229363352355,0.11800592011201169,17,1
3.596718493770444,1.022548725237615,3.579919300041503,17,1
3.4497662847672492,1.3559653276031844,2.860092785599093,17,1
3.774895032641229,1.7602868777799203,1.7948897169492675,17,1
2.6304237908118155,2.5885375857322077,0.30452280210345517,17,1
3.8981322774947005,2.3054995267597516,0.47891929815742734,17,1
3.250694637509727,1.4118464273043447,2.806094143474735,17,1
0.14165892253034462,2.407137630911453,1.6775273791955234,17,1
4.001484810754184,1.3279349754585072,2.7145456079605275,17,1
4.262822955041728,1.2621315282094652,2.767848002232111,17,1
1.3518964162192917,1.3756674255247485,3.6157265616199967,17,1
3.7430035130519412,1.4483617269003473,2.533025494836044,17,1
2.5772243983935708,1.8874319617218265,1.9565492597029164,17,1
3.1629642997149636,1.9388035779319739,1.6132099741897616,17,1
0.01586016275674096,1.8609148779003704,2.9968272615790146,17,1
1.3270834371844251,2.4377351038051684,1.1534280007223172,17,1
0.4881757421351265,2.7156603848408936,0.8271081228362547,17,1
2.19772336095068,1.6841718908282908,2.574589433194004,17,1
3.4269642963968456,1.833341099800132,1.7577949287577228,17,1
1.2990203214229532,2.8639933914376257,0.17210722629688033,17,1
1.9373848562408404,2.621272700441315,0.4931116406329563,17,1
0.9938943997108944,1.8285776267792828,2.698430578707914,17,1
1.6998832126285934,1.5776229095764849,3.0127625405487155,17,1
4.127397420736962,2.379224637197777,0.21974660102911087,17,1
3.631693358331203,1.6508187215685892,2.104367777283061,17,1
1.3977196782850465,2.225687790382836,1.6199449092055522,17,1
1.3879549890111094,1.7262036296986152,2.7861382397677494,17,1
1.8840652903038508,2.7011709531914,0.32753294901040114,17,1
1.223921534726561,2.599481745518916,0.8164035451323068,17,1
3.67497415306247,2.367311129627814,0.42032062901255457,17,1
2.4642873227046422,1.28810449611406,3.394527369156295,17,1
1.6644973611319438,1.2201662502293165,3.8582000096658517,17,1
1.9331109807932296,2.080566811607298,1.7531436392743411,17,1
3.738521945966755,1.2789162378858823,2.929092654650096,17,1
3.1049046293912035,1.0600233025538766,3.6806002253786,17,1
3.1893706311953176,2.501952591891924,0.2924898338786468,17,1
0.5031911134332359,1.6077795655669607,3.3997719797569017,17,1
5.23203007179406,1.611529308561098,1.5844016276035253,17,1
2.878038369902308,1.7732697780568805,2.107316564443887,17,1
1.5793967155323836,2.385623872075697,1.1783120702304555,17,1
2.0314439624157323,1.5388106416572866,2.9764192403135388,17,1
1.9047301656347924,2.4858398464135987,0.8207837774165019,17,1
4.825160975732119,1.3019976571372436,2.460226384527165,17,1
1.1200863518430548,2.6266720869252262,0.7927927657166762,17,1
0.8703711171987856,2.7585616706728175,0.5812458417048056,17,1
0.16286190284339241,2.608028126514178,1.2018890380394192,17,1
3.823305949201278,2.127107315896234,0.9226834767724718,17,1
3.599971949187003,1.0934369366818169,3.413696307030158,17,1
0.144157365060972,2.4276613525787263,1.6288074517925193,17,1
3.440493706277584,1.0111456878920722,3.666143259574592,17,1
2.8980671131909927,1.2178056869658969,3.3924109521583454,17,1
0.5451959050318181,1.3016007092198443,4.096302315747572,17,1
5.488305716844886,2.2083178510901345,0.0975702072192777,17,1
2.478896914196583,2.552134606949554,0.4471349617309363,17,1
1.8817680452566887,2.4715004212430856,0.8629289345986172,17,1
4.21065082416727,1.9782744618890862,1.1210817944757594,17,1
4.65618364864804,1.4058898015120735,2.2829928883484234,17,1
1.2072792294259374,1.1322442706134934,4.237502441204597,17,1
0.8718957638041546,2.5777091767788836,1.0015661649381835,17,1
3.7694400014262577,1.4990098852326148,2.4050506834681316,17,1
3.675641953351107,2.206581910613367,0.7941348766858556,17,1
5.15114317907668,1.9148906286111598,0.9092834476993555,17,1
0.5469692445946819,1.8371399258999614,2.849250175145157,17,1
1.1715051847299467,1.2876226680787635,3.8895535731419266,17,1
4.580448244830253,2.0483141381180503,0.8167962304439058,17,1
0.008207924304917569,2.202398251028187,2.2050074619108444,17,1
3.849033104573924,1.2488664722792973,2.95680770475012,17,1
2.5270197657273314,1.8553704387425378,2.050347473099059,17,1
3.6055569736129556,1.8739092904658508,1.5951485258696758,17,1
0.058321412853733934,1.8082109796037895,3.103264207830604,17,1
2.5883852886255783,2.4604025635675253,0.6187955674696162,17,1
4.722892139255133,1.246757256369529,2.6278604407359993,17,1
1.521769320622967,2.577848775179942,0.7529583799522882,17,1
0.046996024191925834,5.5778260387572205,2.139191339022672,18,1
0.6921086376522187,5.561392910445522,2.1852169843324414,18,1
0.12305787887495412,5.587730410165105,2.000315761709468,18,1
1.353485841605266,5.513231831857388,2.613982127268565,18,1
1.4627128750391165,5.5066886202203085,2.667603494918932,18,1
0.4231301933449881,5.532755400603119,2.598488853028312,18,1
0.16984788232223935,5.550551838321227,2.442177430535853,18,1
0.3736666727448116,5.544503618105608,2.4671534034474445,18,1
0.31013269283764044,5.561620007442167,2.273766689687312,18,1
0.8518987228648527,5.573338774446921,2.001447876220027,18,1
1.6334228410252183,5.596750622872884,1.5293227479476035,18,1
0.0537984917561527,5.584905641631226,2.051295077899536,18,1
0.3645053456336489,5.490828280308736,3.1234159764594756,18,1
1.2702658050894489,5.570605442972343,1.9347385883877983,18,1
1.9681238405480845,5.562047915871708,1.8721848146585796,18,1
1.0897074198928007,5.635191317493718,1.1908786396739048,18,1
1.7837697043645409,5.575219511353652,1.7557520981662673,18,1
1.3907722690687887,5.555758460917139,2.0868508278142994,18,1
0.3370560220635985,5.555897407205099,2.337064247528502,18,1
1.649569167168569,5.471596723578628,3.0505525977101313,18,1
1.7534981707173931,5.521103699414681,2.4224288735923407,18,1
1.729902321079301,5.59635906586299,1.5110292922453579,18,1
0.33534761457692097,5.567283243933751,2.198728095315181,18,1
0.5854754969754025,5.646691127156179,1.1712893846303087,18,1
0.3043381839849235,5.647422418810671,1.2295881386516976,18,1
1.0779593502049405,5.540412404773078,2.3486361015811372,18,1
0.03740773834892119,5.545013953144675,2.5413223174850548,18,1
0.2484769581488221,5.569146785316534,2.196787234977081,18,1
0.8908611459780409,5.503728917457984,2.8403792742655085,18,1
0.6533229225619724,5.617324305005061,1.5129251997173832,18,1
0.64411981902662,5.595150699351922,1.785326599431612,18,1
1.1816246818689908,5.635335679693271,1.1671452909546391,18,1
0.265437782345733,5.604871218019141,1.757404706841379,18,1
0.36206503624585246,5.547057000196882,2.438812158696537,18,1
0.5133449235562896,5.469004918116939,3.353766949419476,18,1
1.7400693038981774,5.593738470696064,1.540532551798717,18,1
1.4376475166170741,5.559508418783669,2.0299486795058637,18,1
1.18223961390976,5.620802959204468,1.3440898864796094,18,1
1.6022072735094801,5.535282205373944,2.285821971763987,18,1
0.8059476281559992,5.6371230250653,1.2351764089250064,18,1
0.1821698901362342,5.564361427142005,2.2709519437672756,18,1
0.02804204242220809,5.5951914850535704,1.9321121746485195,18,1
0.6222726451179517,5.505712885318654,2.880413291189664,18,1
1.0722530684416194,5.568189439981564,2.0115172116822664,18,1
0.47688459120285703,5.501713744298242,2.9639028698207617,18,1
1.064836917578632,5.548349588669972,2.2550529461589015,18,1
1.0633369379916684,5.639670116965947,1.142605518284656,18,1
1.0720233327980278,5.4622850014077065,3.302093542200761,18,1
0.6157588969300087,5.5276528968734135,2.614615750553451,18,1
1.7684937789156594,5.47385492819638,2.9946040560288147,18,1
0.016534807003406704,5.6290710907629125,1.5220158983816758,18,1
0.6254564731627238,5.522312499063703,2.6773739712588402,18,1
0.6395010247430317,5.577560144719938,2.0007842936317655,18,1
1.4641225514790053,5.4650754730623365,3.1743524827757232,18,1
0.7441189290819112,5.5207222347292015,2.66838445142168,18,1
0.9423864582979022,5.519888383433161,2.6311467174590937,18,1
0.3499740488053885,5.624797117069457,1.4943837055691807,18,1
1.1790801800437152,5.4634395161645255,3.2624314177395104,18,1
1.1548681881062248,5.604132752953619,1.5537718325163303,18,1
0.3820885744269762,5.519412778967411,2.7708898615534183,18,1
1.466889190406071,5.555517910252697,2.0715852249424014,18,1
1.4456655340939006,5.452952529631565,3.32649165338449,18,1
0.29077780120746444,5.502384596547125,3.0002196578491294,18,1
0.8833056869629358,5.63486052995282,1.24425293439353,18,1
1.513479485121409,5.455389224838442,3.280586841583148,18,1
0.7890653460150382,5.494269359348422,2.979986566375442,18,1
1.1361874396276912,5.547415797300272,2.249374456439183,18,1
1.2680683988938093,5.600685516275435,1.5687166813703968,18,1
0.8037526466517466,5.550485400677095,2.291442635388842,18,1
1.4469480522864098,5.600793533773106,1.5246365625914415,18,1
0.21605023468690188,5.528415301898754,2.7008816148077512,18,1
0.7180052422708658,5.5835386567579,1.9091642402985163,18,1
0.5638432733726813,5.5351300201018345,2.535912854464817,18,1
1.293457163464646,5.448389445745368,3.418483778004478,18,1
0.016605463245454866,5.499197232473959,3.104604956437392,18,1
0.9108942145540257,5.567837442507484,2.054381792800843,18,1
0.911850693587866,5.510662390871126,2.750872072234107,18,1
0.2707345490989109,5.5421946802505415,2.5198969232211192,18,1
0.3775030871801679,5.511651960208717,2.866557223763992,18,1
1.9973110903356037,5.556432181179027,1.9336389153633147,18,1
0.2774641232100813,5.538782260542299,2.559870895538967,18,1
0.8795900095663882,5.5349173408245935,2.4630205386720467,18,1
0.24116523082111252,5.574514115291061,2.133130453807037,18,1
0.8683103862963751,5.628985083779521,1.319434302882276,18,1
0.4957784097473441,5.5096809033107235,2.8623004839502806,18,1
1.3982039684467216,5.4631374698399275,3.2137272597169844,18,1
1.2640569696845285,5.56966806698633,1.9476455005907074,18,1
1.123134621460462,5.627354548537688,1.2783840093885237,18,1
1.2865274174360195,5.60073187576,1.5637388542530453,18,1
1.394476950820383,5.522171989840469,2.4952403654953423,18,1
0.6844706052045425,5.619147051730718,1.48326740788056,18,1
1.464779121180547,5.593290750882901,1.6118005610221646,18,1
0.595072827256617,5.60553182208027,1.6705506010499152,18,1
1.6475490641709203,5.482760586780448,2.9149958673076792,18,1
1.2297805705584168,5.510511561219548,2.6767041621166934,18,1
0.4527554035438337,5.595752767714257,1.823738482128764,18,1
0.522599360639439,5.476784927035927,3.256749559293852,18,1
1.5217443753999724,5.581326281942835,1.743977787927967,18,1
0.5280673066930097,5.460840772181396,3.4497333077567207,18,1
0.8277385018498659,5.64077810296707,1.1854272344956458,18,1
1.8764984965769906,5.496830736338546,2.68880724564508,18,1
1.2110837915726689,5.591477541366671,1.694545468317541,18,1
0.43152947172233436,5.580323276085312,2.016832260213392,18,1
0.40132244989238786,5.510227457479942,2.878221435618088,18,1
1.7444101796481462,5.579320007720864,1.7151940953177358,18,1
1.729434031530431,5.5222835427300305,2.413804529326351,18,1
1.1119625688577788,5.622352799447705,1.3420047489190101,18,1
0.8805410676283215,5.629432702274868,1.3110558243021362,18,1
0.32743874402583384,5.5995207647097756,1.807781556876891,18,1
1.6942206009255638,5.531058797727678,2.3152900599474906,18,1
1.370287976956912,5.591462886143933,1.6566639184550411,18,1
0.612352774884654,5.4562720146385235,3.4852571916614106,18,1
1.4479980707277893,5.581345866712833,1.7613692871697921,18,1
0.14293941708085478,5.557992988383021,2.3579345591872145,18,1
1.0344173325039867,5.6146791225586234,1.4540523409081259,18,1
0.6130035819035415,5.598030365612905,1.7576746047031404,18,1
1.8374716720429791,5.476588748978328,2.944800298647937,18,1
1.323931332204379,5.610501286224732,1.4357496295855927,18,1
1.502635499378834,5.576778352056664,1.8039658315134188,18,1
1.443868980613399,5.611643911528146,1.3931530390562648,18,1
0.29287035962199814,5.506683413620031,2.9473352366879575,18,1
0.6381169586122787,5.463949174035071,3.385546195509188,18,1
0.3697141897689112,5.542149725197156,2.496782173848488,18,1
1.308951621279783,5.563310488137524,2.0143844148796486,18,1
1.2384941730090147,5.452976341305279,3.3757288938760412,18,1
0.4101705077667153,5.556217091669771,2.3156895554994286,18,1
1.2700395239514841,5.555497806643086,2.1188900496060077,18,1
1.0328804390432045,5.608979342908389,1.5238756541338936,18,1
1.6416171955776597,5.54563147266992,2.1502872104912174,18,1
0.5379775776081153,5.558896237207433,2.252488063281944,18,1
0.819358880549831,5.511125047271116,2.767345819706615,18,1
1.706735125517069,5.511199540085455,2.5542975493242976,18,1
1.4239086761143702,5.554293631500933,2.096779070862944,18,1
1.0561373463843196,5.4592079407762775,3.343387511000045,18,1
0.5459770558529069,5.614501986501182,1.5729798013517309,18,1
0.43112335847803235,5.491960359004464,3.0936947577713267,18,1
0.045528259026546225,5.5289034045967975,2.7356995547211493,18,1
0.2924463383360387,5.602027233641517,1.785603894693994,18,1
1.1550018860527766,5.4578696349099145,3.336060683898949,18,1
0.46434103158306433,5.639406980012428,1.2890109328949955,18,1
0.7645296610584533,5.474947026497375,3.221308647757536,18,1
0.4307332065262855,5.474067112941946,3.3118300437732424,18,1
1.3944011465049002,5.482327992193797,2.9807861262159183,18,1
0.5811379770861347,5.51788953547466,2.741865946589935,18,1
0.28075639165943245,5.499538157165723,3.0373013270577878,18,1
0.9217044393332623,5.6165367727361595,1.458361241123975,18,1
1.9135643777254974,5.561335790744854,1.8939058222591778,18,1
0.25108307338123526,5.577311569559347,2.096670462506364,18,1
1.1065254129012825,5.635696170715659,1.1807060497187571,18,1
1.2604614894979507,5.4528196855770625,3.372386241547183,18,1
0.26935288859323014,5.499965194133542,3.0348237532915556,18,1
0.4885542424155837,5.5979192952628125,1.7887795465818437,18,1
1.4068879714346276,5.55230493444182,2.1250818216142346,18,1
0.44032028504443554,5.468964376258983,3.3717186096163507,18,1
0.8289101743710893,5.49342271123302,2.980778079535832,18,1
0.7044868376769108,5.643179504550175,1.1856295848638219,18,1
1.5988737748789876,5.544274876631226,2.1770367565301956,18,1
0.9248076765630929,5.620680570834861,1.4071242193129825,18,1
1.7755362929475376,5.4855527458347675,2.8503741547954147,18,1
1.6582253214247364,5.4782485387889555,2.967426084111426,18,1
0.9480220048353374,5.464244080856623,3.3078651227713247,18,1
0.30584446677108723,5.5357973211405405,2.5894597750086414,18,1
0.8703070101449217,5.60193879232565,1.6485354059734119,18,1
0.6980911685257047,5.5780317619848905,1.9810304521448765,18,1
1.7834959658844154,5.467647525013272,3.0666592116738958,18,1
0.8562771578768407,5.461522630891559,3.362960912659048,18,1
0.6364282681771858,5.4774324492690925,3.221646539742525,18,1
0.7771341197689684,5.6465584664069635,1.127087099439659,18,1
0.9796344109241053,5.560501338132523,2.1273441082096944,18,1
0.6913312729132295,5.487147214894571,3.0901397831980963,18,1
1.9073642414661334,5.5716091202529885,1.7702001817881023,18,1
0.0094272952817952,5.612112838122805,1.730363505109622,18,1
1.4288505567698588,5.5391260701346505,2.2804252354282197,18,1
0.8565874288205994,5.489980513876395,3.0161070585052414,18,1
0.8179990109705939,5.6333083248079925,1.2787802000368786,18,1
0.6094282093770862,5.620169191794372,1.4887519029815648,18,1
0.05799048188816125,5.491139269006787,3.1929033048171336,18,1
1.3960595297225038,5.527910872300887,2.424929634745004,18,1
1.4478991901640863,5.538588897718536,2.282417206092486,18,1
0.23439556943258288,5.638048819702631,1.3605329798815573,18,1
0.6547813746048889,5.519940357219896,2.699269663093289,18,1
0.3583011287840936,5.604472230528485,1.7400662875245,18,1
1.277161929710565,5.550147962512676,2.1823790133898484,18,1
1.577620654170972,5.6053481432014065,1.437896151924303,18,1
0.27203466054733205,5.5517061934654075,2.403681513680791,18,1
1.5731573430633303,5.495667087483864,2.7755053656332995,18,1
1.395442654712041,5.563122967468904,1.9959925173666724,18,1
0.81609364305447,5.489422644731428,3.032585736704323,18,1
0.6269189270512636,5.62092197562837,1.4753972761451293,18,1
0.9324388625799146,5.527689962846423,2.5384570076595003,18,1
0.4945259978390036,5.489331019643699,3.110577794149259,18,1
0.6693296703140303,5.558707957383157,2.223380711528161,18,1
0.5286518607348343,5.595527894477732,1.808334543814348,18,1
1.67257678954196,5.5842878401287495,1.6718303435295274,18,1
0.9660673074294036,5.600745647609002,1.6401818017575376,18,1
0.47946807298880795,5.492631065144314,3.073964198427859,18,1
1.5173447467799295,5.54028182531758,2.2451856754673774,18,1
0.6529962733656274,5.464637514633083,3.373601150447051,18,1
1.076035517869008,5.519053307309143,2.6093719175298125,18,1
0.9091456852166344,5.514029498384166,2.7104881290108804,18,1
1.8158463939322527,5.505217895120131,2.6011035003662637,18,1
0.3753184607565643,5.54505595367284,2.46002791455083,18,1
0.9523799467587023,5.480984317660584,3.1028315207566135,18,1
1.7808818404032978,5.47341366794848,2.997019577275961,18,1
1.658380947304467,5.546281720440419,2.1383558510503855,18,1
0.82509917866599,5.505925256352251,2.8293366911128754,18,1
1.441900638918596,5.461494162581724,3.2233057946305834,18,1
0.4297505930422313,5.550992543846178,2.374673500043961,18,1
0.6426815556729901,5.499436660768557,2.952014526578421,18,1
0.3955061524874522,5.610822520366883,1.6537890435630156,18,1
0.07599504135174107,5.621035102579149,1.60572531238418,18,1
1.1128729506971493,5.536889649028052,2.383216785775731,18,1
0.5271047566644091,5.567187753944675,2.154049305292819,18,1
1.0175576126436932,5.637061981890179,1.1853317418307177,18,1
1.2334571538094252,5.605547579170696,1.5177432980734888,18,1
0.5530608199560904,5.636197197030545,1.3069146484294407,18,1
0.24796656582005938,5.509249089209193,2.9268055641006163,18,1
0.2231297810499725,5.550482110674157,2.430289279516651,18,1
0.4379392349118506,5.573350243967816,2.100271299611082,18,1
1.1184720035677056,5.520724786363292,2.5788586738877712,18,1
0.4135487919148071,5.527717993552202,2.662163841463599,18,1
0.5248179921546268,5.61450577762539,1.5779919934468016,18,1
1.6185332050752095,5.53481630859483,2.2875963002274204,18,1
1.3715257761282489,5.509950991164766,2.649648804780516,18,1
1.7336508992525463,5.596703343763854,1.5059378660260316,18,1
1.771544176763068,5.484833665510605,2.860091038283949,18,1
1.3240923298815266,5.466156673487885,3.1946535937976632,18,1
1.0699032382330715,5.510198150698958,2.718744353760869,18,1
1.7883375159949915,5.528095852314189,2.328895619374176,18,1
0.34968177962888014,5.496387252334275,3.059219716724205,18,1
1.6553840088398704,5.469152400489169,3.0789483000250115,18,1
0.13843695322499883,5.508076044975134,2.967284634934268,18,1
0.8278793093365936,5.517396975861811,2.68888094375397,18,1
0.40484652740631,5.631312087066196,1.4018760474573666,18,1
1.6103484387964873,5.517138215038809,2.504973217666457,18,1
0.4790043007125478,5.602454749829277,1.7357948413778497,18,1
0.19069591344549508,5.631931565638532,1.4455231547679062,18,1
0.2501544638859414,5.624063535859607,1.527186277916988,18,1
1.5079727758887504,5.61046426044445,1.3922029640642792,18,1
0.9737931065105028,5.5587489944086865,2.1500941220299024,18,1
1.5269783885917838,5.558015711965438,2.026782503959064,18,1
1.0428532944441653,5.507914893781066,2.7530341664330438,18,1
0.8651667880829051,5.494885837276035,2.9542811570497913,18,1
0.5067865700661613,5.578154059292201,2.0252743884995486,18,1
1.5486551166572218,5.601696668567134,1.4893166283194748,18,1
0.8403086581779895,5.498306022128942,2.9185464624431425,18,1
0.6519081311768541,5.648147359210756,1.1376624427079627,18,1
0.4494904279858866,5.60265972818698,1.7403527646561723,18,1
1.073828183227078,5.5534222102467865,2.1910899242704267,18,1
0.4343175161922787,5.58820999921955,1.9200603685382434,18,1
0.4045126893248564,5.590903941240915,1.8943580444684347,18,1
0.5993583934539368,5.496692219329399,2.9958145583368556,18,1
0.9764505089252458,5.608480942967105,1.5434394304223165,18,1
1.05219081153188,5.630751494109329,1.2539499710081585,18,1
0.25784020788585305,5.507069712571407,2.9510023874563864,18,1
0.9514814718629309,5.563726413566114,2.0947746348248444,18,1
0.8716557626461227,5.482753418542075,3.1005720796929643,18,1
0.7567549172559191,5.478352618289021,3.181667741890187,18,1
1.3085482848500352,5.5694764990366545,1.9393435809609754,18,1
1.2317757082456344,5.484213799192429,2.9966842535047062,18,1
1.3029777843117454,5.516281464264209,2.5888948771048423,18,1
0.6562456966563708,5.6273101821427485,1.390541404446154,18,1
0.8806893337888883,5.501352205581451,2.8717729335087734,18,1
1.2120454427504448,5.585041047522342,1.7727488571170955,18,1
0.4215021439186357,5.583616587029757,1.9790980906506983,18,1
0.1343660668313883,5.49136832628646,3.1718533555277157,18,1
1.1070021880525986,5.515550609512135,2.6446517538057064,18,1
1.5606167881947157,5.531119963921253,2.346484689546363,18,1
0.55253470509938,5.497798025901771,2.993533414364906,18,1
1.9584923869679889,5.532349568350497,2.236382985015466,18,1
1.8237422755175676,5.519186955754552,2.42899286683921,18,1
1.1437916154296666,5.518506902254209,2.5998321489730394,18,1
0.38816704069458535,5.555315110082579,2.3319411038086497,18,1
0.7757856011821106,5.54002972321217,2.425538490493382,18,1
5.0615315868983375,6.547743475870426,9.369009075571146,19,1
4.796786572525484,6.517023486195322,8.539454603541913,19,1
5.185303255586443,6.568806680484429,9.597119310318568,19,1
4.863410612886473,6.508180375012625,9.143238065291861,19,1
5.188071001759607,6.635460188577229,8.024824321086257,19,1
4.725017109722659,6.498910375803651,8.547793699746887,19,1
5.507088996308521,6.670085557228705,9.081455174451103,19,1
5.141610413765731,6.612206224673015,8.304988216291493,19,1
4.555260678539252,6.464279453366757,8.371791945626942,19,1
5.022082871326293,6.585439388663991,8.237854705332866,19,1
5.478697685434245,6.663172526290163,9.078739719262094,19,1
5.89567806153809,6.786866079796627,8.590398335676216,19,1
5.487888733010715,6.70544774351152,8.125368916560436,19,1
4.92733548815894,6.55924866430911,8.303168748704952,19,1
4.648411917754182,6.462924274186726,8.953592219706461,19,1
4.9583541581813675,6.515258808722333,9.534604170179296,19,1
5.585297537820973,6.702953745393432,8.759427298277682,19,1
5.850012486014921,6.77954572724495,8.495489790155755,19,1
4.904018585546686,6.53476568824465,8.749149990703582,19,1
5.317245590800928,6.655580342883975,8.307283176232954,19,1
4.796727309437641,6.4772499837488375,9.487068017382978,19,1
4.684290156988049,6.497580318442073,8.339245282663022,19,1
5.632307842489933,6.685865658904693,9.444019990889934,19,1
5.1425536469616295,6.614677945512098,8.251641287994248,19,1
4.68114431111583,6.475253504607248,8.85282591861667,19,1
4.868710641852659,6.515592908609339,8.99783245699393,19,1
5.862558832749455,6.761260956864382,9.005300760341724,19,1
4.479880439308998,6.44119776109926,8.477252353875993,19,1
5.035831927416064,6.548704092386193,9.19451094106555,19,1
5.6700798868484,6.696927283477957,9.403194845291022,19,1
5.453972324805727,6.686998130261205,8.365024104328146,19,1
4.850716857464649,6.514904102776322,8.908103810833994,19,1
5.059174085888165,6.55318199292273,9.225480333295753,19,1
5.838945734873886,6.751101269252339,9.108152997639875,19,1
4.868233226766372,6.508254816112954,9.169912522284815,19,1
4.989678009011692,6.536811742362227,9.205690794838747,19,1
4.904615286444089,6.52215546354781,9.053222463991219,19,1
5.659106318229848,6.729494999778502,8.562241504314546,19,1
5.634369682855888,6.730398003996494,8.394797400343279,19,1
5.157703981140398,6.588390502464489,8.967549200493368,19,1
4.638137059889425,6.472702965922367,8.659914971748249,19,1
5.806816789903392,6.744624878168569,9.072982280482618,19,1
4.446198274758136,6.40854522793897,9.056802224724901,19,1
5.445975435646425,6.677745631653575,8.538374672887235,19,1
5.885792706826938,6.777226223211879,8.761841114106133,19,1
5.177544142767469,6.5927614690757,8.980408915202618,19,1
5.502908088504434,6.677811772620042,8.872645041790264,19,1
5.282114687284178,6.6105417433209865,9.173496836291873,19,1
5.742969171220755,6.7473722816725985,8.630862285502861,19,1
5.74688870178326,6.740179788002074,8.825409807351356,19,1
5.0357393596582245,6.575684360675476,8.550916251571902,19,1
4.844802654983499,6.505718338645729,9.09214963493612,19,1
5.471077340873047,6.651339912979994,9.315806072820918,19,1
5.5659783820064135,6.67902212172341,9.215850371077138,19,1
4.638477003879916,6.443567123862709,9.35634495666529,19,1
5.691876966378954,6.725246806121671,8.856807757303253,19,1
4.9139097974063395,6.518973578798478,9.18388810567348,19,1
5.831644576267475,6.746738920773422,9.169055689409577,19,1
5.73191434947581,6.759223237589442,8.283193601289593,19,1
5.929653057105457,6.784502137735977,8.847159739891381,19,1
4.7489154787681995,6.494737423164825,8.788228916801897,19,1
4.77119902951257,6.5156946811543355,8.420183997293472,19,1
5.843609740652875,6.751038889498409,9.137152815390817,19,1
4.50047107518903,6.435419640104501,8.736432828752386,19,1
5.457101432436789,6.6796705681176745,8.558128133218965,19,1
5.1158490703632085,6.571058310722327,9.13374235221001,19,1
5.580123217313831,6.7152900263721405,8.434880545907046,19,1
5.312516726106213,6.627829402218785,8.94080437785946,19,1
5.906215838661847,6.778239865578775,8.858158360925172,19,1
5.014960153631883,6.549977717966045,9.041032325156964,19,1
5.86491596713192,6.764846967779641,8.933736433849393,19,1
5.57555785894555,6.689235562695104,9.028932384242399,19,1
4.492120125865988,6.442476193891946,8.5189842812506,19,1
5.498625092523174,6.695499033673116,8.42582078853089,19,1
5.502506069361599,6.6778108676026635,8.870295093626721,19,1
5.3194936517793385,6.6480448554915,8.500145592025849,19,1
5.824283458122372,6.758842511825902,8.837154916824735,19,1
5.062819861171514,6.571523036825686,8.809845766109474,19,1
4.7266097561381715,6.494304286710342,8.66697043434387,19,1
4.8023709570290976,6.4985190348698225,9.013432712529289,19,1
4.850740922257896,6.500805916775436,9.244262413371727,19,1
5.531008953995686,6.7014541850557015,8.474918507598348,19,1
5.49492267151306,6.679664643598388,8.781377529064354,19,1
4.832680675577477,6.5321931097527095,8.389641260069789,19,1
5.217132665158452,6.580176218033019,9.513899643607019,19,1
5.055583490318087,6.563384362561143,8.961135719042442,19,1
5.421994301754266,6.6459667619141465,9.154328179843755,19,1
5.618581435628543,6.687940977134236,9.31358445712374,19,1
4.519885802376172,6.440797532952082,8.722783783701665,19,1
4.720534317820075,6.507530300649393,8.315902045707075,19,1
5.809679502662363,6.743953012350241,9.105882748861216,19,1
5.266741270567431,6.631969551822816,8.572097650546828,19,1
5.223309902227601,6.63319374091072,8.286717839046954,19,1
5.532899624116389,6.664270688025395,9.372304336557544,19,1
4.656925161319022,6.459649033449259,9.08187420031521,19,1
5.310543395527267,6.654667371899206,8.289506583483682,19,1
4.63977987229176,6.462380692160648,8.915627375922648,19,1
5.813028237757406,6.773353183744882,8.424912315925186,19,1
4.945494852095075,6.569519628641638,8.165492660631775,19,1
5.233272863900393,6.620110022098793,8.657327333149862,19,1
4.947388480827626,6.549779229118578,8.647156564195514,19,1
4.625826987784411,6.458024958021551,8.937133766856135,19,1
4.8728336236237855,6.524271798399991,8.815301048937814,19,1
4.686679555938809,6.466396294960292,9.0965814659597,19,1
4.965120818097383,6.551919998250091,8.700736786396146,19,1
4.5046867466251,6.441848462886901,8.60807637222862,19,1
4.599883797733834,6.44296169983983,9.14311261467354,19,1
4.8587771277251575,6.508692238067644,9.103705288969314,19,1
4.509668829055592,6.425456517173557,9.028151959623502,19,1
5.912825966643717,6.776902515979382,8.929026064229776,19,1
4.499987991766448,6.417850953218077,9.152315790514026,19,1
4.864152766309225,6.5246453976617245,8.755188133174741,19,1
4.860663654527343,6.5135968566973625,8.99793709859189,19,1
5.133027435886983,6.561656361673718,9.459164221868686,19,1
4.628984745759465,6.456990884431849,8.980407584757977,19,1
4.917361294101427,6.531136617637361,8.914354267975588,19,1
4.957920481674792,6.513877744962588,9.564962224971504,19,1
4.553738501087381,6.4299332479144,9.181421219654604,19,1
4.856471096749508,6.499947230421036,9.298530778684707,19,1
4.518954280866424,6.418828115100693,9.240908572125731,19,1
5.591684347635958,6.727948243932257,8.201383480899953,19,1
5.167708364147742,6.6112571283452395,8.481561303648611,19,1
4.414865745387147,6.418592624686062,8.632501057699766,19,1
5.117806728671202,6.603117359283491,8.381194162837456,19,1
5.335691979996739,6.618255401020867,9.305702699966275,19,1
5.82561945782561,6.766685394663385,8.658108467979597,19,1
5.331738441161962,6.635478357545444,8.871888170421881,19,1
5.894078200948725,6.7698106596069705,8.98746019234225,19,1
5.005362768525908,6.527944205158626,9.50956466488935,19,1
4.5334481123864965,6.4221050691652195,9.248304918580757,19,1
4.883508876659543,6.556954101814101,8.099323435190707,19,1
5.112393918921133,6.601530436745815,8.387086663398996,19,1
4.671298792277052,6.472938402281887,8.849925247852106,19,1
4.643518073780668,6.465364415046817,8.866564943238316,19,1
5.1935908523348076,6.602973895819081,8.831665426719255,19,1
4.521598829087123,6.435910209486737,8.849373593466684,19,1
5.13977248776465,6.590778761575569,8.80484913980459,19,1
5.5681953733039835,6.6918755344262335,8.922579769031001,19,1
5.533863061411192,6.703560435128997,8.441554504399045,19,1
5.479723184692777,6.670816332935918,8.902606411249502,19,1
4.492313157031332,6.4373528720143485,8.64223240327734,19,1
5.068620291609644,6.597741062013799,8.219181310207789,19,1
4.869256396889545,6.545619743675112,8.285391269500277,19,1
4.625530584071127,6.475830919321735,8.510997389590868,19,1
4.617923408456915,6.463172672242346,8.767819610303738,19,1
4.7445840421821925,6.511627444203189,8.360120357099284,19,1
4.589222152503112,6.463469436762223,8.591437273564688,19,1
4.893373265096755,6.519228431551505,9.056668551589073,19,1
5.32019430126063,6.624646370839376,9.061959014047757,19,1
5.042197444410229,6.587787695525823,8.300541319464733,19,1
5.700295830891768,6.707304366704367,9.334111505522124,19,1
5.667128064275389,6.745705978328253,8.223188919759288,19,1
4.476752982981583,6.440043319874243,8.486318422364723,19,1
5.845006731699502,6.74994255660359,9.171523726923256,19,1
5.2091676915244625,6.593502775241122,9.14928849941433,19,1
5.3578471424767375,6.633482258501223,9.0734789760275,19,1
4.877045172507192,6.507249040732919,9.245866038175594,19,1
5.01807569382143,6.531606310361294,9.49727570719639,19,1
4.941372788731155,6.545734871302468,8.708063246489166,19,1
4.508450345376837,6.437590335628476,8.731766260725822,19,1
4.848130862300236,6.532717933933607,8.46827352069997,19,1
5.398434427983852,6.6456300274370035,9.023373788550714,19,1
5.738435792384198,6.718622394831073,9.289345578919546,19,1
4.709593303537344,6.464678665489085,9.272688127088182,19,1
5.005369193727493,6.526748038784538,9.538112037250794,19,1
5.2968163555347205,6.640349259413174,8.549788899210514,19,1
4.691888601704266,6.4728260051556585,8.974063792394906,19,1
4.826012351401896,6.5393946110764425,8.178663865012863,19,1
5.149708852378534,6.574527017165894,9.25080856703693,19,1
5.4587341514370795,6.6388660763926515,9.540295214247202,19,1
4.7369972585293825,6.514353860567821,8.25038427942999,19,1
5.079460693651148,6.548799621922666,9.449600987902983,19,1
5.150775625326903,6.565211727695725,9.479122405991689,19,1
4.535844286710966,6.457865871540898,8.410115817205753,19,1
5.506719284573077,6.697443651130469,8.42722049901666,19,1
5.171204621679001,6.591077209322988,8.98315466688284,19,1
4.993291259724052,6.582089747663455,8.147847911942405,19,1
5.287101507261706,6.605276421895436,9.32840802946342,19,1
5.380616789285459,6.622209813876957,9.47646537273485,19,1
4.416822421416888,6.416022671907817,8.70529586766733,19,1
5.701368935682917,6.742800709447759,8.494420732291792,19,1
5.350157635366237,6.619263193852125,9.367016100674036,19,1
5.330771305333479,6.645479825850843,8.627807683025578,19,1
5.919992017168878,6.777674474544272,8.952899842512894,19,1
5.1037944539562465,6.604644656028199,8.262133851980735,19,1
5.591275923674586,6.680411863043449,9.331957896671161,19,1
5.390418567836838,6.655418193863658,8.74279658991198,19,1
4.642294326529763,6.450096569221798,9.223240391355125,19,1
5.590440753361792,6.687304353465493,9.162755360742215,19,1
5.631488902785518,6.69464186279778,9.230016708786843,19,1
5.005243349874637,6.540567007206836,9.208007919402522,19,1
4.969015023793037,6.537578118502921,9.065533626907404,19,1
5.634310402329332,6.696076964988941,9.212456512560687,19,1
5.908517914278602,6.781678109624292,8.78979112234406,19,1
5.5782143207039265,6.704022203361646,8.692177605660184,19,1
5.872299379677549,6.77527219795917,8.728816031263234,19,1
5.4607070582079,6.664744347321084,8.935149839818346,19,1
5.586304492658429,6.68205554049084,9.263455868823442,19,1
5.714362474977762,6.754160762362645,8.300313974612841,19,1
4.674462433226521,6.495675518521178,8.326670423948471,19,1
4.486602347196001,6.442312754375549,8.490330225540761,19,1
4.797265748260417,6.486179632289182,9.277414731449182,19,1
4.404254680486524,6.41449031655992,8.66768074026424,19,1
5.36465914548146,6.621158236626822,9.407394263911499,19,1
5.805915204812723,6.7536766494063105,8.851923590263533,19,1
5.129239914912275,6.611425279899464,8.25062747841308,19,1
4.680106460316773,6.500572237699045,8.243256073251457,19,1
5.135505294892402,6.5995557475434525,8.570485908324283,19,1
5.179976380271909,6.581727138157319,9.257749347144266,19,1
5.0646483770470985,6.576317633914413,8.706357625344271,19,1
5.666974926866006,6.704290176973314,9.209391175188323,19,1
4.484789429004124,6.438832587522166,8.562582202468208,19,1
4.815636079454958,6.531900463489947,8.29606981243952,19,1
5.042487992340621,6.553812609671473,9.112018617035794,19,1
5.841606567060813,6.749843655384102,9.153823307692132,19,1
5.568715113477667,6.714036462877399,8.397461404731429,19,1
5.06515729439394,6.548735015114118,9.36676481131749,19,1
5.597318644007686,6.685520844858812,9.245836369897049,19,1
5.46920177863603,6.698497415858161,8.180788571483308,19,1
4.85983788743802,6.501254608721448,9.287231440581978,19,1
4.921694936858723,6.533053989792771,8.894219793901957,19,1
5.667301034284767,6.7446116628006365,8.250291226496874,19,1
5.006355340723201,6.568506157579655,8.548664915325192,19,1
5.669254551647126,6.715096725719521,8.965275074270311,19,1
4.705462804012586,6.48628013203354,8.733472146657634,19,1
5.703518858347666,6.719932802565627,9.05213763511082,19,1
5.424736674231762,6.6540245858590925,8.978455036419128,19,1
5.086259229128143,6.548090951110606,9.506596158949794,19,1
5.130814886184298,6.616325046708342,8.143137054648541,19,1
4.926085423347592,6.534492991579288,8.885822137671159,19,1
5.3254985370452825,6.630407490789528,8.95593807077905,19,1
5.39862727254553,6.651618887780584,8.881772681403925,19,1
4.546437048279274,6.442201259951119,8.845953598677553,19,1
4.4453961971375575,6.417019789786347,8.850087759127303,19,1
5.1757159634106555,6.573428516575209,9.430406697660048,19,1
5.063184450636585,6.603952779666325,8.039064894046714,19,1
4.908245581074348,6.5075243879167814,9.423355192749925,19,1
5.577954555210002,6.691290251668575,8.99409901318506,19,1
4.640209058754761,6.4676206957966285,8.793268730232196,19,1
5.731206211756866,6.75430471164912,8.39624459803375,19,1
5.681370942622088,6.704396588448253,9.291777324379806,19,1
4.926559360997293,6.564888719445201,8.164165094553734,19,1
5.412471317586666,6.681587305391405,8.249170676848042,19,1
4.578545683857775,6.440447176296224,9.077169924757749,19,1
4.998826824722419,6.567459896552436,8.529190680681593,19,1
4.928294691187698,6.545109789710895,8.645813522445149,19,1
5.576664339659058,6.69584195824911,8.878002478522445,19,1
5.277393541806944,6.634501127980936,8.574597924002624,19,1
5.5431936457824165,6.7125872378252645,8.281450672641935,19,1
5.466291102829704,6.6909994652345315,8.342324850698386,19,1
4.7475797951327365,6.512322673328991,8.361222244714295,19,1
4.656424649153539,6.467871247667888,8.882953136881888,19,1
4.721219891163839,6.477099133534625,9.045243725937034,19,1
5.564070652009681,6.7079457222856345,8.515230558493808,19,1
4.394682655337561,6.404600499715469,8.846929416909399,19,1
5.397931044454529,6.632684748467173,9.328942538325462,19,1
5.409664797001331,6.635175367834126,9.338798655618938,19,1
5.282559692167568,6.62766527015695,8.767999208280388,19,1
5.365889319695019,6.6201635548294435,9.438358364144126,19,1
4.693115841210733,6.464584917642475,9.177721660632109,19,1
5.365076152351069,6.648783925572915,8.751422586743583,19,1
5.163936027878754,6.565055610541968,9.560476766229739,19,1
5.112327021698142,6.6012357756960185,8.393714996906683,19,1
5.018778403682895,6.533364909354,9.459506497591164,19,1
4.625852973821147,6.4522527557871,9.074861923030836,19,1
4.612984654970382,6.483500698240756,8.254186949981307,19,1
5.4636478726030955,6.642886343802685,9.473462156556796,19,1
4.459163590779746,6.414759867595119,8.985164931764858,19,1
5.444172410574918,6.658243752638881,8.992547041215868,19,1
5.820709358770902,6.7557662278467285,8.889391495294616,19,1
4.462785021396463,6.413345943262213,9.040227338690118,19,1
4.680141395360568,6.451137584917826,9.421689348758806,19,1
4.513901784656515,6.4270611211436615,9.014878057696544,19,1
5.44187288165404,6.673244634837441,8.621450541765897,19,1
5.396049405843104,6.632080066432958,9.332254729401003,19,1
5.0436028341071095,6.573040593878956,8.660314660765176,19,1
5.3268099935997535,6.661454197209973,8.223706122237504,19,1
4.976403195107902,6.552665138674922,8.74953203540859,19,1
5.596073479715243,6.713069997131189,8.581883691901908,19,1
4.858036958255786,6.543359593629763,8.273076085879929,19,1
4.801531496706189,6.482109653326632,9.399582477430323,19,1
5.31314667521058,6.6335656253452235,8.807803122527607,19,1
4.936949098395404,6.544307857619289,8.71597930774945,19,1
5.064345895353389,6.561235021248691,9.064052782657916,19,1
5.327915712944538,6.647589648669226,8.56067690187392,19,1
5.1929183090499285,6.601115075122244,8.872001277018638,19,1
4.6794160312105,6.482024850844793,8.681242267246938,19,1
4.728384530098086,6.497417244301091,8.603245521919662,19,1
5.320496786220502,6.630938850832964,8.913768196594773,19,1
4.753168161750321,6.4709759277658,9.379647860780914,19,1
5.786542721507351,6.760291609105899,8.579983777906582,19,1
5.601279775580679,6.719971965231342,8.448093985686773,19,1
5.389772374956496,6.652744071738814,8.80271980365661,19,1
5.702601389103382,6.751096741244319,8.30396309432631,19,1
4.788538035257068,6.5117746103969205,8.615898213253004,19,1
5.694165171768186,6.725084131323739,8.874183119983671,19,1
4.634850159175903,6.479993620310987,8.466759779221757,19,1
4.9780557050050485,6.569871090735832,8.349192976254416,19,1
4.705570405990048,6.475007725166253,9.00277382076915,19,1
4.8459614392825845,6.539832939718622,8.285896764606267,19,1
6.247060445166462,3.9472326365494634,1.8096091349230168,20,2
5.176606569303381,5.274107912760853,0.5100718981826369,20,2
0.5860842753270605,3.266395073559935,1.078106319399549,20,2
5.338553914196834,3.6796730158771926,1.8184925708752395,20,2
4.473569648925246,3.382031328075795,1.8611734754811207,20,2
6.102137567984121,2.5074663766325145,2.9255476659500683,20,2
2.1994099124705233,2.384985087457589,2.1445091288234797,20,2
3.5618717622897,1.7327674022286352,2.9715892863750764,20,2
4.983153911888344,3.78749534377131,1.652454864669357,20,2
1.4101415028998314,3.195174552696231,1.320469032927846,20,2
1.5368158373104654,2.677581201389004,1.7619000590213862,20,2
4.90070956028768,4.457868764666915,1.0991028735006232,20,2
2.8404379400831004,2.1304490426363287,2.4919000155672264,20,2
2.67244056470454,1.5190769181618018,2.9417938098455263,20,2
1.5738252744617924,4.701852587032885,0.15537605980983904,20,2
1.019376161291317,4.180646228620267,0.4463259389351075,20,2
0.8384837615828049,3.779763068699178,0.7253992443990609,20,2
2.9706907626037142,4.058542261983264,0.983096801348721,20,2
4.943669445523444,4.128082454431815,1.3718619810120845,20,2
4.188229942817397,4.989660240282022,0.5144439875462301,20,2
1.1259605857746304,0.6404874222919039,3.2944770548520426,20,2
3.5965530003816992,3.398907417320567,1.6502394161124785,20,2
6.140821099348859,4.189389451419738,1.5925080677337164,20,2
0.889995297118281,3.533602264944875,0.9333718361003321,20,2
0.11747194648012282,0.7549197402111758,2.976115219015811,20,2
0.5717955129475163,0.8743200232321067,2.9831605599943956,20,2
5.28552318961099,1.5585768923267154,3.498650856109058,20,2
1.69562254164947,0.8031874223319362,3.2929500338873523,20,2
3.6764299494506147,4.657480446901306,0.6642014049350373,20,2
2.217392752324619,0.86141878406004,3.363979170372695,20,2
4.846638658204804,1.4446632192481255,3.4907048773111904,20,2
0.2624365730951972,3.6115130004754556,0.7299161030298362,20,2
5.6487927965928675,3.8548297679200036,1.7486158781557548,20,2
5.026800833735487,4.327185978219857,1.231745738247279,20,2
4.984279715378419,3.5686043855535408,1.8273280352474197,20,2
2.7055074849151426,2.8318289467863247,1.9019947856711081,20,2
2.957371340123671,4.7488598899439145,0.4293987091817413,20,2
4.494027065173741,5.535609803204971,0.14776819493118265,20,2
2.3455842357944823,3.8143888859188113,1.037119002625525,20,2
2.2549501976657154,1.0851563912211644,3.1939496129325584,20,2
0.564190515325238,1.3146576407571355,2.6301700325948896,20,2
0.9753043353353181,3.67489222551633,0.8398665351801807,20,2
1.3310023951229,3.9478224363339214,0.7022270238558739,20,2
0.07674767264078297,3.516954024638266,0.763540110521399,20,2
3.7209631364750884,3.3730570767894203,1.6988739459242332,20,2
4.912066536807663,3.879548825660257,1.5630132369542478,20,2
1.909295420535329,1.5714208313740479,2.728204973057858,20,2
4.774471118003845,3.886229656804807,1.5267023021044674,20,2
2.8233822137646283,0.7505410888313158,3.5888776205112176,20,2
2.7627395848423992,0.7113018323047127,3.606526191456192,20,2
2.680849435451509,4.781231223570321,0.34131221824169344,20,2
0.9082643794360901,2.0313353782242185,2.1359147754826413,20,2
3.4934507663118604,0.03524668229915218,4.310376104739444,20,2
5.291179462491881,4.541734462401503,1.1201183892231312,20,2
4.187525566856169,3.120478795447736,2.0054199333892972,20,2
0.18088490525841716,0.2971425858820296,3.3555839471028355,20,2
1.5085856073134272,2.4645944311406662,1.9254533033169998,20,2
2.801288611308574,4.711062466974676,0.4244075359634154,20,2
4.56944845508397,2.4311225375474064,2.6413467489379316,20,2
4.1315481443689155,5.500164042445966,0.0944283203071703,20,2
3.003780002683304,1.9558412846173008,2.6679713883788896,20,2
3.3352978646159332,4.834723822791686,0.4459958406719928,20,2
6.318030845674135,3.401852025961242,2.2606649400981444,20,2
1.0757541579197167,3.296018394981862,1.164729656209584,20,2
2.5864412430584824,1.1267159550706132,3.235434911865825,20,2
5.698647362707491,1.8959474107274963,3.32253446364771,20,2
1.9925556598484333,3.073126490361336,1.5489703408682816,20,2
1.537299634128353,2.788347720741928,1.6736452945748936,20,2
4.289593315432966,3.4278326509669466,1.7832110323214516,20,2
2.029239413043735,1.81719266245176,2.5591480274220038,20,2
1.7298748449054409,2.296907891994671,2.109050819119079,20,2
4.726108453969204,5.711257009623827,0.0599021119807881,20,2
1.0155173754694105,2.574577104618845,1.7266944733976672,20,2
0.976175020256979,3.9752008652755446,0.6004921590764385,20,2
2.5988310486198363,0.08460655118254579,4.069564646328012,20,2
3.8643587793519503,4.146965964763639,1.1137774932486475,20,2
0.6749525350509944,1.9251668789257643,2.168077351548959,20,2
3.262925105376333,0.44962111403204164,3.9279042807064064,20,2
1.63435934398913,3.612485690572611,1.03804561344656,20,2
2.1902381200262253,4.62346824954313,0.35669997445734136,20,2
1.4055581838721456,1.3223766324845478,2.813456620155616,20,2
3.5990159950983984,1.5143943316431623,3.154159310707473,20,2
4.478740411613975,0.9338351550246613,3.815379747067616,20,2
2.5045174000661183,3.2947244758425396,1.487465687037631,20,2
1.6754308910456541,4.514819347227113,0.32745909929610373,20,2
4.071698581074118,2.0513253902866255,2.8322543432956735,20,2
0.0400214924070077,2.5471935237211603,1.5288946243951778,20,2
4.841528555784489,3.6111733353969995,1.7612265696491063,20,2
2.803683521289045,1.8269330447820198,2.7257533842066675,20,2
1.3188390442320856,2.1142770698162847,2.1621942519519686,20,2
1.5777776275387985,0.34457537101966285,3.6322723348556725,20,2
0.3561995384668848,0.44869795971082116,3.274155318865036,20,2
3.8343570496218957,3.999557558657743,1.2246168961194945,20,2
1.1268671950966822,1.7604620375624014,2.4012244074772573,20,2
3.7309612096865745,2.3549353303447003,2.513329061941914,20,2
4.577703304304122,1.8374827641048919,3.1167799871841284,20,2
1.0298905269072165,2.3158807033010067,1.936305135854099,20,2
4.595302248932289,5.45116214407747,0.23793945819274143,20,2
2.9997079158814977,0.954264247067856,3.4660599352281336,20,2
1.3046608492870373,0.8123570477217477,3.197605102988495,20,2
5.102755145080208,2.9330436398107103,2.3610211523275337,20,2
2.0869087199018153,0.02277664300828075,4.003623613813492,20,2
2.2194338085771235,2.040215679673991,2.424056639548162,20,2
4.408677503822241,3.4734584880787827,1.7736264274564952,20,2
4.452734261119695,3.1737710320184003,2.022621228186965,20,2
3.079480503776255,2.76912004443673,2.036225321813202,20,2
4.703657955934197,5.533644704887228,0.19653684866676802,20,2
5.989436148838839,3.630652347588747,2.004152907790837,20,2
4.0660783199996064,1.2161144497812961,3.497276186359317,20,2
2.4010325114155187,4.491244744053347,0.5096439040033354,20,2
2.5458906479163628,5.0711914304011,0.07960958235908944,20,2
5.044948263667515,3.289780037146249,2.0634196984335853,20,2
4.5785414548030605,2.41510951608813,2.6561684963331973,20,2
0.36167243702470286,0.22380379253816862,3.4547963359896463,20,2
3.6162433299505814,4.8413937679754095,0.50393327457784,20,2
1.862515625128156,2.8895395892381885,1.6661461739585677,20,2
2.8316584990135496,2.5220417810584497,2.17753114576679,20,2
1.9941215733368771,2.539577860093781,1.9749599318149156,20,2
0.42983454205760085,3.658910908704208,0.7297962815919659,20,2
0.9535394967254276,3.811589219179525,0.725916246638131,20,2
2.6162750034779743,5.162928945893132,0.022274135317653432,20,2
5.592215734896929,2.651461718818397,2.6958605218024934,20,2
1.1038445114028042,4.147037070856089,0.4921566548565932,20,2
2.799905518860794,2.2361999985194747,2.3984110920714214,20,2
2.749267257667467,0.6589291497398051,3.645272898212265,20,2
3.542557271462986,2.0018962291857276,2.752543580000047,20,2
1.3651454073393734,3.4105544343210035,1.1385188726233997,20,2
3.4583238576321085,1.3313421256837108,3.2685101387583506,20,2
1.2565176738716786,2.1145174147868335,2.1479700859021147,20,2
2.0242078056587283,4.789747778668637,0.18666713086508202,20,2
6.222343647319561,3.491801870829442,2.167362527139904,20,2
5.544647202296199,5.115662747941038,0.7193400335922271,20,2
3.7675228508186582,0.265982908488525,4.188017629519035,20,2
4.51182863138082,0.172004160485554,4.430578628462607,20,2
5.87781430116425,3.6558564531336675,1.9589133523835012,20,2
0.6122943133725616,2.969760565963036,1.320647227823846,20,2
2.560836488346071,2.798939051776057,1.8956581384440545,20,2
3.84844009232868,1.4846558384664055,3.2340440518554208,20,2
3.3770762346553456,2.1702898494134337,2.580947902505436,20,2
4.693799328637566,3.664802278460998,1.6851811499542406,20,2
1.6583154450148412,2.1805474645705423,2.1857645530690166,20,2
0.19486646385258188,2.3484014478957307,1.7223457469231986,20,2
2.0333127624770966,1.1714212546555538,3.0752276221679073,20,2
0.7438259805834804,2.04237993356222,2.0900786604767294,20,2
2.5965264055554167,0.13096933397731547,4.032059940157294,20,2
1.865380332958925,2.8566981655621326,1.692990357266257,20,2
0.4313909490504766,4.5379231882137905,0.028917009118583525,20,2
2.762421703650355,3.798333090627124,1.1437836099281187,20,2
2.0141201551208963,0.6408017235692713,3.4942064929090098,20,2
3.7990861054525276,3.15672352715783,1.889043819827949,20,2
1.2859509884251201,3.5518781941200217,1.0079466095288288,20,2
3.380761384829181,4.993342536059533,0.3296948593572069,20,2
1.8256848984472198,3.779346117286664,0.9480124778342507,20,2
1.8472319902468306,1.6300019267833483,2.6674977063454897,20,2
4.638361865550322,2.571223088924224,2.5450986165878557,20,2
3.773528636888333,4.473748558287419,0.8326360091158316,20,2
3.5226942184033563,0.1388313682968363,4.234326222825979,20,2
0.28081733865885994,0.11684971682055911,3.521913135688445,20,2
4.431556624535261,0.24766713875001667,4.352144447533704,20,2
3.220960715299804,4.900012102542111,0.36816785757453463,20,2
4.8588871271873195,4.530617305843126,1.0316510766755287,20,2
1.1022698563793405,0.2156697453341092,3.628039968695086,20,2
0.6347449306050152,0.7817379846984658,3.071191480065111,20,2
0.7753197163011374,4.074915439525302,0.4757200524138827,20,2
5.578333017565817,1.567978609426261,3.5570804349815814,20,2
6.032565075360995,4.544707752723439,1.2846786444190657,20,2
2.5608838058967356,2.523096299492907,2.1157216173127513,20,2
0.040509911622041095,3.9650514407809636,0.39791220161620355,20,2
1.6352012665415994,2.103800577502943,2.24178473416913,20,2
3.2958195817984333,5.192131372309634,0.1519858887878731,20,2
4.908509903538288,3.546920650973549,1.8275656617398306,20,2
3.4380816570356845,3.851607249253178,1.253417531202567,20,2
4.958665462237949,2.7638177637744006,2.4635770627288496,20,2
0.6186983158314543,3.7448979481604026,0.7037253758418787,20,2
1.1678575507174398,2.75560309125969,1.6165827569861728,20,2
3.2920933485420045,1.8485555253495916,2.8184756534802604,20,2
1.1448119563316181,0.4346855498217055,3.4628995737949753,20,2
3.8878866308173876,5.4446197233559195,0.08387523404281216,20,2
5.7628250996552515,2.277566136264276,3.0325495520322825,20,2
3.844700140775577,0.33897328907835744,4.147167173319025,20,2
0.9382350560937702,4.372901231562104,0.27468509095257154,20,2
4.846362265628919,1.5737789065720207,3.387640946640854,20,2
4.108735073982922,3.7090036427299795,1.5181851366738353,20,2
0.0963677132618872,3.531937066828598,0.756005124430474,20,2
4.235499961716579,0.6292221433143186,4.003615358101726,20,2
0.1176520814052684,1.5695091861556034,2.3263192065483222,20,2
4.633688940478286,4.6669846669101664,0.8721582036991115,20,2
3.4390095636202034,2.839224957792457,2.061251751413397,20,2
0.45846905280995665,1.5069024499833796,2.4530027435216137,20,2
0.7623682636137321,3.950165249875664,0.5723230050360384,20,2
4.398738890567154,1.1111811038780597,3.6558891490215997,20,2
1.9245018312202677,0.6309151089030962,3.481914833555969,20,2
6.160065637594581,2.4137475236954398,3.013354857746979,20,2
3.758777264880484,2.3271437083779896,2.541762885438656,20,2
4.824410986573827,1.2435400682455353,3.6461455014448694,20,2
3.0697531674218075,2.4041712042238843,2.325172061351577,20,2
3.9285781190956137,1.9017566964482953,2.9193470208136354,20,2
4.211749383896865,2.4329026844423294,2.559386247698024,20,2
3.2401986902084072,3.716908071171024,1.3163176330017734,20,2
1.0530596936896277,0.6800771701026158,3.246479896080645,20,2
2.189298709685929,1.8551234742990879,2.564928163710116,20,2
1.249801339656611,3.4582070804974414,1.074532949289469,20,2
5.7767845656298675,3.940516985640643,1.7090780656069517,20,2
0.829905330912817,0.925107450354909,3.0007616596209066,20,2
4.958428760462761,3.5716164369034122,1.8191045153150247,20,2
5.148451013336256,3.009873864913647,2.3100190367825033,20,2
0.5552533825146044,0.04443598621279232,3.6414736852201512,20,2
5.639489997245596,4.096145575121016,1.5540121914243632,20,2
8.691167483074395,1.2484013643866625,6.153010203972171,21,2
9.13445434879757,2.1640684393608525,5.274611195970517,21,2
8.328117000536913,2.0610347934075706,5.330057214805245,21,2
8.626406344275214,0.9393034348297222,6.454396689776531,21,2
9.738989904705821,2.9645616586610353,4.519146940885242,21,2
8.670428974522688,1.3154818426861818,6.085607368032903,21,2
8.08693747154542,2.5430622008099606,4.840426852221693,21,2
8.01329992984926,1.8157628494706353,5.554098504897258,21,2
8.830885873580154,1.3002250134538231,6.109871532883421,21,2
9.2523690332333,1.5415166969964897,5.895877932044934,21,2
7.151218059965212,2.041528680352346,5.281798421555811,21,2
8.747037872541211,2.6762273376397334,4.746850052481185,21,2
9.142259297813649,3.0215096323882884,4.428703866419445,21,2
8.78675833002262,2.55477068506516,4.869014913482255,21,2
8.195263568563075,3.077429161346759,4.3191830113123535,21,2
8.54287534672766,2.408791626058228,4.999116236083982,21,2
8.581357795985523,1.8255236245733826,5.577050520142162,21,2
8.091747810452148,1.9737893007711442,5.402615384321233,21,2
8.392495187976737,2.893165925023145,4.512378023640643,21,2
7.820292798453179,2.7073996740521595,4.662918102574106,21,2
7.7988706174728435,3.05280975511894,4.320745058105761,21,2
7.89177482181579,2.078003888176503,5.288276787748839,21,2
7.0463960041065,1.2675696168426103,6.039737611014225,21,2
9.461931742003237,1.5514655047175443,5.898079302245973,21,2
7.054151816777271,1.6043103021816474,5.707795665936084,21,2
8.574289773690177,2.4333843537484574,4.976643561561885,21,2
7.141543820854076,2.502618966060034,4.826114758722574,21,2
8.724723381014917,2.8210433344172916,4.602626359484271,21,2
9.705658907753104,1.9975813540369936,5.471712816068462,21,2
9.138406650273843,1.3638572860343485,6.064702885083387,21,2
8.429933304045647,0.8217152430230807,6.559193887106417,21,2
8.403987842981072,1.4179402566540713,5.969189299522505,21,2
9.545252987577122,1.2697647503710092,6.180917572854896,21,2
8.687032054000824,1.594339946794877,5.811307144347826,21,2
8.833271270485751,2.3815465728762724,5.042667566140957,21,2
8.472467406779035,1.9583331778380069,5.439711616634731,21,2
9.521369316063252,1.8924025545494882,5.564959968575049,21,2
8.353683558403173,1.6155936419194241,5.771205737598621,21,2
6.755026503519844,2.294430822409211,5.00943863850193,21,2
6.861766348848267,2.5309578003355955,4.78209291598226,21,2
6.976356747313609,2.365941851428009,4.951548788809902,21,2
9.327261522002722,2.6177645032382837,4.8378414813207335,21,2
7.696794315035038,1.6445245984548422,5.704966444333318,21,2
7.82153657183234,2.357064975653372,5.008794559812258,21,2
8.838554510434667,0.8449497558752095,6.5597003007592996,21,2
9.13705093445139,0.9532046875359221,6.469968253398067,21,2
9.402190827242766,1.5076973729718466,5.937854509338814,21,2
7.2608965959859635,2.990904635821576,4.350988953175449,21,2
7.00391702494305,2.226475732743184,5.090792698074543,21,2
8.268712608506506,1.87267239505422,5.512576487275085,21,2
9.229063609084925,2.3758552766461127,5.070989870890971,21,2
8.700958667222185,1.0262409180228769,6.372859936824236,21,2
8.891334325504724,3.078624615532523,4.3579330520429,21,2
7.254497825919923,1.5224461350087468,5.800094216344285,21,2
8.790079682785564,2.698586742840977,4.727248828934444,21,2
7.108889610055506,2.739288737921251,4.590631760576277,21,2
8.852309341293912,1.8039703047514022,5.613868282011701,21,2
8.394568518468851,1.781948897070955,5.609346705284656,21,2
9.866762885075467,2.752646915153425,4.735651456363337,21,2
6.6643149300198585,1.796039645235358,5.496182294145924,21,2
8.750525385142735,2.981736169070696,4.4454913039535695,21,2
9.167745043086278,2.6382974180653225,4.80842339420462,21,2
8.493654996580426,1.6659031686781425,5.72957612830118,21,2
9.113431786585837,2.543029318928622,4.899344066173263,21,2
6.8341469469304945,2.126143024265004,5.180089326883542,21,2
9.871578565253403,1.9673253187701942,5.511095628052846,21,2
6.681470664878042,2.2399214787807975,5.0590236889823705,21,2
9.41974389922507,2.8629603296240793,4.601121114255127,21,2
8.656572173725534,2.457313346351881,4.957744077338374,21,2
8.74713113313405,2.3072319900103313,5.111079890341857,21,2
6.8188280640321075,1.4180137793526515,5.878184174406097,21,2
6.993017930437699,1.479379266060239,5.827604488388403,21,2
7.810346815255013,2.460032151908189,4.9065167799174665,21,2
7.0106684751519435,1.7644404644081864,5.547241460018973,21,2
8.69512332098961,2.240051631695842,5.174408228547967,21,2
8.911965238768422,0.8367495047171531,6.572005728283578,21,2
7.908284704002473,2.2841389582742817,5.085753992298866,21,2
8.650245249580108,1.430071763217671,5.9713411798503895,21,2
9.615072863369889,1.955313809099963,5.508237409741338,21,2
8.278980515611037,3.142056516845857,4.260193659095413,21,2
9.292830347544271,3.2013892910823487,4.259787424935981,21,2
8.720114353046036,1.4545106669363936,5.951226289637203,21,2
7.916699658239602,2.5490883426251543,4.82471294696254,21,2
7.2917269319949725,1.577209345842165,5.748174701131685,21,2
7.2052996612239015,2.5653594013873624,4.767842862928404,21,2
8.690712915230291,3.1281431444622534,4.297546134344732,21,2
8.034598160749612,0.8171738627618814,6.54099818424765,21,2
9.50404252909778,2.429111681326832,5.034196177272375,21,2
8.018371080656998,2.7316865810341344,4.650307952283679,21,2
8.64707122023034,1.592337850048805,5.810991005582612,21,2
7.5761169847065215,1.8684863804489038,5.476977691756345,21,2
7.813598838427884,1.8698271911222826,5.489277342764523,21,2
8.154412042558219,1.626871262405902,5.748642735902741,21,2
8.761234474887557,3.10706790958975,4.322394343863524,21,2
8.201651010072084,1.7263643846305752,5.6531458515567845,21,2
9.973231056389222,1.8086526395340674,5.673548063454904,21,2
7.67269470048353,2.5250292974696267,4.834463601772037,21,2
7.370134605354304,1.3177147714477329,6.008812035995559,21,2
8.228639200090008,1.9219132706630053,5.4616734552084445,21,2
7.6796621062717145,1.640266677521263,5.708186525568797,21,2
9.634975775652487,2.3661458841444762,5.103858843704361,21,2
9.757232466236069,2.436628762650583,5.041300505462637,21,2
9.79094128435695,1.9890643764664333,5.485011891019204,21,2
8.799348574200415,1.7707927840316842,5.64357875008029,21,2
9.275865256054075,1.7645191318404618,5.67710662626191,21,2
9.456433152372758,1.1318883635742312,6.311916169324153,21,2
7.132307263113239,1.2496076029025636,6.062395680202635,21,2
8.769298421180961,3.139398558626553,4.290944295776189,21,2
7.1535902197243955,1.3490376855135922,5.965472056100229,21,2
9.375378458080622,1.0719575677446733,6.366422405101734,21,2
8.597471813568664,2.0219198856631957,5.384117908764304,21,2
7.13173558364586,2.786333224527679,4.545506084574425,21,2
9.334087593262456,2.227130511495611,5.223816417396992,21,2
7.637572327859029,0.9171871575133765,6.4195026411710625,21,2
7.067387626201386,1.4903260891892014,5.8210654113971945,21,2
7.949479489875609,2.4060858953126987,4.967746881785562,21,2
9.174211152534777,1.0504552459736203,6.37610677142431,21,2
9.194923193795388,2.008315365691102,5.431819278043509,21,2
8.107641701258428,1.838104340918706,5.537457781306796,21,2
7.389481253538051,2.2051405275022007,5.133969912057054,21,2
8.202990915403126,1.5193676568436656,5.85754311555654,21,2
8.174919686912137,2.374651553466655,5.011707156223992,21,2
7.475612417285629,2.899313435483519,4.453713095831292,21,2
9.062637913449143,2.0838286782644486,5.349693767785933,21,2
8.948867530878598,1.512951826555369,5.90666314076174,21,2
7.859024609913534,1.0642465020560223,6.28704826516503,21,2
7.6430311183896364,1.6673919954949383,5.679310586126994,21,2
6.720462831122802,1.9116864355486964,5.385251657888418,21,2
7.771983411330809,1.5138210248358182,5.838293325343858,21,2
9.084062583273392,2.1934381685991733,5.242730478165901,21,2
9.989816283538445,2.127471591372447,5.359802634609294,21,2
7.85412492668598,1.212390354826132,6.14053874206239,21,2
9.217116631547203,2.8842060991534115,4.5685263425124205,21,2
7.816306381581916,1.3742523590862135,5.978600046215328,21,2
8.619310146444947,2.1687648316763792,5.2404243224059845,21,2
7.255683051354687,2.354927232907621,4.978444524947295,21,2
8.591892382141777,0.8591535980939085,6.531530353027875,21,2
7.420114248079636,2.89779037653072,4.45203281500914,21,2
9.238656616958739,2.99648877129638,4.458931048581073,21,2
9.757758215553224,2.171316812646484,5.303212311406836,21,2
8.499276307032101,2.992950531219434,4.420009054363937,21,2
9.285088002122606,2.3281697586021766,5.121272681958626,21,2
8.5773631456564,2.8335018744734897,4.581875592803574,21,2
9.659962043000046,1.7773029824037767,5.686521741035173,21,2
7.126043195252526,2.584354598892914,4.744546720161832,21,2
7.513458621795957,1.4654703157528295,5.871188640448086,21,2
7.697827943714347,2.829534623291721,4.535337089663359,21,2
8.181006550719202,3.019036075824022,4.376003261241502,21,2
8.660119050383557,3.2991787942782143,4.126966845114165,21,2
8.90086818313353,1.5439155695263316,5.873346259579322,21,2
8.762390539438647,1.1490219647391011,6.2551903998057945,21,2
6.719218830633984,1.7285564418919186,5.565942542915065,21,2
9.153075529528763,1.5226708065972034,5.908784194645079,21,2
8.46236916581291,1.2635164108637418,6.1249655892035895,21,2
8.865068964482953,1.3022431507791845,6.109840398745469,21,2
7.107207981301242,1.9339329016156075,5.385478425487365,21,2
6.9942597770886605,2.546409182954581,4.774441783265317,21,2
8.638857462038587,0.9044546078146551,6.489509202375747,21,2
8.591171631467706,2.513518514716128,4.898513907266955,21,2
9.330811669129437,3.1136495577740493,4.348571538196163,21,2
8.93884112617546,2.553514000306091,4.878979566549327,21,2
7.408274865259401,0.9599871979144072,6.364102347249719,21,2
6.803005175172024,2.355641026940736,4.951772132743994,21,2
6.827699442914615,2.2657737440790373,5.041894077094962,21,2
7.57504236580446,1.234526140193707,6.10267961052982,21,2
6.742256478923385,2.107981338681688,5.1927449054717565,21,2
8.899254042479026,1.6078652173218981,5.810130842331479,21,2
7.2123535391041775,2.928068543563169,4.410227949124693,21,2
8.928744609778036,1.3501416229753787,6.066213969178964,21,2
9.370556784658605,1.2431561761838026,6.197160683714753,21,2
7.787278387321047,2.1805510696405976,5.181061042923721,21,2
7.079004335555835,2.6255717547445516,4.701164094088612,21,2
8.610177358904998,2.684564604309335,4.730769589541036,21,2
8.445132160084661,1.3324144665467577,6.055969539329311,21,2
8.654102591805767,3.0641512673913613,4.358610491810673,21,2
7.701533620969948,2.8132074411144097,4.5516657482993095,21,2
7.3933689319766245,1.349672871007334,5.978599968123001,21,2
9.943734711647817,2.0529419560723,5.430725186890022,21,2
7.432161476194799,1.6322891639246762,5.701863043179617,21,2
7.0888935559659,2.691022485235265,4.63712689143526,21,2
7.755187579178954,1.9448414553440307,5.4118822053045355,21,2
7.9514211602325195,1.4904174832130497,5.87168770591975,21,2
9.37827908599575,1.3123298564732648,6.129324361354897,21,2
8.360527372775543,2.855342664815884,4.5478784237968,21,2
8.679527505965734,3.000129996170722,4.423262509394963,21,2
8.274389856283985,1.520516288162232,5.860505129303315,21,2
9.23582911211016,1.1454958161722502,6.285829720256174,21,2
6.735903548322201,2.4126871859975823,4.891614262849567,21,2
8.507710109793804,1.9691987717551998,5.431008202076583,21,2
7.891947105400162,2.578793342845869,4.793972084210387,21,2
7.326932143874587,2.173228089752317,5.161881619382257,21,2
7.478023007999404,1.8436936238531751,5.495822742367177,21,2
9.125669329707263,3.0668167013650915,4.38303090504566,21,2
9.1310107690408,3.1062660955424954,4.344397975990412,21,2
9.038899138743187,1.5254166062845138,5.899524177547085,21,2
7.00564504691305,1.4780267541285288,5.829663866697571,21,2
6.839505213101427,2.32285001191968,4.986233003679214,21,2
9.856418849614272,2.3534630708814217,5.129080739492309,21,2
6.87767146184632,1.4262324241284385,5.8734473375386465,21,2
7.700978161010321,1.7088390477481097,5.641723543223139,21,2
8.192603448528518,2.588412630015993,4.8017242929067185,21,2
7.288065977391545,1.2705715938062316,6.050637824600919,21,2
8.468801786683011,2.0531491060731715,5.345911316085125,21,2
8.323131733748696,0.9199333760574422,6.456118985135019,21,2
6.778244150257342,2.469788840071417,4.837679759398089,21,2
8.205076248518656,1.8135760381980404,5.567258274043673,21,2
7.403439270620551,2.449531462201282,4.893539486876388,21,2
9.495620227590049,2.8722400383240068,4.596314024882034,21,2
8.278038027440068,2.9379328087253236,4.461624120320112,21,2
7.733509143188141,2.9008643653718016,4.466976441692778,21,2
8.933533220178273,1.8699807899816199,5.553370668354628,21,2
9.017676979914244,1.9295933087297767,5.499355798522424,21,2
7.7520145247316234,1.4036598195428867,5.945884707500008,21,2
8.309665754274382,2.7528998007755012,4.646079098737619,21,2
7.4559091863299845,1.6540408673628986,5.68175485984746,21,2
8.462996831818783,2.54445701289337,4.860622686646575,21,2
8.516946119651024,2.003732145450532,5.397451144391558,21,2
8.68282970229411,2.7591877623136023,4.661278953740147,21,2
7.568316798674802,2.9735269487224416,4.385777091784635,21,2
9.422856812889416,2.96473144824502,4.50084439921591,21,2
9.725764970778238,2.90974097091697,4.572500187121001,21,2
9.69691832140312,2.0808068675161064,5.389061949072478,21,2
8.605261366738304,2.6361044820757895,4.77832114978798,21,2
6.666577659677874,2.1883320866118208,5.109091729340262,21,2
7.459504265588322,1.1176331631937235,6.211433407512168,21,2
8.400912219504946,1.3128761911883138,6.072718524984962,21,2
8.941896225935185,2.312018915088923,5.117527539588128,21,2
8.644632349644198,1.2256678761267514,6.17278027975618,21,2
9.602867804682573,2.839695427139423,4.634590104253567,21,2
8.67485965374636,1.659080778254297,5.746705099259701,21,2
9.384622150953346,2.184848539974979,5.26845062220635,21,2
7.372832102142338,2.898363166332203,4.448755094797132,21,2
7.734635056393591,1.3245502266472853,6.0229744953067765,21,2
9.943179996061984,1.805539241270854,5.674897331124421,21,2
7.122649730123028,2.5634047488414433,4.765031037024423,21,2
9.607971460153252,1.3842297080190442,6.071530409229424,21,2
7.85076207020717,1.6417620245450706,5.716525646935808,21,2
7.347236040536395,1.6659718594020474,5.663744101877787,21,2
8.345961147842614,1.7621058884065732,5.626144799707735,21,2
8.880771521001288,2.8395201088007043,4.593340165260214,21,2
8.443383043253764,1.5950049860584725,5.796673799255292,21,2
6.951016869180815,1.7105511340313595,5.597012128698073,21,2
7.453767276668832,1.7652809444300481,5.571830171090915,21,2
9.829103483039608,1.6878749458302276,5.784496317745354,21,2
7.116603124856574,2.290066430106911,5.034488413643751,21,2
8.228787499233798,1.1287955313445026,6.244545227083532,21,2
8.249333262841427,2.453796337855008,4.937854388554029,21,2
8.719247269593227,2.6048888026656813,4.815672023043827,21,2
6.907737660735506,2.334156437928799,4.978986910523456,21,2
7.305037975297893,2.2691129473297837,5.0659805309219,21,2
8.552579471633447,1.0295218151398693,6.361109699817179,21,2
8.375752749108782,0.8414740158502383,6.536582518987569,21,2
8.244974054953634,2.6984805745601315,4.6960836875441885,21,2
7.927985162675562,1.166311317172004,6.190258995023968,21,2
7.818079294477959,2.9422841385149847,4.430943557514569,21,2
7.0854737457378265,1.1471764880092377,6.16081582957606,21,2
7.704422628352114,2.7130931249021284,4.650651381941093,21,2
9.557853212391185,2.099602420042665,5.362531952398245,21,2
9.705841053819533,2.1748002401619684,5.296795698774449,21,2
8.271301632360235,1.8334245527018944,5.551465400765512,21,2
7.943529110735317,2.431238134833311,4.942578500685478,21,2
7.435014525430992,2.4176226661468485,4.92684703558225,21,2
9.840236837572471,2.242329488404033,5.237849160385242,21,2
9.583062946245239,1.2139043230019373,6.2382247277676335,21,2
9.579381398822388,1.4264388041653913,6.028226981692546,21,2
9.123897415579956,1.8532172591258993,5.5808376836548454,21,2
7.09789948961184,2.3271810009867897,4.996780776589488,21,2
8.936303556666198,0.827902942186026,6.582134076251356,21,2
7.928314391603259,3.0048590746098096,4.375501299686161,21,2
7.760518633610858,2.815197940418269,4.553084654927942,21,2
7.024662566205556,1.758243701523296,5.554160872778982,21,2
8.14330532736489,0.8487520396678363,6.5160642689275905,21,2
9.307673624387546,1.4903918384635064,5.949514323888579,21,2
8.479242569645331,1.3199902059825104,6.070189903309772,21,2
7.807066170474359,1.8112133837824684,5.546758567387756,21,2
9.8580803926843,1.5054809441003631,5.966194346606194,21,2
9.336432665203834,2.820946648739479,4.637812445030095,21,2
8.477094431000625,2.5920775780577343,4.81442653065397,21,2
8.914931759036829,2.210987237819609,5.215706131471746,21,2
7.5391942698389585,0.9381252126535129,6.393191852135024,21,2
7.084324484983165,2.6006170803367166,4.726101311386135,21,2
8.646819693313523,3.067541477969953,4.354846331516852,21,2
9.078139570290428,1.3750533904541644,6.050194322894569,21,2
7.86595677199297,2.256683167077119,5.110426660589034,21,2
8.696681142003682,2.7899902732949156,4.631669284976426,21,2
8.154322300469538,1.9387751189292741,5.440766436716587,21,2
8.386249540543304,2.4492811172547486,4.950165420789828,21,2
8.903114922534625,3.121745803135387,4.316045185083475,21,2
8.098907061301327,1.3326897801235857,6.0358366126552525,21,2
8.785434635947361,2.0557229098062617,5.361534405781318,21,2
8.94438554902183,3.05039419290888,0.5737838066852543,22,2
3.026707058814683,0.7854783735950551,0.9637884255884803,22,2
6.635363683351041,0.9423672398586388,1.7068692773048688,22,2
4.836963688117557,1.1945956620872855,1.0718162536697977,22,2
4.4950362654361555,1.78753755782178,0.5144238234920644,22,2
6.189469233242708,1.173242106055057,1.4145401322832472,22,2
9.718389033840221,2.254079164624315,1.39814382748649,22,2
7.646833052810538,2.305507790234163,0.8582123017237995,22,2
8.182711288371667,1.1472556178013351,1.9152330099398125,22,2
6.269927825781862,0.8404461039150362,1.7005514354450406,22,2
6.375645342680418,1.1643277339981837,1.466504269913574,22,2
5.877111652589166,0.20831634655045161,2.1124525517796533,22,2
7.3378265007743595,1.0016675214103565,1.8284746487325247,22,2
4.255819395934925,2.271407667619915,0.06914879316284916,22,2
9.02292346938148,0.6458378093979927,2.519256859783934,22,2
5.796229507727411,2.283166709835437,0.430580322941182,22,2
4.892237352803857,0.29660491656611243,1.804606436672555,22,2
8.642976777460312,0.8206167084211609,2.2877495019256457,22,2
8.916553849311754,0.44490818378624986,2.6546361212129748,22,2
7.095480749535145,1.9297698457851657,1.0265211157088423,22,2
7.950336036329605,3.243979607433848,0.17936342017528495,22,2
8.889086936153413,1.6118894820530225,1.7130213098226044,22,2
5.791863456102722,0.24971689024443822,2.058758376953079,22,2
9.81851241343659,0.591391388397764,2.7544177949550965,22,2
7.370695835889124,2.848833594412338,0.35641195869153974,22,2
3.7360710740343515,0.372846162432763,1.4651743434994273,22,2
9.774855043553984,3.316095690182175,0.5608351119337431,22,2
9.32024982627891,2.787396086050324,0.8749908204611836,22,2
7.031408151119317,2.570802996167145,0.4974907063709999,22,2
3.8651159668782324,0.5783399416757182,1.3315972784225354,22,2
7.232595098743084,1.8658134237369626,1.1107741369817825,22,2
9.147410517897825,3.0895787233045175,0.5912667687170561,22,2
9.510097000431061,1.2568608651727913,2.1469832272424965,22,2
8.258938065064669,2.056494802403409,1.2050890883628793,22,2
7.678995773802924,1.4784760986291015,1.528585123020298,22,2
4.237838549183786,0.3403567056479495,1.612005657032376,22,2
4.716871166239072,0.28020192584418213,1.7755294175293548,22,2
9.495394935477833,2.098345382902287,1.4692342393380866,22,2
3.3063507644589123,1.3682968254823997,0.5641500141280171,22,2
5.9259056839745385,0.13172786466926856,2.1855634838001463,22,2
9.10096247249956,2.6074453073738257,0.9663766349235162,22,2
4.573652900975718,0.5308073231073616,1.5402610435270303,22,2
6.380137232741113,1.7711075846305322,0.9814249657620929,22,2
9.47467143182319,0.21203691244927547,2.975582483451653,22,2
8.52572780598387,0.20617412614946218,2.751822079888277,22,2
4.1065711754685434,0.6604923493420285,1.3239058234875305,22,2
9.61953086397848,1.799602721050249,1.7384768165695463,22,2
6.424307992952791,2.4955667752144546,0.4116119557223581,22,2
8.934643558690652,1.8674578450581456,1.5192240059670516,22,2
9.718085145992397,2.3665128784714056,1.307987161470779,22,2
4.988355654081246,1.2587913403556343,1.0568293027915852,22,2
7.455486591686919,0.40827818107288655,2.3322333184630706,22,2
9.89803644200542,1.5453816810621608,2.009212455252244,22,2
9.630159065842808,1.7340656005978983,1.7935448328765926,22,2
3.448510480868557,0.32650322760119177,1.4330748842242884,22,2
9.83830879150047,0.8904465212227527,2.5195764997122385,22,2
9.289175737503243,0.7706709822572521,2.483338844188135,22,2
8.149995218702488,2.506849002943339,0.8180308981536757,22,2
7.897412712723073,0.3147218528505086,2.5135855066577983,22,2
5.756432978361676,1.981816844944647,0.6624451629975663,22,2
5.395433072878727,1.1723363052131075,1.2241020236290776,22,2
9.389564116564078,2.025490557366184,1.5021278489879515,22,2
6.508829350583857,1.9279070812195471,0.8867775283715704,22,2
6.5277781013008225,2.6508801687367436,0.3120830179694247,22,2
9.883666193806672,1.3796256327897158,2.1385589492090737,22,2
7.589922909045169,1.0844183651979775,1.8228655822364355,22,2
6.28796718161942,0.37778727115531574,2.075583299030119,22,2
9.569742691783706,2.5948058331256636,1.0893621905197581,22,2
9.91042048665011,3.9941651228946444,0.05019347056554824,22,2
7.428762564432556,1.3899841505300323,1.5392426089846865,22,2
5.939846856551446,2.7957104037448,0.054498771773676236,22,2
8.003317375666267,1.8652344645223968,1.2967890497257053,22,2
5.555224964419228,2.3453412284330826,0.32274347067671005,22,2
4.685780835082838,1.8082678875779032,0.5437360553222699,22,2
6.4748909180728,0.8636381468072398,1.7313144103268996,22,2
7.590371360238627,3.3388741815502376,0.01667119125496197,22,2
6.454341704189428,1.7884108763868716,0.9854260132770833,22,2
9.758016854962188,2.978056758439188,0.827622969142634,22,2
8.55259842695505,1.9444179174923837,1.3655852973976463,22,2
6.203583941639119,1.0773008563788318,1.4948077481593973,22,2
4.962186802992035,1.4050272516108508,0.9333628527988229,22,2
5.814408693208451,1.049614260966811,1.423296879334512,22,2
8.609810798524057,2.9355709846699067,0.5852330879942493,22,2
9.0442095123516,1.0762181860247249,2.179554530620235,22,2
6.392685196611454,1.7492159546243546,1.0019857705767885,22,2
5.698596758383606,1.1236217424134387,1.3361193517248482,22,2
5.22653167188507,0.981297112199441,1.3365024303190447,22,2
4.883808846185225,0.20137745726901857,1.8788748845540817,22,2
3.8510847910298467,0.17729332758698568,1.6495435820544964,22,2
6.187716171213532,1.995883672498099,0.75500585402169,22,2
5.1198298070122545,0.5402549454603642,1.664183317942676,22,2
7.981889551195066,0.6647727928316988,2.2534574306615562,22,2
8.023484828212505,3.443347167580764,0.037237808536680905,22,2
3.8226813762531164,0.7378513294084741,1.1935783566557867,22,2
6.57208118096476,2.3848182149401236,0.5359216203492354,22,2
3.0532622583913778,0.4992590788228247,1.199504584683941,22,2
4.421661175377552,0.8234427087657455,1.26920543298081,22,2
7.0271264800580635,2.703158784727545,0.3904145386551001,22,2
9.664844389280567,3.935026837658071,0.03845357819297601,22,2
9.899466287893793,0.31769182093410364,2.9931994254175667,22,2
5.048791973197054,1.2168905568438335,1.1049508285967036,22,2
6.207989577558069,2.877074246345597,0.05386413312479621,22,2
3.9725584084334953,0.9875044862992475,1.0296354926409115,22,2
9.987579615740202,0.3044890660103946,3.024990906283513,22,2
7.325959810167599,0.5705287958573266,2.1710522827941934,22,2
3.592326500116708,1.2228838900627848,0.7495054749432353,22,2
5.814978902282646,1.8684581039723291,0.7673647180705874,22,2
9.953126849015455,1.6438439827916915,1.9435860367682352,22,2
4.93418128314859,1.5843793691742283,0.7829210458586873,22,2
5.550909917900025,0.5360090967952982,1.7713674960799595,22,2
6.705598373212274,1.7154308208573035,1.1043886114747958,22,2
6.89052269452466,1.64739126761802,1.2034233253877311,22,2
9.04744674802484,0.2400385672855463,2.850293004814736,22,2
5.834690254405989,2.1460604828883185,0.5496912071867457,22,2
3.7838529708743396,2.184283882099542,0.3929898138558222,23,2
8.603871576264835,3.019978043150215,1.4546495382724924,23,2
7.64939003292908,1.7021303753125614,1.5754581243809802,23,2
7.203444521891737,6.146254952075205,0.1783404070695741,23,2
8.383722208047725,2.8423637989747235,1.4462182064816667,23,2
8.56794141825583,6.548816507548132,0.431201903598208,23,2
8.46262534143138,6.16644778573426,0.5126040425899141,23,2
3.8145673031207905,2.0052947063611977,0.4527037359433219,23,2
5.9243202632288705,1.5300172971614834,1.1590155244516949,23,2
3.423866511065955,2.895306291795901,0.09151061728843561,23,2
8.589008133951673,4.465362727664778,1.0354137503003904,23,2
4.8759542244694165,2.2114173600114584,0.6801367283812405,23,2
8.689471703057542,5.708746307760498,0.705353798185035,23,2
4.757152246196765,4.286871979717059,0.05182766132188729,23,2
8.774604682003286,3.4875065382322714,1.3664502481156784,23,2
6.143251218001537,3.7871109279265918,0.5697371423481532,23,2
7.955328801558528,6.506886485909607,0.2778002169375413,23,2
2.8604115172109683,2.373696103274778,0.08918454321633283,23,2
5.914163527017356,1.2717072686847994,1.2304783066034686,23,2
7.825926521294196,5.8213111948355065,0.4398008492548283,23,2
7.055724188720793,5.970324674759159,0.18898608374411946,23,2
7.900368495624329,3.531949841359849,1.1175795700360884,23,2
7.6412674790945525,5.676905867100709,0.4314142577526995,23,2
3.820476404786935,2.7325898449562827,0.24536650765091886,23,2
4.889477720111506,2.66599196500157,0.5532014623166568,23,2
4.053256075632434,3.0000143195079634,0.23140872371030827,23,2
6.7695851726830885,1.5622973572826817,1.3780213476782668,23,2
4.9320056611548235,3.064660796416547,0.45015965361141924,23,2
6.73359866588367,4.864639419671331,0.4196250548492859,23,2
8.347108375999309,4.772074586050151,0.881973966860373,23,2
4.822448983676374,4.167704285552256,0.10369602144776698,23,2
6.787634555114305,4.051136141952639,0.6679168795395825,23,2
8.412241016816571,5.672729542112108,0.6408293315320401,23,2
5.47847249399325,3.1909757761088624,0.561455860560973,23,2
9.215214887785702,3.847360417480865,1.382068274410656,23,2
6.909539500866124,4.518568672469167,0.5665582313365286,23,2
8.650746154928983,2.774072054882298,1.5379512966677995,23,2
7.8451411424900215,5.290135338493657,0.5975831937097229,23,2
6.279509732502564,2.748834745751953,0.9048061150719927,23,2
3.409341502448418,1.1551480255445337,0.5874903516540069,23,2
2.8617572262835327,2.552081100050608,0.03830257911692245,23,2
5.64019991319354,0.7139690862980355,1.3167132448909773,23,2
5.493217766868862,0.32473481009013483,1.3888350058006944,23,2
6.791624551755885,4.9710025501163955,0.40474061579189335,23,2
8.607673791792969,6.38731522590286,0.4883274907605814,23,2
8.915699344108795,4.025821278271033,1.2499115032619443,23,2
7.697676863664144,2.8484084507468834,1.259202802694436,23,2
7.003699264325213,4.106535063974271,0.7103543773912872,23,2
6.955908028925618,2.7558633733586926,1.0854605442484198,23,2
8.500042732408975,3.29282544012154,1.3482266821619149,23,2
9.620009781382539,4.126382169388588,1.4112347091484503,23,2
7.206545530043269,6.649661402117541,0.03456223362838298,23,2
6.1488927091250645,2.5658761121039886,0.9220899143964714,23,2
5.1769572838769315,1.2164918891876653,1.047244401412716,23,2
4.0249451658508395,1.1427249206361192,0.7573140723458243,23,2
3.059110598352333,0.4750851787864656,0.6882686443815066,23,2
7.093298852184752,4.519554181900848,0.6159026505114708,23,2
8.66124141170443,6.104152145360259,0.584139825051917,23,2
2.5511817145762263,2.0593942519447666,0.09596224703461442,23,2
6.28404806248752,0.5709955244197698,1.5316686696316952,23,2
7.330361465584001,4.35179037855408,0.7281198922535272,23,2
5.020490504869438,2.7035072478828983,0.5778066594922107,23,2
3.78124249940453,1.9691940911382124,0.4540745443404659,23,2
6.501757263181224,2.4036192430203966,1.063999561165163,23,2
4.058150083229117,0.7001112585320648,0.8934331203953962,23,2
8.400770871813311,3.358743463502438,1.302479980183015,23,2
3.6741445175796894,0.9625935271563479,0.7143211154102695,23,2
7.590161951127843,2.621402470545473,1.2953794079013088,23,2
6.526377074943351,2.017432129472607,1.1815901580438464,23,2
7.673143604082346,3.760016087259678,0.9906958501743257,23,2
6.357602258065713,4.679395405406836,0.37129625190106647,23,2
3.4547507582048746,3.152916480953528,0.025846719433474524,23,2
6.470573176143484,2.352017008285117,1.0704017232169971,23,2
7.669201985095089,7.022876111753542,0.052296026474413254,23,2
7.230828033843979,4.510189108371094,0.6557352325489204,23,2
7.099422403465397,2.5889727746455966,1.1721625459833636,23,2
6.045041091506308,1.61678120781633,1.1666933356074005,23,2
5.209151846652814,4.664143234967084,0.0655180375113589,23,2
7.413497519038571,1.75039732755803,1.4978852446673319,23,2
7.052947653842308,0.6067706296362565,1.7290466238631879,23,2
5.5652067635047695,0.9370221513306518,1.2323826126616173,23,2
7.96249946453333,6.560015917600868,0.26447407196393435,23,2
9.074237319407906,3.5064239485826474,1.441936968786691,23,2
3.659748657801659,3.1714991599125124,0.07587178022669369,23,2
9.646622012319579,4.394980204223627,1.3412605522340175,23,2
8.172278072767497,2.6950828816180925,1.4314238995401456,23,2
4.523078849147799,3.9181991877957483,0.09452207477885669,23,2
9.01461685385911,5.990484521025761,0.7122290127154425,23,2
8.020295338638725,5.615755446745988,0.5513445090970893,23,2
4.173551398086046,1.8827675273155133,0.5848527625510662,23,2
5.919787834684055,4.94228311586301,0.17753572042497434,23,2
3.5124299227119327,2.3801079955969735,0.26343191477694994,23,2
8.316250274320002,6.222998028962487,0.45682739027306696,23,2
7.097241836268947,6.210494587826849,0.13120406802615034,23,2
3.3021150448138874,2.4801403138820914,0.17789588627790867,23,2
5.8721739456340165,4.484439157779301,0.2962034608654166,23,2
3.797366082557602,3.4578918389117557,0.030764638915979164,23,2
9.599469881299068,4.759636135544903,1.2237700476531324,23,2
9.167350137584933,5.187971080994624,0.9840187545389277,23,2
9.09164875684673,6.262587115465783,0.6548648291945671,23,2
8.181154036561761,1.7003176222635137,1.7195913515071355,23,2
6.220904414899347,3.6118069915932467,0.6410690783111788,23,2
7.728937906906205,5.186660282785265,0.5959261199041799,23,2
7.605363958568931,1.9087334771222104,1.5042163590395188,23,2
9.288003592691595,4.1675350053004605,1.3097482979218658,23,2
6.4102465087909195,0.5545119074066771,1.570486155493616,23,2
6.188061613049354,4.104294049420911,0.4907204890666921,23,2
6.129648317137044,1.1457539470735343,1.3248569972640913,23,2
5.1288734702389975,1.2289634580038737,1.0306757401509765,23,2
4.4563312709090175,3.7582166602264553,0.12245452971917851,23,2
5.345682886186928,2.546421054730368,0.710757534900166,23,2
4.413521747846843,3.846592446218645,0.0855049668893965,23,2
9.46505118227578,4.855992857411566,1.159787056358045,23,2
8.205505633910173,4.648968631833843,0.8790967472929101,23,2
6.126346969502379,4.2261917217917055,0.4390352859307055,23,2
8.075527847235628,3.9988731810215774,1.0307495129969506,23,2
3.2472377342419416,1.2131802542331585,0.5270401435251129,23,2
3.05597617960214,1.4286041668107408,0.41350078757761,23,2
6.564012633661306,6.056449033352124,0.03144919923705927,23,2
4.343492505153054,2.9608065316893324,0.32105569530569167,23,2
4.024100727168527,2.8390117111295874,0.26978668186018173,23,2
6.830919420291959,2.058910118557768,1.2519217630597175,23,2
5.714346942447265,3.4155538764715323,0.5606425326287281,23,2
7.290484516419586,3.6929172972506206,0.9066276021550227,23,2
5.044663884826964,1.7565817944922473,0.856362315609962,23,2
7.22712761472133,3.1839508868015605,1.0357298165016169,23,2
3.65207021512435,1.6055469168744647,0.5236556672567103,23,2
4.859618830370792,0.5062608027762998,1.1655724494890278,23,2
6.5943452327916425,5.735951840819474,0.13171162170272985,23,2
9.140035556340253,4.344253172893758,1.2190202979739282,23,2
6.878456535187393,4.987243835658216,0.42352545925675766,23,2
5.555040712648103,1.5739003294579645,1.0466784540580498,23,2
8.464727004591378,3.8891413201521208,1.1673828986609802,23,2
5.6684011087341775,4.455983205443467,0.24934558652286007,23,2
4.0180659768603295,2.618515704121383,0.3314996901035204,23,2
7.574512028336775,3.75340326549107,0.9659583050843742,23,2
6.883739482423976,2.7225592904649134,1.075537527163168,23,2
8.606459803745032,5.535032187949177,0.7328385109689759,23,2
6.73517077899522,5.453198860939897,0.25097172309261273,23,2
8.008556628108561,5.93208722131128,0.4573003188340635,23,2
6.495047558202484,5.597495266289331,0.144669485721207,23,2
8.174052349221398,5.311462302087831,0.680284918300754,23,2
6.764115048100093,3.2118863590493167,0.9026597744512401,23,2
3.1314721336428466,0.7810643497876266,0.6199112792313068,23,2
2.4536435529433778,2.0219786276895486,0.08036884686348662,23,2
7.766148823718403,1.0231216070913556,1.802052606085609,23,2
6.488960145451611,3.6234721611805876,0.710111266425958,23,2
2.4087509937311564,1.0176662838113475,0.35675776894313627,23,2
6.907045616567077,6.104652469504407,0.11024384881937653,23,2
5.282299910402725,4.046162938231665,0.26280275313369517,23,2
6.942792748697697,6.2379013464142465,0.08161905029341136,23,2
2.137850370939791,1.7040540756167166,0.0864146998354593,23,2
8.702272195585824,2.3826467610697453,1.6643132001928693,23,2
5.7609758626542,2.795835151073857,0.75126468034547,23,2
6.640969507202227,0.71908081383584,1.5855206752480988,23,2
8.023913355132983,2.7424389174887005,1.377751164219101,23,2
6.46219106346864,4.378007615337095,0.48612326632586506,23,2
2.340204488020768,1.4911407438282782,0.20222857759818785,23,2
8.331213309835055,3.4062454576613073,1.2700486100481825,23,2
7.687775787867926,2.3057240723011065,1.4124280283283592,23,2
3.5248959044224435,2.721769727084157,0.16864799698796762,23,2
7.1040071137890015,5.084398435780206,0.45652946074716205,23,2
6.2013566368365,5.781789164288353,0.012410078222498372,23,2
2.500557019726723,1.713283127353666,0.18171891098664822,23,2
7.913394003229493,7.2993349619509305,0.03882501044214229,23,2
7.24042884760573,2.0749160038577,1.3579191005082598,23,2
4.4754055845129805,1.5858675910941638,0.9820753197102167,24,2
4.296135904903576,1.3556855311027378,1.018530072299402,24,2
4.500994799239493,1.6908328025827326,0.9231247544767026,24,2
4.42550262466524,1.572328540965327,0.9545554094698094,24,2
4.305714036553754,1.5361987373604884,0.8912016247055838,24,2
4.387523545398277,1.4180235124863372,1.0409437978555156,24,2
4.596243934174398,1.5476346239320136,1.101647363367122,24,2
4.41121554887546,1.344068288698169,1.1139235278086232,24,2
4.423733205812187,1.6192001691454179,0.9182855604855524,24,2
4.519031147494099,1.3906113657246282,1.1604917437811029,24,2
4.448935428127261,1.3363017679086127,1.14814149574013,24,2
4.547931785550636,1.5498285811216568,1.0635996718359846,24,2
4.235070131228421,1.4478237584171167,0.9038291998705246,24,2
4.427437243807203,1.4466418028484622,1.0496954292658147,24,2
4.565070481954547,1.6901658741209031,0.971915083638727,24,2
4.538188049787094,1.3805857741997576,1.182402795974643,24,2
4.432138409043411,1.4637391592238764,1.0404949602001732,24,2
4.577611857847239,1.5660545669557824,1.0738750503750782,24,2
4.34138676461052,1.4074605734527863,1.0140441453058884,24,2
4.4525303713132915,1.5849051457657284,0.9655518596869515,24,2
4.377735131282082,1.6075870114503303,0.8922732409003733,24,2
4.567594504779907,1.6299060377181425,1.0187327104730235,24,2
4.494626119794184,1.3569291653048192,1.1672032866083257,24,2
4.451168758049907,1.3502739910530268,1.1394103934016395,24,2
4.610246791130303,1.488812057458642,1.1560451932465468,24,2
4.275146986266112,1.536408112886784,0.8680074720432772,24,2
4.450730477386375,1.5404778904378746,0.9973096131868531,24,2
4.584480383117395,1.3619874422774032,1.2311553432231548,24,2
4.348742542455369,1.4999852370540419,0.9506239052904254,24,2
4.350581545750792,1.2570498913203838,1.1330843280311809,24,2
4.475366509549886,1.4938121919099197,1.0506603173585733,24,2
4.4027516154591835,1.2924849474892568,1.145992521652982,24,2
4.292905841286057,1.3385782137193853,1.028846721077098,24,2
4.612180402365043,1.6465853553151713,1.0399045709366952,24,2
4.323614716269979,1.4089973725648872,0.9995040538536063,24,2
4.548211250503345,1.4856662576065431,1.1116343562525561,24,2
4.266105015277557,1.3818064249882935,0.9764265993985985,24,2
4.4395943383911485,1.585835287737958,0.955108804843811,24,2
4.4839535743830625,1.6356318637044442,0.9514255400852318,24,2
4.550048115741349,1.426667131732616,1.1569943953189668,24,2
4.513122849143601,1.662048841119341,0.953719973982789,24,2
4.4109305455413965,1.5716214764930987,0.9440995911372,24,2
4.231741956678374,1.4532762844346867,0.8972566897446557,24,2
4.470598817688334,1.6817295191424195,0.9070008217819155,24,2
4.379938541141999,1.3572701469455581,1.0805102050682824,24,2
4.658553585877198,1.569354744720724,1.1324202321841363,24,2
4.266364878989987,1.5077013901509146,0.8827853360770416,24,2
4.484145515957916,1.3379178687034192,1.1734744234983234,24,2
4.374060361480623,1.4024526191794817,1.0424026524278451,24,2
4.285740148548609,1.2856458515435238,1.0628996932530357,24,2
4.4528180425758315,1.6334772235285664,0.9295649720190458,24,2
4.395308741363655,1.4170599118841896,1.0475296550561748,24,2
4.397256043213186,1.3321945047767434,1.1122526305586231,24,2
4.539334703779605,1.66156424840208,0.9738367934731468,24,2
4.481509463471989,1.6377715418119436,0.9479886058437171,24,2
4.652669387390483,1.4593217667915406,1.2099995914029558,24,2
4.660420211260055,1.5305546717170277,1.1627471272972243,24,2
4.450075987363298,1.419281026797507,1.087151671670959,24,2
4.238895133525681,1.4262747457197105,0.922773847861772,24,2
4.2687686796283595,1.352954841331399,0.9999390052506958,24,2
4.556870594232821,1.5769117104057917,1.0501500743935315,24,2
4.328777285982488,1.489304846164537,0.9435370234002731,24,2
4.435835234142185,1.3031456544288047,1.1629812588758102,24,2
4.557066067095052,1.6539237977503207,0.9928956410935985,24,2
4.577222171384018,1.5806482275680824,1.0627038108882851,24,2
4.62991742037015,1.5866469747639738,1.0979484857750283,24,2
4.6383237085999856,1.6219220621298323,1.077991571722417,24,2
4.530135934385082,1.4113634973593807,1.1533934981926597,24,2
4.495944653342778,1.298284472130304,1.2119084839606165,24,2
4.5745952551020075,1.5228677883779793,1.1037911798838242,24,2
4.259594282685248,1.30440916154978,1.0292083770527496,24,2
4.529943709034039,1.3209751921313757,1.2206204820650504,24,2
4.529358551057716,1.348638327929383,1.199560448476691,24,2
4.302613856301919,1.58253326592616,0.854329126403977,24,2
4.269024723496555,1.3186298930300644,1.0257164398480658,24,2
4.424881157518623,1.4527332615038122,1.043228599573666,24,2
4.504796980632764,1.5528171304232463,1.0288618370821025,24,2
4.612454254915581,1.6339501895982116,1.0495287229996955,24,2
4.452555149715546,1.2874472797889047,1.187283845392269,24,2
4.476636354807885,1.3496969619636432,1.1590351712824518,24,2
4.553243396958718,1.3847969894062353,1.19061099364513,24,2
4.2378210925975415,1.3977087923329918,0.9432562836281776,24,2
4.505041383197201,1.5737938231371724,1.0134108451246326,24,2
4.492526323753273,1.3273041026671586,1.18770203867322,24,2
4.303709081123411,1.5556254241612446,0.8752106262245232,24,2
4.439622779083707,1.5771180704713565,0.961627708766803,24,2
4.495605149043091,1.5840171431992214,0.9986787881953667,24,2
4.266592008187834,1.4367063482843332,0.9358734131404547,24,2
4.423294392694323,1.3506871103828921,1.1180938289694273,24,2
4.619317633672461,1.396518535725827,1.2316737354026799,24,2
4.359091348977236,1.4429953183768016,1.0009017293541786,24,2
4.53889580943628,1.6135918256060746,1.0092627466975352,24,2
4.615639615446464,1.4437270365926413,1.1937143018320004,24,2
4.490641993235768,1.625349478755691,0.9641306196204915,24,2
4.4730130110803055,1.4732349929279633,1.0642239371709443,24,2
4.490746505241048,1.655118177115815,0.9420209807495482,24,2
4.238135022510285,1.4589815262562875,0.8978226208466047,24,2
4.5633598649728375,1.6639567845473573,0.9901610252162582,24,2
4.623479127133309,1.4884366194525493,1.1662981145144629,24,2
4.6440672769791504,1.629136911614211,1.0769427810741163,24,2
4.369473231914702,1.492356708699309,0.9719344298319637,24,2
4.313055532071434,1.4336539802307966,0.9731676394016117,24,2
4.367463962051085,1.5328504621995016,0.9402376225903617,24,2
4.415499186362843,1.3342198554172735,1.1244926963247763,24,2
4.570622664221466,1.6440083348281351,1.0105037115331916,24,2
4.381606443714104,1.5447247243695472,0.9420460706284595,24,2
4.239952800460717,1.3272933910966818,0.9973477821875149,24,2
4.4529743723597495,1.375986619489495,1.1216060928644636,24,2
4.306142470467943,1.4310404631242943,0.9699053433433189,24,2
4.278978933139551,1.2868710886861634,1.0568905868567715,24,2
4.415518395646759,1.3997178155764851,1.0756875891663094,24,2
4.2568519771740485,1.2849800720482563,1.0416232014013285,24,2
4.3352073446390955,1.5178117007612901,0.9271354166892039,24,2
4.541764242476207,1.3750444191862694,1.1892284446064876,24,2
4.629561929957014,1.6151140951875655,1.0764622921321978,24,2
4.400211959947241,1.56204773908234,0.9431569806781601,24,2
4.40349471748761,1.6011257167774886,0.9165039869051083,24,2
4.242470287758632,1.373453314944948,0.9648394094433136,24,2
4.341652516488373,1.2807151704360242,1.108715442742432,24,2
4.54132310865315,1.6673033943189066,0.9710577031143223,24,2
4.3654878379562465,1.5011829848357443,0.9623519200472214,24,2
4.372545642246313,1.5655785549634484,0.91967341225479,24,2
4.388400349663567,1.3284846827832595,1.1083433336828357,24,2
4.611654008262592,1.5755139281625903,1.0924816592869362,24,2
4.448852148724811,1.6083742464778024,0.9452866806054983,24,2
4.276309873022773,1.3434347923175207,1.012718597765287,24,2
4.462415765673392,1.4495695674976818,1.0738761656992837,24,2
4.363680156499838,1.2780289792791173,1.1273196440953606,24,2
4.304458860472874,1.4218185891090307,0.9755100422443133,24,2
4.604849137472179,1.3826901570098904,1.231076094403985,24,2
4.355660155038572,1.620357124909992,0.8661172064413701,24,2
4.439362822905353,1.61999033495447,0.9294764945913888,24,2
4.632626936693357,1.639001146831286,1.060967896206984,24,2
4.611678941174181,1.462125376499683,1.1770157858694277,24,2
4.554043838543768,1.5752497823138916,1.0492583111278497,24,2
4.591541576628284,1.5418768320822058,1.1023948715832643,24,2
4.278152168270044,1.360466309724938,1.0014124995853402,24,2
4.651889485015897,1.4476195384521737,1.2181341639262182,24,2
4.500709056135113,1.4631743855569952,1.0925969587354571,24,2
4.635975801185139,1.5043995252187468,1.163818620173329,24,2
4.597133687939448,1.5435928935007894,1.1053305080038194,24,2
4.375554924078373,1.2722747622160195,1.1405585079168676,24,2
4.324355104380499,1.2429199002725924,1.1238496464878664,24,2
4.312329038274758,1.3317745373378664,1.0485569891050284,24,2
4.251858650550485,1.3373520876728824,0.9988237531504702,24,2
4.383408875617199,1.4436465718401035,1.018744197264379,24,2
4.661634277570379,1.5625066563937686,1.1398464137206668,24,2
4.428204142132884,1.548993472060743,0.9739845532754171,24,2
4.5880487227125615,1.451207421060517,1.1673437285072925,24,2
4.2358629129672805,1.3765006801583881,0.9575881091579257,24,2
4.464317558159387,1.479464362348588,1.0530271325481821,24,2
4.598846080400579,1.375319430271682,1.2320454956456317,24,2
4.650776238518638,1.6340437099161744,1.0783419279108635,24,2
4.378522026461259,1.470458026358602,0.9950768298079579,24,2
4.401628357334317,1.5883598911506243,0.924612469914798,24,2
4.329109841027339,1.292309758666661,1.090620001839298,24,2
4.311771831109961,1.4576547446673287,0.9543109072092818,24,2
4.489078835552156,1.574963043946037,1.0005085352869107,24,2
4.3081696980124855,1.3242386037184892,1.051039120676131,24,2
4.588241652490549,1.5362336496962783,1.1041139550451486,24,2
4.550772868740605,1.493711816403498,1.1075681825049157,24,2
4.586641319007966,1.6706968387015315,1.0026842643010607,24,2
4.247627596545958,1.4622617641010185,0.9025321234402431,24,2
4.549351337109906,1.4333242042734717,1.1515073217782736,24,2
4.4565244401937525,1.4864788267286435,1.041925230437438,24,2
4.2960730318111375,1.348284321234447,1.0239992541137182,24,2
4.52780562046906,1.59313112606819,1.0161547726601576,24,2
4.22607180913224,1.4024219289590598,0.930887976097203,24,2
4.449118651676989,1.2874052376698577,1.184725126332099,24,2
4.443245742327109,1.6214800349311342,0.9312926503408563,24,2
4.3519613325084086,1.6077978427048563,0.8726906308594158,24,2
4.454569237916164,1.5339186532621876,1.0050918457238283,24,2
4.46565214234647,1.6855359598404482,0.9004353899353971,24,2
4.520001949547546,1.670754097799217,0.9524161324376226,24,2
4.481369234472234,1.6034913246852083,0.9734340325380226,24,2
4.563215960842117,1.6386105807573108,1.0089446223506957,24,2
4.483107763176658,1.50879257106945,1.0453290446955388,24,2
4.451534332423617,1.4815792007511983,1.0418162212236026,24,2
4.549436822970732,1.449107061092542,1.139807835365375,24,2
4.492067503223597,1.307798254456263,1.201895116638357,24,2
4.347096223465006,1.2904585184214628,1.1055560068085772,24,2
4.479680186179445,1.6498280161345635,0.9376234787229821,24,2
4.599689083254884,1.3926019988182858,1.2197991168051117,24,2
4.403944141550048,1.2874308936585817,1.1506584086478404,24,2
4.31844758690329,1.2882958131620608,1.0855757992150887,24,2
4.3982215542211005,1.3050884805569807,1.133184083674269,24,2
4.492368526209963,1.4263686777164324,1.1137442980624344,24,2
4.3100358344815195,1.4927163214290162,0.9268689927449808,24,2
4.530856911042111,1.547044405812966,1.0528057167816005,24,2
4.432363112738038,1.5136240230215305,1.0034821157721043,24,2
4.407074355482258,1.5639032735297076,0.9469460604559752,24,2
4.437012374320508,1.5404085461048935,0.9870220970826632,24,2
4.234733385913891,1.326761824974278,0.9938101678675397,24,2
4.228408006741487,1.3815458889554777,0.9482089190953679,24,2
4.512615849876488,1.3307519705363664,1.2002734175723322,24,2
4.26353549055611,1.4167682281502751,0.9484308300992799,24,2
4.33347925998457,1.351922828637111,1.0494799699967539,24,2
4.276843651427815,1.5032125924124067,0.8940288583198406,24,2
4.477736285758846,1.40748902014561,1.1167882677616456,24,2
4.454861783976757,1.3348486186548543,1.1536912531584234,24,2
4.364202716728963,1.5301579258194664,0.9397865632519299,24,2
4.622390718748022,1.626966295662651,1.0622232583214093,24,2
4.598988629927481,1.471372621264723,1.1605586901283365,24,2
4.504480895335069,1.6096017407783898,0.9862986074080093,24,2
4.369831606254761,1.5115112303368357,0.9579275114488465,24,2
4.473971832004317,1.3201573667986486,1.1790445901376128,24,2
4.580494557880467,1.5815357700836237,1.0645086381504416,24,2
4.40928522535722,1.5887036216926267,0.9301271747276973,24,2
4.335313189676562,1.5043524997169482,0.9372471463935501,24,2
4.265352896788929,1.4032765645174687,0.9598567433776317,24,2
4.541442142511818,1.596213668454827,1.02413488345916,24,2
4.57421898424704,1.515988971292596,1.1086347859248478,24,2
4.316435848856706,1.459826204221248,0.9562076126866401,24,2
4.393773988840975,1.2569559990436536,1.165708041438568,24,2
4.333891834710541,1.4545064273704653,0.9733291726319606,24,2
4.583496523688955,1.3766136282692332,1.2195120381454563,24,2
4.501306106052868,1.3624757758258441,1.1681037043700344,24,2
4.528064602990018,1.3924959091981848,1.1658955084359797,24,2
4.279541988827082,1.4857846514570974,0.90905266615694,24,2
4.251456169782601,1.4932128935702405,0.8823479364677029,24,2
4.516138309867701,1.5388430471641765,1.0478254162025245,24,2
4.579566727572225,1.689234879102198,0.9835346916436188,24,2
4.351620498803578,1.4709789783017568,0.974413109653476,24,2
4.572981232561307,1.5726003092006164,1.0655060555581102,24,2
4.566897647783451,1.6550676722217919,0.9994530103810824,24,2
4.482388419952958,1.4418472279018895,1.0946852895840256,24,2
4.381125561812781,1.587061320699691,0.9101276126783981,24,2
4.373712467875331,1.4079205496774203,1.0380648695577346,24,2
4.550382651684909,1.594483943479209,1.0321625278969413,24,2
4.307456244744818,1.4204497840821806,0.9787893950492961,24,2
4.580987769104431,1.6765855970721828,0.9940339907726938,24,2
4.451257543589893,1.3023692876754462,1.1751835785177378,24,2
4.474483304843122,1.5726703895248468,0.9912168776595205,24,2
4.4007811904807825,1.3379338723476577,1.110631602981345,24,2
4.430483980997582,1.2796593511610344,1.1764538308599786,24,2
4.635864035328933,1.6524449214193162,1.0533872093350352,24,2
4.322062842483295,1.3157876285657988,1.0678092724468256,24,2
4.461794630632734,1.2650949322594363,1.2109081079169348,24,2
4.393320061148421,1.3297665734373658,1.1110958024971265,24,2
4.4361388341354315,1.5298505626391865,0.994233220883593,24,2
4.43010557883953,1.3740837321031407,1.1057884395493844,24,2
4.375809542350193,1.4835711847056734,0.9832584277698739,24,2
4.341663923670558,1.5989231552056786,0.8715444131659409,24,2
4.281357985892883,1.32260727434256,1.0320473188702415,24,2
4.561234593590314,1.3783963397427776,1.2014046725699232,24,2
4.528663241904465,1.3001887276476456,1.2351488135157562,24,2
4.455361009046852,1.4756634070501207,1.0491097489581542,24,2
4.491419086921922,1.5634433327625776,1.0108586966838624,24,2
4.3969303548090215,1.5470992074894097,0.9518257096915502,24,2
4.435421952434555,1.5521431665850796,0.9770768900944371,24,2
4.445810026743404,1.4850360375052314,1.0349252777856874,24,2
4.568895694634411,1.6378908840629123,1.0137618166070181,24,2
4.531823655561571,1.5926857929664116,1.0195150608004715,24,2
4.28415444614934,1.365470056655217,1.0022067640624617,24,2
4.282429852650964,1.276230559463902,1.0674225407646905,24,2
4.319473168738428,1.284700471409867,1.0890285957255235,24,2
4.414770277700731,1.6351567139603989,0.8996369111505902,24,2
4.390667707880163,1.333691986423411,1.1061709019472623,24,2
4.651455204190916,1.474274231219529,1.197939498487619,24,2
4.419924393822226,1.6490002053218005,0.893203128910092,24,2
4.314814669463685,1.3540093841617333,1.033857411416137,24,2
4.656533926795878,1.5548634884074213,1.1416992429493151,24,2
4.5886663857674685,1.4436664890599586,1.1734299672272601,24,2
4.5972907362530515,1.5510673154971886,1.0998777357296325,24,2
4.6116287595960355,1.5258037316572959,1.1295146409745787,24,2
4.453864486615118,1.5414016831481714,0.9989831273711605,24,2
4.4816269414326335,1.4923557463497386,1.0564643216131153,24,2
4.268867643084224,1.4408630697036413,0.9344902818309857,24,2
4.436058642446593,1.2864644974789021,1.1755831131907248,24,2
4.383268096062795,1.5684413748737636,0.9256209902292656,24,2
4.343877766273221,1.554086306172585,0.9066325762900505,24,2
4.396873244868004,1.585378856079262,0.9232505327435401,24,2
4.386478595857376,1.2987096152426811,1.1290880821839755,24,2
4.264673981779435,1.4321577044486673,0.937818193979631,24,2
4.229610595746121,1.431341891959343,0.9119993307560867,24,2
4.652705250126207,1.520056874908134,1.1647570770387716,24,2
4.620173318634351,1.4623894759746259,1.1832210673503711,24,2
4.28566351802889,1.3098686614066526,1.0447872146025956,24,2
4.599356545381783,1.5634563033423814,1.0922004554537859,24,2
4.44918501015558,1.5672744974138373,0.9761716799890309,24,2
4.283322702902413,1.5422008285543682,0.8698517704079489,24,2
4.469707672462901,1.4342630895928052,1.090780848176811,24,2
4.400112118411691,1.43827464815136,1.0353372901776072,24,2
4.608189950521089,1.603264485090628,1.069186666327987,24,2
4.45307202434725,1.4134647084230159,1.09374500931329,24,2
4.32969925989142,1.4513094762350214,0.9725521499678593,24,2
4.586448531764953,1.3845751239069684,1.2158027548215506,24,2
4.642893053083829,1.5523849169615738,1.1332656763240379,24,2
4.428944219830008,1.6495256847267261,0.8996096136723672,24,2
4.423825631155372,1.3089121344418349,1.1496316305840266,24,2
4.2223723106624975,1.3574347960471358,0.9616313264577835,24,2
4.448116197055838,1.6568662212416612,0.9085880037606073,24,2
4.409491308046506,1.6314297734822014,0.8984361161880585,24,2
4.40340856960288,1.253135195204537,1.1758174083250634,24,2
4.386368884123906,1.3875978686147599,1.0627516104624586,24,2
4.228613890334567,1.3829314554032557,0.9473313452381227,24,2
4.425843225673965,1.6315110320752704,0.9106998326321244,24,2
4.244813177420648,1.393654986693714,0.9515476969988128,24,2
4.273798533802357,1.4487209507952956,0.9323496935406956,24,2
4.331724168126508,1.4563238747504321,0.9703407698467681,24,2
1.3550832409726747,9.221337149947093,4.792576463655386,25,2
3.099581210726321,8.24003711101724,4.601405972343755,25,2
2.620778539066236,8.658411687746614,4.563652490828505,25,2
2.959611702847831,9.74451281155253,3.7536716097262355,25,2
1.4377568920518466,9.356936790312728,4.673279664709902,25,2
1.8322483987944618,9.433070818566158,4.449630776788727,25,2
2.4688130606789134,9.71322258031295,3.9935222563327297,25,2
1.7516995382725247,9.482128967716708,4.456188556480755,25,2
3.316119906287722,9.261885805344132,3.885365215064052,25,2
3.0073245721012887,8.765022880855032,4.325130509878945,25,2
2.431022719220145,8.477158312088545,4.758783613073731,25,2
1.8410144471333423,8.402488908865429,5.069548235606716,25,2
3.551046343452589,9.548474274109607,3.606138110038082,25,2
2.8175657182822746,9.57672367848199,3.9191778908805466,25,2
2.2255219816179617,8.13202472028912,5.06020648094255,25,2
2.539319736195973,9.794763383742875,3.9124263617936266,25,2
2.5505106704744414,8.337572189532198,4.7895004347801216,25,2
1.5704305493533863,8.73821242238919,4.988108063931417,25,2
1.7586501181462637,8.630312635442067,4.96870736402144,25,2
3.276531040005477,9.512699411791196,3.7513541223984497,25,2
2.778823381007236,9.376817864725924,4.0576289107333965,25,2
1.7570057418685383,9.318258661816296,4.552999166327996,25,2
2.880365598715656,9.004124069774178,4.237534929483837,25,2
3.062112172051493,8.181690313661177,4.653591085802821,25,2
2.8983808179407577,9.17363271751987,4.126814145508112,25,2
2.6862489872686846,8.106387253081804,4.86835231568516,25,2
2.2171962205879012,9.592448554846834,4.179885910012908,25,2
2.2000888581363136,8.77796187920933,4.680635709273262,25,2
3.0137267667829,9.473394436970038,3.8934359397594647,25,2
1.4677808457254056,9.087904862816599,4.822624402873244,25,2
2.394776357715369,8.749645812373576,4.6101477565980815,25,2
2.51287585096686,9.220688179239543,4.27184538566973,25,2
2.659275751219027,9.068650359424286,4.297986743430874,25,2
2.4695323149989705,8.100020574770994,4.969750837310792,25,2
2.8524039960174026,9.88215448101813,3.7186045095813163,25,2
1.567972640456544,9.451641507975705,4.55733986076592,25,2
2.955238751085306,8.823231903496104,4.31333755511954,25,2
3.31209175593917,9.561368663583439,3.7058862525544813,25,2
2.190443130135184,9.779282951255933,4.078827252251587,25,2
2.496224546285538,9.826224901357975,3.912778322685832,25,2
2.10170441867027,8.718755411909958,4.760759323893461,25,2
3.6255405487691488,8.69642419398364,4.088396944825944,25,2
3.697259685776219,9.305363282967525,3.687494609359953,25,2
2.2069098282580555,9.885686950699322,4.007003877392894,25,2
1.3636602304499987,9.283753095204661,4.750932438540162,25,2
3.5846929176364606,9.346726696387078,3.7131217007513717,25,2
1.4812097467958383,9.108494949212744,4.804115822368674,25,2
1.9741376913536208,9.709345902400607,4.218523020049054,25,2
3.0799705359139424,8.377068248790884,4.527280921743454,25,2
3.4495655974179074,8.742637381478685,4.139628328279366,25,2
2.432405783445392,9.577328581299795,4.092172691410221,25,2
3.24797031335591,9.524471753164473,3.757082951559978,25,2
2.430956630322102,8.284329680380567,4.875542229854145,25,2
3.345631148777003,8.26404767119875,4.47612378113661,25,2
2.383946607445008,9.657863770609522,4.06523222740282,25,2
2.9025362084083874,9.385799329916866,3.996508676453493,25,2
1.7737023126317601,9.74119789928158,4.289457624153933,25,2
2.0537479306978184,9.061706151436713,4.574739267273267,25,2
2.614737144709172,8.20519737116409,4.840725152723231,25,2
3.0584498588232387,9.273234905605195,3.9944726512983206,25,2
3.472662880002599,8.345457612922479,4.369665103997186,25,2
1.5149545977712748,9.999839945768723,4.249351260635351,25,2
2.966355511727502,8.935002797636342,4.240673342638695,25,2
2.3380873134649844,8.921390928393523,4.531697610290765,25,2
2.5652482904156098,8.615368160095505,4.614703139057874,25,2
2.438636854708894,9.621709581007455,4.062502026781388,25,2
3.2135396267595358,9.46597163526116,3.8079933115069657,25,2
2.528005092141378,8.302396166579957,4.820924040386456,25,2
2.001008835985887,9.65908517184221,4.236853631857315,25,2
2.305960580556,9.76032829651826,4.038306906202391,25,2
1.575683938905188,9.112576824996438,4.759121903098217,25,2
2.712818330453958,9.932076396744895,3.7512119492736216,25,2
3.538269893047948,9.339697816376102,3.738271698038847,25,2
3.5287213261296757,9.04075400009463,3.923535249120683,25,2
3.0800702253674848,8.145679138842766,4.667307518552882,25,2
2.433290680645194,8.455615957054022,4.770803471825668,25,2
2.1270955651939123,9.660612714744717,4.1791771354366105,25,2
2.302846072730505,8.591591017460557,4.7472042128332435,25,2
2.0460026884669036,8.448953092515572,4.949155658833433,25,2
1.6856403966729938,9.193154517110399,4.660852630903342,25,2
2.0693274409386966,9.177877117906535,4.497402780392398,25,2
3.346651710510442,9.007518901011258,4.025603892872881,25,2
2.3550202307409687,9.772436902442724,4.008895146759773,25,2
3.0929822331804457,9.53745271909611,3.818985252789051,25,2
3.434953238395108,9.278126414759827,3.8220469227130884,25,2
3.0491836410121764,9.081470616946518,4.11472795746938,25,2
2.304051223326183,9.493932497147306,4.2004290874397014,25,2
2.57951671841779,9.665967951528888,3.972300002301671,25,2
1.9338573506667094,9.384662866712171,4.433200225951394,25,2
2.3690821337701458,9.035705906339903,4.448546195869852,25,2
3.4929202133120345,9.290305749242293,3.7885831494775393,25,2
2.7410279914133153,8.126789074473974,4.831345967247378,25,2
3.3674376432850024,9.413756146895771,3.7703322792508147,25,2
3.2569359351875655,9.46937711764926,3.7863990678679174,25,2
1.982803997031705,8.589578909227548,4.892473590215431,25,2
2.8974955812057845,9.34998304159347,4.020458870082762,25,2
2.702525593159151,9.115374804515088,4.250235277470608,25,2
3.225138847006504,9.545801965297464,3.754447173409222,25,2
1.5071850677124177,9.183464566733676,4.7470414167772015,25,2
2.45618226081174,9.460963798008883,4.15191232507079,25,2
3.6555899777201457,9.078270016314207,3.843721175312271,25,2
3.2162008103901076,9.368537623052962,3.8657772178913197,25,2
2.1893084346785208,9.765539800804428,4.0876574003768695,25,2
2.7426606175486117,9.925486889723576,3.7417688577882195,25,2
2.709689199677031,9.961537552609318,3.7347860554876764,25,2
2.267359911041931,9.139809176094056,4.431312552656017,25,2
2.0872201103169408,9.08197069874906,4.54740624667489,25,2
2.6871390474462364,9.971150906399036,3.7391164612077925,25,2
2.1287676851871975,8.738023140552334,4.736914387749505,25,2
3.4513340043032557,9.224126567657382,3.847362742706615,25,2
3.0270023476733043,9.926071204052311,3.6134325670172345,25,2
3.159406233912454,9.757334114879324,3.6559824562807224,25,2
2.0674735721354587,9.01825332298651,4.594865521275459,25,2
3.4350246720733675,9.05109253348298,3.9594497984996617,25,2
2.621110068291225,9.453878024844377,4.08196748317518,25,2
2.18241834896517,9.013945379459452,4.545736545313456,25,2
2.5416571690254957,8.668201293684362,4.59333897965216,25,2
3.6565610128571504,8.650885615358028,4.102001386557394,25,2
1.9867408699514093,8.728699434388275,4.806484947021902,25,2
3.2679592364072607,9.8161498001706,3.5715185184589444,25,2
2.066762664195374,9.745348325580133,4.155038323785742,25,2
1.9147758887293362,9.598175639286278,4.312538795377253,25,2
2.88727410187662,9.586703877767581,3.881760541753588,25,2
2.868645610120094,8.28249789559354,4.679646732460841,25,2
3.346793783907109,9.481136102370373,3.7388356304540413,25,2
1.3737798479191647,8.951431128784874,4.94754878791205,25,2
1.3845051052956017,9.545646232372182,4.583013044554138,25,2
2.582502751682046,9.043150990543976,4.347978419189521,25,2
2.2448543375452443,9.87192742603116,3.9982543376843593,25,2
1.3097782680291772,9.712132600919109,4.515865116284113,25,2
3.5707703168186917,9.02096537045576,3.9165879975942492,25,2
1.3581254329957346,9.754575051730592,4.468411445241127,25,2
3.0406427590846157,8.820128467431191,4.276775767986556,25,2
1.7685067405151003,8.570418318267041,5.000527928582945,25,2
3.223548541177771,9.587212838165977,3.730094887773366,25,2
2.5460308808623244,8.565186161641206,4.653730607470772,25,2
2.8888178248881973,9.02514665063465,4.221004546053681,25,2
2.959805972830845,9.422774565918695,3.948348512124674,25,2
3.0396185945818597,8.159112865074539,4.677382739031448,25,2
2.622640673614207,9.161489887073195,4.258275802725957,25,2
1.5208067691710698,9.14141743751066,4.766363513847593,25,2
3.253431051442961,8.502900772364804,4.373033366229227,25,2
1.4713284651142227,8.736635693908683,5.033668511688757,25,2
1.509519641480419,9.86978867408467,4.330524117753435,25,2
3.2186859390413463,9.2955152755654,3.9088627582808133,25,2
3.0196120111383977,9.48887377889294,3.881416559478639,25,2
2.989613042344754,9.81083169837278,3.700021810455567,25,2
3.33888061748375,8.454178759304149,4.364066292640619,25,2
2.9097134840409407,8.558586617509462,4.494031639272036,25,2
1.7728207220529533,9.014960773969374,4.729482290991286,25,2
2.730590612262359,9.954504059795628,3.7296360299717097,25,2
3.0403995312810275,8.780686331808424,4.3007615537696395,25,2
2.7543176332423958,9.939619009164861,3.7279671373894123,25,2
2.4706013696728557,9.659565868518449,4.025198442760519,25,2
3.2172189855986315,9.524001851984712,3.771208618282183,25,2
3.1818625463897305,9.172770044235941,3.999740876975491,25,2
1.605592102903858,9.992867749033069,4.212775825191237,25,2
2.986242505403916,8.09582482597135,4.739718818414687,25,2
1.6363491913491504,9.137168089919276,4.7169300658836715,25,2
2.1387919163941276,9.932255590065598,4.009473496711143,25,2
3.685498337326324,9.097822517753599,3.818423271836678,25,2
1.7748880051738911,9.784539022395426,4.262687380540201,25,2
2.6455909233413837,9.48191477080934,4.053976566462618,25,2
1.9594730981074635,8.865359282784333,4.73603112571203,25,2
3.268027028512112,9.240387114683848,3.920026119623681,25,2
1.696713832674544,8.930195560354303,4.815050746615897,25,2
1.4804330415105516,9.973252184425501,4.280984366512011,25,2
2.48859220188685,9.011723161692055,4.40927252323233,25,2
1.645011193604725,9.898046004620813,4.2524336135582885,25,2
2.1814631909497253,9.8945728507528,4.013078359083649,25,2
2.0817867914409574,9.688623479827516,4.182614347324918,25,2
1.489844067714229,9.764602235666695,4.403054760705667,25,2
1.3749291261676309,9.023816445167162,4.903213023305584,25,2
1.546838767260545,9.529335581174927,4.519820113554129,25,2
1.2944781808519605,9.579932607132896,4.6027790109843,25,2
2.201965850166045,8.433178988613998,4.8885052990735645,25,2
2.8363842328804503,9.647483425366353,3.867873219407786,25,2
2.5656757642702557,8.996747662173338,4.383642536473932,25,2
1.2473267972281268,9.64541755531801,4.584360575939975,25,2
1.4836803152798925,9.574996047269574,4.520607236606808,25,2
2.1929639186301877,9.625967536734658,4.170502174329115,25,2
3.6562243677404633,8.930354520942192,3.9329763250749172,25,2
2.3629425804387036,8.169712898041388,4.975538744172378,25,2
2.438720507508985,9.751974344982148,3.9836085605774567,25,2
1.3000358269407675,9.097844009111373,4.8921099848948435,25,2
1.8634218652221017,9.168450309787028,4.595787664148747,25,2
2.519152879759959,9.447652933206525,4.1316269050537295,25,2
2.231118843101691,8.417048678846768,4.885147987575522,25,2
3.0624668930208405,9.471152264447328,3.8728552464939896,25,2
1.8592825313293404,9.306100174017827,4.5143243969925475,25,2
2.967600683379573,9.688574475045796,3.783938048179182,25,2
2.3223576987977563,8.954223653034132,4.518902230227689,25,2
3.45650942410226,8.841744779540006,4.076508209855394,25,2
3.4448856015913094,9.362279553940901,3.7666342252896574,25,2
2.0845737248248377,8.931411317662404,4.639738554697122,25,2
2.1171734705836336,8.518499472463152,4.875021676920788,25,2
3.449436331975804,9.112413649668829,3.9158423358806975,25,2
2.844494587544268,8.37096966685123,4.636960725284013,25,2
1.4146183416516032,9.935363383691204,4.333543643880187,25,2
1.9184321854020356,9.948294314197348,4.098948646627263,25,2
3.2480731904996683,8.26824882475056,4.5174915732037055,25,2
1.5907125107522502,9.473696441061326,4.5337536557370655,25,2
2.5427758835737984,8.750235588091018,4.543175960062932,25,2
2.301613291627534,9.970230810928587,3.913199076400176,25,2
3.4360733593731476,9.287743279586442,3.8157211828208046,25,2
3.1347354026897296,9.7400759177175,3.677534083757992,25,2
1.6341906960467847,8.690183634097048,4.988483781873108,25,2
1.7916116460694536,8.77759303298944,4.864715105339379,25,2
1.7317669926407382,9.26167211567289,4.598613842285367,25,2
1.729495659303871,8.723762937073383,4.925259655043038,25,2
1.8621875503435716,9.077928481185104,4.651140646966951,25,2
3.10175956705221,9.103789581975137,4.0775526738246874,25,2
2.9474448955990997,8.387731775412927,4.580475712681809,25,2
2.0814910101538455,9.485627619001061,4.305631084141657,25,2
3.195217050642816,9.510906431806402,3.7890390338443045,25,2
1.5734808278969625,8.953952061938523,4.856137074106234,25,2
3.5589650643759887,9.255337266619103,3.780024459106987,25,2
3.274093066532559,9.184757005743725,3.9509714913071576,25,2
2.336467907775974,8.398525290259379,4.848943377845325,25,2
2.9701717119851616,8.874957734150495,4.27530396323233,25,2
1.9372160953548765,9.075469917356099,4.6188584953758,25,2
3.17420075428339,9.827001518780719,3.6071502399020714,25,2
2.7929611211882053,9.48072223668052,3.988366953069732,25,2
1.6119130668980182,9.35170876401732,4.5980565352504,25,2
1.4722460949516318,9.310335800770341,4.685965953438932,25,2
2.248489846886658,8.606135798613652,4.762865331877641,25,2
2.578602067738451,8.415227581693536,4.729847746037103,25,2
2.9910590623369195,8.598024589134374,4.433544102618252,25,2
2.8079470205930406,9.503185873939994,3.9680234110486334,25,2
2.5241441888179064,8.27113220379009,4.841587487162749,25,2
1.2827510978523005,9.535191419648434,4.635141477294393,25,2
2.083184726965785,8.558411862580241,4.86615907649945,25,2
1.8756158134623604,9.380045828136444,4.462209741926198,25,2
2.3492935891230187,9.286340563655328,4.305731280056031,25,2
2.8472069225392906,9.616794384146367,3.8815795332826033,25,2
2.22681528903,9.7242498851004,4.095770380190869,25,2
2.2010100176587613,9.143671707482584,4.4588385398806025,25,2
3.273177564744194,9.251693938694535,3.910863267378205,25,2
3.158065295510162,9.929534261065026,3.552344604188035,25,2
2.8794097754498447,9.727551634596095,3.8000380532509617,25,2
1.8964222302425173,9.319149986491354,4.489708063175644,25,2
1.9524075210572962,8.463097022110116,4.9827209312074725,25,2
3.0920608992737195,9.672411168906464,3.737702808256068,25,2
1.9782905835877567,8.291224757430797,5.075113858714293,25,2
2.6332639975638448,8.077508505212109,4.909682685919674,25,2
2.477343902711686,8.507395855478244,4.719630083251566,25,2
3.433074527331076,9.718394553372812,3.556376083104416,25,2
3.7324811827587823,9.153613078078054,3.7635034006584402,25,2
1.9233316263780884,9.70098480063849,4.246452290250077,25,2
1.5425840511592304,9.941602134983569,4.272169484613728,25,2
2.7090945432329074,9.114851062511454,4.247595632031044,25,2
1.557505061618319,9.819765707705862,4.339207236570025,25,2
1.9642654225818754,8.647245767146678,4.865909176504115,25,2
1.8638256314184352,8.645431309217017,4.9122156374501165,25,2
3.2112299090571392,9.638010612921796,3.7048890716296947,25,2
1.568225968770272,9.153349633484309,4.7377969131256386,25,2
3.5278094883128497,9.540477828733275,3.6214376988254795,25,2
1.2564586113080065,9.577726405917538,4.621227192366067,25,2
1.6125274589583785,9.135615476097406,4.728592133303174,25,2
1.4750596436796388,8.712816220305735,5.046408228945746,25,2
2.0878128042666826,9.95577575336944,4.0181813222792595,25,2
3.289356876243234,8.294334352575062,4.4831188514209055,25,2
3.270920148291521,8.58457351847347,4.3157208800275955,25,2
3.6584671193628173,9.352726610348396,3.6762837886057094,25,2
2.217427941504014,9.22892981752289,4.399837788883775,25,2
1.621906634917568,9.012870332559487,4.7986743637072955,25,2
3.157699531859657,8.424481859681437,4.46359315780157,25,2
3.3923572232886112,9.15054634676133,3.9184500759768404,25,2
1.833101458309163,8.340024172153557,5.110922929101344,25,2
1.658984168526776,9.312564992341162,4.600565466217107,25,2
5.3542743695239166,6.8663933839102445,7.925848437549933,26,2
7.533914592821448,4.592271191318283,8.75560751368412,26,2
3.046391458882348,6.052037734050371,7.849991002731618,26,2
7.371662900742514,6.579203615409094,8.241035171423045,26,2
4.193463775693285,8.111802108295642,7.475404125518612,26,2
5.24681838817465,8.183615202914554,7.584729585125497,26,2
3.929806416110802,5.880828452411243,7.9993333867183,26,2
9.5410713181952,5.813252702596067,8.693848714315596,26,2
6.862208370110193,4.843972002076038,8.61178178028738,26,2
3.8533021055877947,4.7502076078696325,8.27174975467086,26,2
6.910872339154533,5.475105783468236,8.460433385337778,26,2
4.573602270289179,5.7299567212581515,8.114670189772266,26,2
6.8881078918956264,3.266488062373331,9.007886430712828,26,2
7.582643863849164,8.76118175049951,7.722949676064842,26,2
7.928434573112572,7.665763231452745,8.037597797114387,26,2
4.647946061565722,5.142521444256685,8.269988418501587,26,2
7.875437183725162,4.19899135573449,8.894826082134385,26,2
3.906782339989299,4.613665809426351,8.312223412164823,26,2
5.282898571104418,6.3050394336867654,8.057070606969672,26,2
4.339851547184866,4.592791852928642,8.369725887951274,26,2
4.86855395322646,8.542307055786114,7.449690072577956,26,2
3.6032829654668563,7.957930413727556,7.44245900287241,26,2
5.119541786035927,8.054936220401029,7.601414206242667,26,2
7.918282244372051,8.003119961670196,7.952330675014953,26,2
7.547981294089499,3.35675419227206,9.065093608552505,26,2
9.079775114856774,4.348242742964093,9.003094900717498,26,2
7.731712590809772,3.2907670974466936,9.103721571634107,26,2
4.793213073898121,5.121891439421394,8.29267180701191,26,2
6.431990829956432,9.547349879049655,7.388136357222891,26,2
5.362627713781375,6.223799178458662,8.086937878085324,26,2
8.778754330289507,6.944476408999744,8.319976421735104,26,2
7.822495835422182,8.894096482476744,7.718805762352159,26,2
4.853378265489981,4.844509253677346,8.369038432099615,26,2
7.169428469824897,8.566140689484385,7.721632893737156,26,2
3.196150298974653,5.485797290110509,8.009137248020647,26,2
3.844365674500514,8.11006232386246,7.433676417790878,26,2
9.088050553800505,7.1230693813878565,8.312840210064126,26,2
8.376874469886973,7.4890270612427035,8.135784409348668,26,2
6.4928472102251025,5.851909499320757,8.316079954882316,26,2
7.562299832472484,3.6561166791513156,8.992246850429444,26,2
6.515502745874179,7.025125072994855,8.02654915241442,26,2
4.184828298935052,8.486685551817187,7.3809716856444005,26,2
5.90639127387961,5.2396583070792655,8.397774426550093,26,2
4.550453985990432,3.8482171178728986,8.580646260459286,26,2
9.494354869875309,5.7631696344487215,8.700683197897707,26,2
6.621861247507446,6.912722708373049,8.06739547699202,26,2
9.068414384676908,7.797480115226355,8.142462114319358,26,2
4.452984996287484,6.4336959803830425,7.9247902409439925,26,2
6.7783122314535635,7.873144487663616,7.847033727911388,26,2
7.334482887645444,9.321333432912988,7.55343606185076,26,2
6.85343248079394,8.173668297855814,7.781240781808445,26,2
5.293208952745368,5.397934465796329,8.28429030461464,26,2
4.074391579219936,4.724296118579965,8.304906041852114,26,2
5.7786327972348275,3.9737075431083255,8.697713618270143,26,2
6.327584174975929,5.665462748712512,8.342567779845835,26,2
6.062419848600147,8.26722829888928,7.662401658946242,26,2
3.774119645122424,7.199578854094103,7.652008832807049,26,2
3.6022693143175717,4.065946250127249,8.411892692090195,26,2
8.0570653524967,4.346489313110118,8.880017472992385,26,2
5.354203041680398,4.852337099395854,8.427573770002363,26,2
3.1904937229660653,7.943439504972838,7.396215728767236,26,2
2.684838960629052,5.9103110700535115,7.84163215070319,26,2
4.615795381361485,8.167756258548739,7.51247068246647,26,2
5.379195059138625,4.424417885095855,8.537193681536452,26,2
5.978382765909556,7.110965648936878,7.940296070220282,26,2
6.585436304168383,6.734706266432445,8.10734315099845,26,2
7.384797940227158,9.24108372486054,7.579504186639097,26,2
6.0285201097005405,4.526161237800233,8.59026775712555,26,2
6.890019312890821,5.654143542370859,8.413313736048192,26,2
8.639990044681792,6.99296999533345,8.291137109422042,26,2
6.932296881047615,5.725013106557013,8.400764910203879,26,2
7.431040064924529,4.853258910539734,8.678166942552416,26,2
4.393754922620108,8.56286348810928,7.38722692205425,26,2
6.948219887004998,7.9236288744841925,7.854977261473032,26,2
7.8323758898146645,9.348198279883043,7.606874900429889,26,2
7.249053943344686,3.9987288031583,8.869065448087238,26,2
2.8869318674394058,4.9445424576786445,8.10662778095644,26,2
8.006064785714255,5.791601478056747,8.513857277499834,26,2
9.527275746667758,7.328248597430881,8.314772657770018,26,2
5.695071557921375,4.039705605138716,8.67118061541512,26,2
6.55266928638149,8.369421725619643,7.6961518067145365,26,2
5.075401978651037,3.0578192155033324,8.840945921357392,26,2
7.915804924005543,4.137975899633359,8.914901291885457,26,2
5.710335670943031,3.1697126657161836,8.88975337720099,26,2
9.349126897951976,7.447587889053296,8.263528001701477,26,2
4.498583993105936,7.032584876930823,7.7811044061304235,26,2
5.639761178394651,5.367344125338689,8.33376449925755,26,2
7.707457020662782,3.854630389683984,8.960324736710886,26,2
4.903477598653793,4.944332004304986,8.35022154655231,26,2
5.6495562540937,4.652378918508862,8.513056845134297,26,2
4.473234220748779,5.867899701454198,8.06818476152137,26,2
4.954846058672898,4.453612966781863,8.478671431898867,26,2
8.20962824847377,6.61001049729631,8.334563047139948,26,2
7.289766131327948,7.668035188271054,7.959898843188484,26,2
5.24321903809335,4.584864599776007,8.480801779957503,26,2
6.6492030732488026,4.059444632928322,8.781495239564276,26,2
6.579718780462777,6.22164819488338,8.23446368818563,26,2
7.69386435432238,4.214610101981427,8.869006369543243,26,2
7.48281407319968,5.80936314669882,8.446238763388093,26,2
7.470703589763032,8.51319917569388,7.7712069407297,26,2
9.129734876534322,8.312886506830633,8.021471828907057,26,2
7.095249251354803,6.1887844131146625,8.304911997083039,26,2
9.440991518952034,6.80204419315315,8.435437993640203,26,2
7.278612745636757,8.35737903691666,7.7868251462192255,26,2
9.166967070449783,7.344657380251927,8.267169930408912,26,2
8.214471773822616,8.942165356834673,7.754170568113893,26,2
8.561312432268316,7.8130635248001035,8.077336550385422,26,2
5.407002951899199,8.854475028562163,7.43695330521713,26,2
6.548818318147848,3.0322160438576518,9.025270848803075,26,2
5.49816884975755,5.047247291570635,8.396405466088565,26,2
4.153727236266366,7.39046607031451,7.6503015387660955,26,2
4.933611217135665,3.9311643706448556,8.606257250006514,26,2
6.939007679169871,7.478041414846745,7.9648677212121095,26,2
6.379048615177359,5.162504515594783,8.474078238148692,26,2
6.550236475608489,6.8101667241058825,8.084293594743066,26,2
6.255787935469722,2.8812426019311808,9.027491040075308,26,2
7.957440269964355,7.942487865667417,7.972164284465653,26,2
7.100880400462049,5.323067161210972,8.521256228147259,26,2
4.322477039208403,3.9407158086478766,8.530070215270916,26,2
4.390445080841159,6.752312568176832,7.837864661320866,26,2
7.383516733593042,6.201345659127831,8.336597296292346,26,2
8.228048715199549,4.3412316749085855,8.90197716001444,26,2
6.689375791126566,5.77158682328243,8.359824690508022,26,2
5.082953810640766,6.973811237847608,7.866321112991912,26,2
4.322936088589703,6.0732396465647005,7.998879527781642,26,2
7.713369133088177,5.0979277362889,8.65131330376046,26,2
6.401090088824354,9.383733881810851,7.425163814312627,26,2
9.69965373342902,5.9798126968699075,8.671508172736234,26,2
8.194611695947664,5.902403520416461,8.509025800493141,26,2
6.252110795279881,3.132582589282516,8.96443409627477,26,2
3.5376708927899516,5.023767396539149,8.165482325015228,26,2
4.919620281725804,8.126894255456891,7.559343469178642,26,2
6.6117540479188275,3.254745547395511,8.977436000848703,26,2
5.031117901293009,8.990633615279553,7.357637785025348,26,2
7.99035383845385,3.72779212188551,9.026088082638507,26,2
5.149574774592637,3.0385388512400606,8.854706934436336,26,2
6.359035510443555,5.355370963585292,8.423615077697141,26,2
5.9458585384468705,7.40805372662777,7.862358631075945,26,2
4.837198503576129,7.341351587093347,7.745080628852675,26,2
5.612611076984289,2.9411677753086325,8.934885250385138,26,2
7.951584209323863,6.460314321802355,8.340690405386948,26,2
4.980123416009037,6.7111475635786535,7.919335890820771,26,2
5.141404007786446,6.6986982465911185,7.941915322561554,26,2
3.296506161555054,8.13576261251866,7.361108222443047,26,2
4.486737168468968,8.910882845581984,7.3117592889546215,26,2
6.673801930950264,4.708878754146285,8.62268155380484,26,2
9.034140538155729,5.688045666189862,8.663816996946187,26,2
7.169964051733409,3.6002511501577943,8.958780858536615,26,2
7.782892242104772,4.04227393161816,8.922690128077138,26,2
5.472416173780121,4.372798381602663,8.561311391293497,26,2
6.1959286839043495,5.26485502965918,8.426465395625291,26,2
6.397759198061464,5.490922325698269,8.394523763765113,26,2
6.306253451047878,3.3568722704413454,8.915098806539017,26,2
4.420962544058023,3.38326187688168,8.680835238697357,26,2
4.646934816945084,3.712426230782402,8.626126102177771,26,2
8.833879130107618,4.4696167439325025,8.94316143957962,26,2
8.93370101704999,7.572444365839855,8.1822526125566,26,2
6.392995003232169,5.139902138220336,8.481393182169876,26,2
4.346547234320129,6.813218026040095,7.817390517531793,26,2
8.557716459078195,6.582624076781134,8.383424596855047,26,2
5.663178163548266,7.288100810384105,7.858101094832495,26,2
5.665255256322103,6.09465242057231,8.155659216235717,26,2
5.363561938744169,7.324395295760808,7.812874438785924,26,2
5.10157878960344,4.762670326232741,8.41940139071767,26,2
9.582445925613676,6.908707388990823,8.425950135851737,26,2
4.60164485141496,8.516988089852,7.4237624119811025,26,2
6.12665127169835,6.72181721735743,8.055145845279448,26,2
6.123185654938033,8.342614737453328,7.650960459789577,26,2
9.464324926506576,5.1254692315486,8.85591790433554,26,2
5.139750413777351,4.791530660513192,8.416821861290474,26,2
5.340787694584779,2.9592691670738733,8.897547372214369,26,2
7.05269862028914,5.977093258834595,8.352508777013925,26,2
6.371832979127158,8.491423066121632,7.643919422766057,26,2
2.625989490021573,6.469167904993442,7.695304546429448,26,2
5.103290447536436,9.55684885640163,7.2253008139980945,26,2
6.1738405461711405,5.80454205301252,8.289353023875579,26,2
6.310746921163767,5.2890359970839675,8.434308301733514,26,2
5.6663674343673875,5.487795830710547,8.306971312764666,26,2
7.829739270906732,6.880497088400334,8.221300691267215,26,2
3.8774037697445736,5.676911402662729,8.043803668577603,26,2
7.910776467887896,6.058001458593338,8.435984622959397,26,2
5.1374349745691195,8.190545956727943,7.569792618847977,26,2
4.22810553081417,4.986192814993267,8.258227616250268,26,2
6.897226698816668,8.434514824575352,7.721548794674521,26,2
5.822550798247296,6.529336473810198,8.066369223777768,26,2
6.331307830575666,8.457765926423114,7.647409675120603,26,2
5.551667541600705,7.741978024936627,7.731565640912508,26,2
6.641748789756515,7.954310934524745,7.810320877698534,26,2
3.9991225907662997,7.741489172638005,7.544184173570509,26,2
4.710740267123175,5.589047917176047,8.166335215898568,26,2
2.8895372474451264,5.100230001594587,8.068158155225616,26,2
7.142181862589751,4.9926537275480865,8.608555591826299,26,2
7.32714438704146,3.677637638185374,8.958485546131113,26,2
9.4479635813831,7.584479219114289,8.241362819335688,26,2
7.737389253590605,9.333717203754507,7.599010687794816,26,2
4.11855612695394,4.667399221500566,8.324413798329823,26,2
3.0238898798393117,6.493979975260715,7.737178502815473,26,2
7.663006588408166,3.311176990219808,9.090339407849603,26,2
6.49897156400342,6.067778531018929,8.263043140523646,26,2
4.759087814380982,3.8747911601857554,8.599223266606787,26,2
6.477777131526613,2.83842188787245,9.064968349089973,26,2
8.095894937789447,8.88913706571335,7.753060064442231,26,2
4.184432061623278,5.943599899143351,8.014447537539866,26,2
8.705974072047464,6.347225681237381,8.459971439382059,26,2
5.65229674837343,6.666139326831338,8.01172757956698,26,2
7.591335494683479,9.478819642097555,7.5452241893111145,26,2
7.974977721907428,5.817643610231841,8.503615329158684,26,2
6.112509952738438,6.826337429565992,8.027400303548642,26,2
8.441138556645809,4.036598922075298,9.003601287284457,26,2
7.336498807607924,8.580823272113303,7.738152567667285,26,2
4.715613599101497,5.6062901510879115,8.162628456794264,26,2
6.099781596701987,3.216743431574119,8.925071239026206,26,2
6.457438001654127,5.054628706285657,8.510419051518733,26,2
3.731477037767399,4.392104075557209,8.34624612648278,26,2
6.922433097772442,6.8492031056627,8.119519761804048,26,2
5.941035023373492,3.80015640612447,8.760561576625784,26,2
8.485706728403517,8.461731022064738,7.9066119835784665,26,2
5.186155707912265,3.7325065262042108,8.686246314989782,26,2
4.690261706906522,6.184474179029436,8.015531690827205,26,2
4.468758770407462,9.083030595465127,7.266703225464974,26,2
7.090964635990918,4.0751846665458595,8.830926368295367,26,2
4.565980264676801,8.626598378693814,7.3921494517109885,26,2
4.152268785988516,7.692105406766306,7.574982169389273,26,2
4.531659094139069,8.795140203067742,7.346017940661304,26,2
5.364222857830536,5.468111856922536,8.27538444199145,26,2
3.8790370050208294,8.44571613984684,7.354246941592974,26,2
6.585636126548956,3.630591843362669,8.880652317080015,26,2
4.418815008888389,5.9062994098136565,8.052046481874127,26,2
5.685326857641323,6.697930331972523,8.007797024013566,26,2
7.7060293255551695,7.4138778437248725,8.073486290280973,26,2
5.443177829678727,5.430416930325633,8.29431037069712,26,2
8.630072555735122,4.428861183745227,8.928700273474812,26,2
5.793862491124032,5.369342090276925,8.351877827147831,26,2
7.1235737519399365,8.633030234951335,7.699431682712054,26,2
6.621777827367839,5.828277561669765,8.337538201693095,26,2
6.830700965324752,3.773332610471374,8.874690145341173,26,2
3.9790456916614545,8.895964015374759,7.254161127780437,26,2
4.434013221551595,4.271782070365356,8.461066659638748,26,2
6.804526975950533,8.774567723602521,7.6256406372733885,26,2
6.630172171452699,4.948044309554229,8.557832318158141,26,2
6.757310232968831,4.163391068702518,8.768656772134763,26,2
5.5064346083003155,2.978294012627103,8.91281340920381,26,2
7.384958911784769,5.5740981600365505,8.493028952243591,26,2
7.074402163231713,5.021309705575819,8.59323106608057,26,2
7.184292965303041,6.86973035237193,8.146031313232527,26,2
6.022293771539926,7.8159427226916005,7.769978095875597,26,2
7.054647216625448,7.689746341986756,7.926094570195802,26,2
3.327827643035095,5.2414264141403715,8.085916855675125,26,2
5.112645909539498,8.96740330775172,7.373271093096473,26,2
3.6274932769329817,5.533047672387141,8.049460371465006,26,2
8.017638337988654,8.615049824914815,7.811888452284634,26,2
8.42379360999935,6.401329748913623,8.412413872726527,26,2
4.412512263251674,5.62453885864267,8.121476393200181,26,2
6.472905783749113,4.700394580231193,8.600532560985746,26,2
5.847427175418481,4.053896736603253,8.68604559830228,26,2
6.41612507232959,7.489232234003555,7.8989305685142766,26,2
5.260664662808601,5.073236894954195,8.36124728917982,26,2
4.3354385539345,6.190381803650109,7.971207466667337,26,2
3.2239806490152256,7.040123972638386,7.625290483832541,26,2
6.879438353806761,6.6588852525820466,8.16173847103437,26,2
5.766628868155721,8.329251218696903,7.611227615038427,26,2
6.529213067305608,6.016888978110566,8.279372863000882,26,2
6.686737875041593,9.16739757590915,7.51355480559585,26,2
3.129505240652812,4.907415151839459,8.14517275286098,26,2
7.489264908159013,4.387579560488085,8.801207093343173,26,2
3.582972789901537,7.134076805417072,7.645241350440958,26,2
6.807327518456431,7.112475549895827,8.040032865829417,26,2
5.673325094879092,3.7953963411513385,8.729415644706307,26,2
8.17155463019991,7.121808096062207,8.202467790319336,26,2
5.027816693052537,5.959873118833573,8.112250478474818,26,2
7.271475884412773,7.817470026592332,7.9204632703079785,26,2
4.457635649168939,7.089071097911157,7.762087381594487,26,2
5.677169745669759,3.0488921638839175,8.9158462154691,26,2
7.189301871469602,8.965841226466194,7.624461176310584,26,2
9.024918631554787,5.812940617678519,8.631589903633554,26,2
7.859662968707888,6.0121163294815,8.441242293518062,26,2
3.1249507360230986,7.909330132754264,7.396797196616096,26,2
7.602858564519063,7.6976529651539805,7.990333232717084,26,2
8.040510632616567,5.856788490545767,8.501778217999155,26,2
4.049198189027694,8.319454614546569,7.406251355275488,26,2
5.467916838159988,6.3523502027857415,8.067629671816494,26,2
2.9638915826386976,7.612763998723843,7.451225247679127,26,2
4.715983184673503,5.1897324680020915,8.266444338341543,26,2
4.868757987327225,3.512654638169514,8.702682358569074,26,2
9.112232090327204,6.815450888782709,8.392393385974342,26,2
7.880644816731934,3.952779661503419,8.95679032527652,26,2
3.3542689943279,6.862735453928439,7.685215953029086,26,2
8.971364145335771,7.672490419257064,8.161878159033531,26,2
5.829869366208526,4.224222816379436,8.641494137419972,26,2
6.594126478068155,4.3600355024672846,8.699961514167759,26,2
8.030348482183648,5.403552030286006,8.613459441289402,26,2
5.23132649707393,3.786449786747523,8.678263523500435,26,2
4.291513933808592,8.522683628101056,7.384888572159563,26,2
7.16429926004855,9.6191012006124,7.458703962869633,26,2
7.096580640527946,8.026412981769635,7.847289837451674,26,2
8.73678750616818,6.658498131924923,8.386149830932148,26,2
4.353732679379968,7.262535577094676,7.706326056514513,26,2
7.231081833344751,8.922781086030714,7.640233983137037,26,2
4.764190700055908,5.012931022819105,8.316310529610023,26,2
8.467390753318607,5.599436494178767,8.617443727038617,26,2
2.0398706400895663,3.70122777065986,7.8485052633685335,27,2
3.0775923864983787,3.408352286538934,8.426667720559056,27,2
3.1250003923335146,3.591019962823974,8.30427863081369,27,2
2.163053323681924,2.5278467271661755,8.781357397419974,27,2
2.702133822750829,4.366104466773546,7.570967067177225,27,2
3.9720053487494185,3.608471426886156,8.581496887588742,27,2
3.736356948400752,3.525540464872235,8.563631290966194,27,2
1.4857219537992714,2.8313322379080144,8.3187307834261,27,2
1.4642017199527348,2.8506716338070683,8.296672019718011,27,2
2.5950236907852755,3.4542257713857594,8.226361565085753,27,2
3.79337080111957,3.507136820867593,8.59715166477902,27,2
3.109799001136017,3.2625201157295827,8.548400567809445,27,2
2.548621503377946,2.1112306558262146,9.229796747960965,27,2
2.6438171870909324,4.4024974547929885,7.523345820853495,27,2
2.5487347092329014,4.073181672629453,7.740693374539889,27,2
1.524177329677685,2.278132830871354,8.751802693666157,27,2
1.4564179309201315,3.72914274711802,7.6272335734817895,27,2
2.8034111432663935,4.267310461555331,7.680683908431338,27,2
1.6941953478372662,2.3520406557419613,8.754010268597712,27,2
2.7876235675020498,4.405893048908954,7.570084168540004,27,2
2.8857789501264652,2.7924340368034826,8.828377642008451,27,2
3.600160607408239,4.0394225290417065,8.126883282524144,27,2
1.2498546238177095,2.6477229163665474,8.377206080752924,27,2
1.3628834648751749,3.4142644483373563,7.834153780966501,27,2
3.513207859973856,2.894243697373711,8.966267713933457,27,2
2.0104649069496885,2.159804222239651,9.008378396535917,27,2
1.467527464620972,3.371056555634701,7.902834695352072,27,2
2.5028493242480487,3.59005410045458,8.09165695209181,27,2
1.680266743938935,2.628616757686914,8.539309446588565,27,2
3.1339180925174848,2.79957684229996,8.90805073553,27,2
1.902650971429528,2.815938069857,8.47339293648137,27,2
1.4769436015870272,3.4754547785573404,7.8268243904561805,27,2
3.05819276920972,2.40539011028567,9.18127421182675,27,2
2.6018069676158553,3.3932702461835493,8.274953667478936,27,2
2.1439510558670705,3.032096084100301,8.392075885774467,27,2
2.5076517202357644,2.119583393282201,9.209407127722178,27,2
3.0878915493690062,2.8410019745152972,8.860824688500452,27,2
2.469461135314199,2.7580663583527247,8.711694872838669,27,2
2.353301044698306,3.8426483014873645,7.848650486934891,27,2
1.5605999638573351,2.3102395763674086,8.739923768036626,27,2
3.6480208427162375,2.866819134564526,9.033314783201984,27,2
2.4140449105125663,2.925777037352499,8.565396708776474,27,2
2.9884281950521663,2.926744867155674,8.76163584879567,27,2
1.549303174033062,2.613925562232455,8.505548778968258,27,2
3.3484899019361825,3.658815669798376,8.329462392465,27,2
3.34281411621749,2.9580390021302425,8.859413115591789,27,2
1.429796842313274,2.52679662639671,8.53069818557064,27,2
1.6440385845777492,3.1930680620453535,8.098461004900129,27,2
2.9242843730343417,3.584263789472609,8.240574929987357,27,2
1.7581496076446153,3.478669606375089,7.920818508650118,27,2
2.9551771670631517,3.755860542428481,8.120925216452582,27,2
3.236124461698104,2.851743206994253,8.90350561088685,27,2
2.259000549997413,2.4471442024935626,8.875514754252805,27,2
2.516530098202343,3.1849845782399258,8.40380069136266,27,2
2.3410058251332813,3.0931658948723193,8.413299388614396,27,2
1.3214000892790696,3.2522680332606413,7.9428848965956655,27,2
3.1831459601017293,3.6288180382338013,8.29552938730589,27,2
3.6449407445066213,2.814154290468757,9.072231712981385,27,2
2.020536496486143,2.1660740284661113,9.007073403811336,27,2
2.308997397201459,2.067165618531252,9.181068098994569,27,2
1.4230763981958932,2.8661846419131196,8.270794337066642,27,2
2.8350580825767464,3.4790947860625705,8.289800903924561,27,2
2.5253334463763486,3.7989877685460445,7.94078452043338,27,2
3.3553970679650895,3.140024701911339,8.7255990689286,27,2
2.8466065408487564,4.169431023499916,7.76978850152183,27,2
1.9809290144284524,4.100575521468656,7.525183069731245,27,2
1.97457014005691,2.903624233947047,8.43150148248557,27,2
1.7671219318951386,2.7816210355293425,8.45296285410498,27,2
3.6143854473562733,3.6387965432787635,8.435840906220221,27,2
2.914301070730644,4.010586490472182,7.913567773489106,27,2
3.21576859515391,2.475320250627306,9.18223408141277,27,2
1.5579979232162493,2.2335257705179137,8.797258062452048,27,2
1.8220916486133887,3.1389028839139304,8.200632849241961,27,2
3.0892189360380833,2.39505900043452,9.199755465724152,27,2
2.930732454263046,3.810512360809391,8.071061045409161,27,2
2.3762490011165265,2.7704269753961848,8.670347715806596,27,2
1.4049089904992897,3.4487074302758027,7.822423030609289,27,2
3.274883719747008,3.7196700707776706,8.258031410424225,27,2
2.7582933530342957,3.712168786312595,8.086570206633073,27,2
3.007746773288751,2.3610240847537463,9.197649021550673,27,2
3.2069140428201774,3.3879961860597634,8.48646660481809,27,2
2.130136246331188,3.7301773199555015,7.857487098855755,27,2
3.2164165686238144,3.070902012666804,8.730403245848516,27,2
1.6268015407358891,2.5598859716858406,8.573141995694881,27,2
3.292447354854878,2.329158451052208,9.319467989864053,27,2
2.9096892379188892,2.7030475517061885,8.904422532679632,27,2
2.2380873013343034,4.027819998364721,7.6685928077362115,27,2
3.284323343525206,4.236610417337912,7.868905193815818,27,2
1.815866411924542,2.763656110329443,8.483314412770602,27,2
3.040451040112446,2.252516291716254,9.291222919735906,27,2
2.4621558624223567,3.035551334433604,8.498575549822522,27,2
2.138812326540847,3.472648949614461,8.055929232792424,27,2
1.7300199754541485,3.0563129873354735,8.2317452656817,27,2
2.733383737100323,2.214957209598091,9.214427828812488,27,2
2.0497523633090964,2.4923866976365714,8.769417554368985,27,2
2.2180863676871985,4.195434916528321,7.534512322189708,27,2
1.4291834970270771,3.1623523933547375,8.048094099716359,27,2
3.6259742697822466,3.351284543631375,8.658039810531292,27,2
1.76812699800269,3.4642524554425305,7.935182837970505,27,2
2.2209452032042583,3.7762260619847843,7.853676792460039,27,2
1.9463666808143574,3.9795341622919485,7.605202290402702,27,2
1.3768597359530184,3.0105922283986364,8.145338287659976,27,2
1.751700551301627,2.9099099865292652,8.350301675956603,27,2
3.7112682599117925,2.70677487667232,9.17647960739071,27,2
2.855734926382776,4.3218043251791505,7.657265910374535,27,2
2.4205067793539796,3.7173232895460626,7.9668204542867835,27,2
1.6211103635336555,2.229548893318607,8.821919756768658,27,2
3.189448569825214,2.5022930663893965,9.152735472419641,27,2
2.3497133828179955,4.181392515107164,7.590309618679719,27,2
2.518424881727491,3.5640714549991714,8.116719401816226,27,2
2.212379289232812,2.488367153686204,8.828238217819557,27,2
2.621786767726266,3.4075876184959712,8.270938315247218,27,2
2.96182950411354,2.8063821436054806,8.8438709561828,27,2
1.1817675754983388,2.9633007063024652,8.114329952672788,27,2
2.41491959189058,2.140419554004327,9.161791549508429,27,2
3.0676374315688144,4.085218255971324,7.909505215096674,27,2
2.48297493722646,2.3183873234780226,9.050050349393594,27,2
1.675636243451684,2.835987974236598,8.380324492780343,27,2
1.7924210954388653,2.754241375737494,8.482420177175158,27,2
3.288160613256741,4.223978793786526,7.879808651773019,27,2
1.805064830005096,2.6425366276363964,8.571541224212957,27,2
1.3693743055497467,2.968545268553579,8.174685403420472,27,2
3.2190715567422536,4.01955236205779,8.011277773352584,27,2
1.867351497460489,2.3434163490346167,8.819936792510296,27,2
1.6025040446961007,3.590207408322406,7.782784440640356,27,2
2.2723818763128194,4.13238955666625,7.600984040682713,27,2
2.007736978559885,3.9213598536070875,7.670402991253606,27,2
3.131205553128635,2.5133319715382907,9.124383497413186,27,2
3.7972725987995317,3.722402094562389,8.435101023645913,27,2
3.206821485508361,4.027874325863495,8.000760385135576,27,2
2.7255804756793562,3.0973545610689692,8.542002647358345,27,2
3.174701595720643,3.547550513204192,8.35431649128959,27,2
3.4120560726448605,3.6902804863312078,8.327379053275212,27,2
3.7329453714919096,3.9074940153674054,8.272554450265655,27,2
2.041181309376001,2.1674892163985007,9.013079003460934,27,2
2.9461133828515647,2.724622428150909,8.900537928477759,27,2
2.3130043274810688,2.776671912770158,8.64391919222843,27,2
3.8074008522893363,3.4256279718784146,8.663829106133472,27,2
3.5608370972442374,2.683306313791347,9.142705019629494,27,2
3.8955282423113204,3.436230893554853,8.686002971600065,27,2
2.834728335482777,4.3176151589898355,7.653241725610266,27,2
1.4438813972576605,2.841009737637197,8.297037039150155,27,2
2.782828026299185,2.1321315021028857,9.294249413967483,27,2
3.33774562490324,4.074666720377605,8.010142371022312,27,2
1.712334137096762,3.520609222835654,7.873274345774639,27,2
3.4045792170328744,3.669684307228201,8.340447733328478,27,2
3.1259207981002,3.9882487457747393,8.003093292662278,27,2
3.6440114399251415,3.7036223307919074,8.39679709334745,27,2
2.864158722494738,2.339683690440061,9.164605844660052,27,2
3.1742614791087362,3.874578509968587,8.105947749558087,27,2
2.259932223735815,2.849497229567626,8.570443923123257,27,2
1.3784583027361326,3.2314610066173275,7.978244676678178,27,2
2.3376919582505113,2.6772057907898463,8.727881211969208,27,2
2.190315234773573,3.6241780656582203,7.958578917748591,27,2
2.3285712748876994,2.928622653729195,8.533925310603115,27,2
3.3380417811935152,4.01065271814845,8.05883125720198,27,2
2.4894543530838655,3.155779925952518,8.416682233004362,27,2
1.9976721683729486,2.8038398065905215,8.515161347517727,27,2
2.005005670567296,2.7243970590740485,8.57797414228446,27,2
3.387096728866166,3.321057294197619,8.599064150070074,27,2
3.424827541841084,3.586133238486263,8.410807679429364,27,2
2.729276793653203,3.8130044124117504,8.000084195288474,27,2
2.129733887469723,2.575301511006937,8.733912437779345,27,2
1.4862263627877355,2.7118031154447464,8.409627666913279,27,2
1.55798501476339,2.7213229840013224,8.42701023666129,27,2
3.092158797300786,3.9377176118908053,8.029868942991978,27,2
1.371657434813082,3.241813344980426,7.968054911837868,27,2
2.4474993431907843,2.575653208449199,8.842617065337873,27,2
3.73103003515825,3.3718108606508506,8.678486972545997,27,2
2.3238527258279387,4.148898413425228,7.606104579420845,27,2
2.4079048604303726,3.9416116008425925,7.792261596173975,27,2
1.6870759161898996,3.5041273882586794,7.877122415248623,27,2
3.572843813737527,3.735653362769492,8.348079618400385,27,2
3.7952523991437053,2.918465086779304,9.044605181888883,27,2
1.8951357760891816,3.082011538230285,8.268863083253603,27,2
2.882603833082666,4.0234788412014835,7.892912378993581,27,2
1.8441624449210257,3.6940475524613214,7.786840754459131,27,2
2.6642539812176733,3.6172486448777446,8.12636662872112,27,2
3.2222538521947186,3.074603753746887,8.729595368510248,27,2
2.219287003890471,2.310786750672956,8.965392546546427,27,2
2.2932503377261417,3.574781637982212,8.031370964210284,27,2
1.968518920446761,2.6452910774262843,8.625504012829152,27,2
2.272990444994727,4.205099856551613,7.54600482792545,27,2
3.7491957919366605,3.7123475588295793,8.426245506781052,27,2
2.304330552158003,3.081794994077242,8.40935294458962,27,2
3.079433088588162,2.4250556237834875,9.173631833084766,27,2
2.344208360525233,2.65666718055515,8.745704916089707,27,2
1.9693668580483572,3.435357198469797,8.026126003937742,27,2
3.0219662870694037,4.011681744119272,7.949658185455283,27,2
3.5091650533554644,3.587635464927212,8.438589405560824,27,2
3.805208832926046,4.016783665360605,8.214383783737647,27,2
1.8213344663765207,3.221096641757551,8.137987230493104,27,2
1.4425604556155287,3.2946659983798545,7.952254003520144,27,2
1.574592177632548,3.671427201165537,7.711565893478814,27,2
2.5203174548458915,3.273852697364807,8.337647622156533,27,2
2.441200136960348,2.33996710781482,9.01934519129106,27,2
1.7437603545622595,3.121249832997149,8.187169491941516,27,2
2.2728560090002032,2.517906378251574,8.826556955951677,27,2
2.6800416844858113,2.699877391000993,8.828075494332467,27,2
3.5635753198729194,3.3195882174162428,8.660699144083177,27,2
2.0647282121784025,4.200791630184232,7.477855279446624,27,2
3.2728902158565942,2.5818521503638863,9.120963973444933,27,2
2.8023204582429515,3.2013682647096697,8.489371618670015,27,2
3.1466672545467382,3.447960318251965,8.420292694456492,27,2
1.8441355682108416,2.352910858884708,8.804768898340512,27,2
2.7036477126598393,3.06908194890886,8.555940447481724,27,2
3.3114378754949465,3.8031180522504844,8.207229030178071,27,2
1.7983216165390827,2.646030130182182,8.566577161968462,27,2
3.4134188474604477,4.1992887131437975,7.941503601492951,27,2
3.709904920500353,3.299529528623588,8.726104837997031,27,2
3.0647244963864946,2.702117519424371,8.95829480633617,27,2
2.8188415610293456,3.488316364062532,8.277240480657134,27,2
1.2215671268980601,2.7829915975715442,8.264835023461224,27,2
2.1982242571423383,4.022463826563307,7.658987933869076,27,2
3.2451186059996058,2.4430394387112315,9.216800592743713,27,2
3.350877373478527,3.0690852095734096,8.777892973869061,27,2
2.360475880204071,2.768800229912635,8.666173343989866,27,2
1.827071584397577,2.7498848708422936,8.497609532600448,27,2
1.8784700713323765,2.9505999725448704,8.362890709328893,27,2
3.2564643975501615,3.286451654510765,8.580532354492355,27,2
1.373065343450656,3.4018301955559305,7.847083194301544,27,2
1.702453953254044,2.8165743137844803,8.404256291890883,27,2
3.3096676399132967,3.036647944674525,8.788381123386442,27,2
3.3649735665577993,3.9587007294302254,8.107499121964732,27,2
1.1740838676552046,2.7789021599253614,8.251655477939737,27,2
3.1295056947513915,3.064689196901579,8.705314423055874,27,2
1.2842376835838873,3.3715496464148176,7.839604718332923,27,2
2.837668180331914,2.3825746527983043,9.122966713510028,27,2
2.2114746361473867,3.907669493175182,7.750662046875215,27,2
2.2596071401986495,3.887822588474075,7.782232183057692,27,2
2.0065532722080324,3.551457529641598,7.950756955454662,27,2
3.938142103535138,3.468685478791307,8.675983194413535,27,2
1.4169518672309387,2.639908555816195,8.440440061006266,27,2
2.481234884558917,3.3820297001301642,8.242137480525486,27,2
1.9613437557543112,2.8188146348166416,8.491337157264269,27,2
3.4398589831739264,3.578163919448114,8.422011223967544,27,2
1.629558767820035,3.176977339979362,8.105708462739866,27,2
2.838581590004985,3.1844765428763226,8.514627679374316,27,2
1.1931225657588258,2.9110951194607937,8.157848537984908,27,2
1.3940876645965101,2.819842085105377,8.296027712222035,27,2
2.3585409077786217,3.923029048343696,7.7894375349718565,27,2
1.8858403345313253,3.4390262302893033,7.994697349233682,27,2
2.8732678227914907,2.17349642654533,9.293867579671797,27,2
3.5733372014511358,4.242933143576077,7.963217936330583,27,2
3.5839759836531435,4.102095898956501,8.073763305627109,27,2
2.953473289713886,3.427535623802965,8.369543094388343,27,2
2.630318095369354,2.346389425996246,9.079324959243971,27,2
1.9230868892857345,2.6541261699664616,8.603218037434186,27,2
2.3062883186148935,2.5193223382564205,8.836947196385832,27,2
1.466149148485958,2.8144706014360854,8.324816830933395,27,2
1.9311734460574113,2.6550023469321173,8.605326139153803,27,2
1.953648546108345,3.0792213524421306,8.29104669713326,27,2
3.2401308896432486,3.2761876095274958,8.582721613116352,27,2
2.1689304963330693,2.898237185626455,8.50224246808773,27,2
3.4204696442964284,3.8836282377246216,8.183511276706119,27,2
1.7508844360423286,2.6348042453116802,8.558830059456904,27,2
3.003832714980901,4.350736064751391,7.6860937016177235,27,2
3.312630244665423,2.332119007595447,9.324142230240335,27,2
3.446525588453736,3.216911853699976,8.698491661786873,27,2
2.086463485303811,2.6506351380458395,8.661894639480195,27,2
2.335272125603322,4.190586187329632,7.578379169062856,27,2
3.9390149728467825,3.5264303307078455,8.63245355653071,27,2
3.6825322087175465,3.8068557036554056,8.331651797727153,27,2
1.8664478968081988,4.061632354222478,7.515482253854373,27,2
3.4780026199602183,3.0040423523286757,8.870856376692004,27,2
3.8664265435589167,2.9367477444451864,9.055136253581662,27,2
2.8092278104282,2.785710870272864,8.807228853189107,27,2
2.3825347074358185,2.3719660324903487,8.974939474746574,27,2
2.0106152942387725,2.673206334953913,8.61875217243325,27,2
2.2561131238730727,2.7849764918078534,8.61810617890518,27,2
2.5057834484686765,4.245027616896612,7.595531119485792,27,2
3.1597827959694214,2.431245047569187,9.19648838440978,27,2
1.3817327823719312,3.1009810789734247,8.078403283206447,27,2
3.4294698342649754,2.790537604979347,9.016265417628555,27,2
2.4007024259540457,2.1097741754743513,9.18017622122507,27,2
2.299903718113409,3.4649679341374084,8.117002410958541,27,2
2.2851001767152894,3.36949803663539,8.184388512551081,27,2
2.962719624261797,2.906484194774217,8.768197658472927,27,2
1.3077651724357782,2.824828999998216,8.26263994607589,27,2
1.342188011347628,2.9138061141097125,8.206909999682738,27,2
1.582618221473367,2.319517859999096,8.740432188922531,27,2
1.6841179571322016,2.7188196294443756,8.472165183972796,27,2
2.9456604180578077,2.5481410104598567,9.034333911499132,27,2
3.578291906656397,3.27931654600235,8.696312552645324,27,2
3.060985641337947,2.268689007930833,9.285989599674249,27,2
2.26409585434513,3.2642098268195743,8.257100381218551,27,2
1.8377210328150555,3.2454368597322634,8.125132198629132,27,2
2.6559420375560974,3.06874121841546,8.539839319138384,27,2
1.7938620607109685,3.8302756061174295,7.6661926254361115,27,2
2.285513971353243,3.5663918416021434,8.035085872561591,27,2
3.0280433080302673,3.6569860717372586,8.220960062647892,27,2
2.277829444543694,3.6701147662803746,7.953723781660717,27,2
3.2786989677868847,3.179263536425341,8.669514223328951,27,2
2.8180715599780437,4.274676235188921,7.68012071479228,27,2
2.247213239705094,2.0928464443260353,9.140388380374803,27,2
3.4124511837578595,3.938757684885783,8.138917648447768,27,2
3.897737725860634,2.9962755648078137,9.020691558996685,27,2
3.6169818998737178,3.46953707141399,8.565201092876727,27,2
1.9388209994356802,2.4398622357405104,8.771242409065058,27,2
1.6318393599604875,2.385336135558716,8.707354846357555,27,2
6.651703681918934,6.027577421308273,6.1541900304972685,28,2
6.768407386012635,5.144676548476801,7.1653903862841375,28,2
7.64670339629904,4.400807561394796,7.9725064533679735,28,2
6.9193519629538285,8.896757413821934,2.830875337613334,28,2
7.036356261287936,6.16213943593105,5.9769334548274955,28,2
5.097592467073376,6.296684660523893,5.933294471508017,28,2
4.541593871944765,5.321978068512145,7.089020049344276,28,2
6.699072019701463,6.743859785309471,5.325652619486192,28,2
7.47900682569534,7.082862909183825,4.889963499981925,28,2
7.700565083621668,4.748716269113781,7.568299704822009,28,2
7.7372038638981016,7.590288640168828,4.290097516491091,28,2
5.552704433820755,5.430565592635293,6.905688072599022,28,2
4.831464911036949,4.929584112305295,7.524749673999738,28,2
6.66596315171228,5.26778871684768,7.029342969064002,28,2
6.0155951863474435,7.238600376527419,4.794558516317107,28,2
7.576558716307147,5.045430331144081,7.233343654068049,28,2
8.258223395958154,8.250695763852335,3.498744277951703,28,2
4.026950074518378,7.547514299596518,4.552755212576753,28,2
5.765959876139277,4.204286890957631,8.307222564238218,28,2
8.610761862695263,6.743511834843599,5.216130135747604,28,2
8.338682752743045,6.669666389332759,5.316912520859962,28,2
5.768965073854105,6.193457405499575,6.01370242517117,28,2
4.7191981626224475,6.620702916192051,5.581486470457427,28,2
4.1361138527298955,6.790743314150682,5.418971902368845,28,2
7.075444148923931,4.524552530732435,7.86268669464059,28,2
6.322040049218214,7.266380291185173,4.744909780559145,28,2
8.10491946123301,8.379789413874274,3.3587251843830974,28,2
9.681503801183176,6.159243416490615,5.828174297931972,28,2
7.876734396787005,7.657093174050686,4.205054359461329,28,2
4.280609521430589,6.313994102726,5.960315281440208,28,2
8.317228694372892,8.022460231423072,3.7584879195071155,28,2
9.589178844088238,4.9489646090620525,7.228833357691366,28,2
4.165524720033963,7.467538055268655,4.636992988371133,28,2
3.6957885944129614,7.122104002593988,5.062259767697607,28,2
4.700130438759857,6.323392984857934,5.925356379389617,28,2
9.525074451904137,5.839315204803676,6.206019593041848,28,2
4.7575598081135695,4.732427851794894,7.756303963468638,28,2
8.806033422826172,6.025086886184471,6.0331857863649985,28,2
6.945795283843058,6.441154543977872,5.660459682911447,28,2
5.734010469787729,5.268425026476624,7.082197355802014,28,2
3.5788168043794464,6.228945706182017,6.098722596781789,28,2
9.2855469863775,6.41026008314208,5.56154088506019,28,2
8.992732221289335,8.467332502498957,3.2067454015365167,28,2
5.893391101520256,5.254387720505692,7.089216686929003,28,2
6.1873313161241965,5.738142350564682,6.51458624401806,28,2
5.351019982857446,7.871782379327718,4.102766178951944,28,2
5.8583748899946,5.369675547714176,6.958312917714306,28,2
7.455130692905757,4.8660590693110715,7.447125931234986,28,2
6.239591257931513,4.432168366280379,8.017260100696141,28,2
6.999466007113349,8.077040934732672,3.7713333023896745,28,2
7.861214076919985,7.6289068031708265,4.2384433194918865,28,2
6.462625752739704,6.450336328192505,5.677656474155039,28,2
8.739498692536529,5.377910526827169,6.783151832629944,28,2
5.8852680790471235,6.4879508784590225,5.667488553601301,28,2
7.090776788578238,4.597838129323488,7.777312886448005,28,2
7.053389335636186,7.020656639077379,4.9861554640841685,28,2
6.472454219300836,7.681917365561163,4.257181335709716,28,2
4.29015525770667,7.577575209480201,4.502962994937954,28,2
3.385756142786349,6.09487477104287,6.264396315698386,28,2
4.248149394244147,6.77059253827258,5.435761932534324,28,2
7.197562689136382,6.424539502349751,5.665138617000364,28,2
7.084817146000999,7.892504510383943,3.9791806187680407,28,2
6.954638471711905,6.9474708567608205,5.07621080473872,28,2
6.134230075025445,6.047046263875211,6.161499214143487,28,2
6.760619923336408,8.66977159439849,3.101698229531745,28,2
3.5178013728677007,5.684498736936885,6.729932878973048,28,2
7.3267560523725,7.536886246587609,4.375267078609642,28,2
7.2804042844914765,8.246452423421967,3.5598618484426012,28,2
9.418426550600401,6.363631886012572,5.607658621411132,28,2
6.570893554755931,5.525109373983591,6.738140334813295,28,2
9.144235055948728,6.298247377459511,5.69880771717171,28,2
7.458153089161858,8.000947223727824,3.832688129600451,28,2
6.800376624749656,8.387797921512758,3.4245042645005213,28,2
5.352976028765926,4.696076910131868,7.763976668532656,28,2
3.756014539513207,7.835908284450801,4.235840055922672,28,2
7.296041629275016,5.617584440059557,6.589827739180008,28,2
4.220283198408435,7.508610027782885,4.586491782302041,28,2
8.815339473170427,8.098794131774108,3.641839558537261,28,2
6.231883021493898,8.71826971482009,3.0761867303853876,28,2
6.772612783049556,6.511885249757932,5.588871218662829,28,2
5.2635742005956345,5.629918973529983,6.692475499017462,28,2
5.023076541080162,6.439100684480497,5.773385423031249,28,2
9.837797396302438,7.19983789464055,4.619468840655831,28,2
6.11162600342214,7.7552516198967485,4.193380971049841,28,2
8.32545498011797,7.579569610919032,4.268630768028782,28,2
9.67921376606541,5.279086412557735,6.84305343407782,28,2
8.195503032156248,7.9147325846207215,3.8896882113574307,28,2
6.883124203198407,5.055118552821073,7.262046964010145,28,2
5.4021266062139635,5.8071919391554,6.480127716795971,28,2
9.068015731810174,5.596093243742578,6.512715413561801,28,2
8.034265924460964,8.818308023307834,2.8572125143094724,28,2
6.744118934170576,6.7105791179071925,5.361432214874694,28,2
9.8798138838922,7.51848170300333,4.249683183080121,28,2
4.494756425489993,6.05649969356107,6.244871200187006,28,2
6.523620453874893,8.665667121652167,3.1200579959608015,28,2
5.473222107929103,5.036152579843209,7.364983604312032,28,2
4.7740842986731735,8.45445275974658,3.4641701801580114,28,2
7.292935558934667,4.699626993650348,7.648334548595406,28,2
5.221743679712452,7.078504308530037,5.0247829754215125,28,2
8.110051377412766,7.0332137391539815,4.910919294280081,28,2
5.389659581960569,5.981711830890444,6.279637732438128,28,2
6.495852057372644,5.168168436250359,7.153978345030632,28,2
5.344332271148293,5.123675282565726,7.271488508783875,28,2
5.771754272873297,5.21394817094561,7.142834318955066,28,2
4.763206800128585,7.858695579878598,4.1516538765733255,28,2
6.802169873780574,7.2088580598276675,4.7836202697934995,28,2
6.991054984910014,8.270097743915182,3.549238578379893,28,2
5.544581840814245,5.74907240860383,6.538943391638307,28,2
7.909049384122925,8.208185190846361,3.56783319056553,28,2
6.777277747057458,8.508151212313626,3.287075183268016,28,2
3.903005943433594,6.448995449407854,5.826382510036836,28,2
8.880798026366609,5.720061945164028,6.380555025352485,28,2
3.423611826536662,6.734048885217298,5.525305256571753,28,2
5.231138677858347,8.370994871511074,3.5341091698537426,28,2
4.959698961437439,5.894372855729602,6.405055338097727,28,2
3.9794903180960333,7.877285285874,4.175285802028194,28,2
7.417145719323925,7.401342694297941,4.526339989334436,28,2
9.271388673418585,6.812917310801265,5.098124871712491,28,2
6.630352503434807,4.736149830470856,7.6443258076303024,28,2
7.01513911115689,7.388298454152993,4.564494598180193,28,2
6.990590418257945,7.80784357064566,4.082205715453064,28,2
9.605741310857372,5.475642925808899,6.6206649264171835,28,2
8.83287287220222,8.196529447444448,3.5281507248259767,28,2
5.1769768372796605,8.715609512776574,3.1399116408272647,28,2
6.628627082806454,7.981023521355413,3.903356878756542,28,2
8.589423064879833,7.309574548146651,4.564734139168544,28,2
8.443569724575301,7.7133995164823155,4.107544384150205,28,2
6.520269936901942,6.4291642318158635,5.698751546518593,28,2
9.979573627282372,6.000966920864406,5.9935146227317775,28,2
7.22901793059638,5.910764559744367,6.255669481135215,28,2
4.626161980346888,5.249433450071144,7.167795199235566,28,2
6.1212975393468785,7.597528247086412,4.37466671576599,28,2
5.181121550870222,6.401902032723613,5.8071846491943235,28,2
5.103146494483965,5.954107717637469,6.327937691400949,28,2
9.18559065811067,4.898857890227281,7.309808848533452,28,2
7.717457432096764,5.021127177998593,7.253261373345816,28,2
8.618226466262298,5.1320913700296416,7.073534020169543,28,2
7.402079471465561,5.915500580750734,6.2402580725961005,28,2
4.511570834493883,5.804428994697083,6.534520805079307,28,2
3.902593815935498,6.639346224251609,5.606947674815349,28,2
5.275954525024465,6.757551355533386,5.391697737833017,28,2
7.77090346220435,6.366943162654644,5.698574845468093,28,2
9.771250360548038,4.987817411320277,7.173570071478844,28,2
4.317107295337167,5.035387633805451,7.432343017246092,28,2
6.844824678281791,5.936217458767918,6.248415824603059,28,2
7.058147927466301,8.485065600099055,3.2975407123659997,28,2
6.0427897330428255,5.88992709231205,6.347902376348561,28,2
6.185971186807321,6.224244637041392,5.954229147195022,28,2
3.879590967426112,7.796503684215498,4.274164526359621,28,2
7.021754762181975,8.45254392373116,3.337128121979065,28,2
5.911784769277956,4.157797698057452,8.352435673926722,28,2
7.97087961409261,7.619868723881579,4.242557616427318,28,2
9.038377851705285,6.0674306683049535,5.97100696089774,28,2
8.866150122097865,6.302630731927882,5.709744174194592,28,2
6.195374529582421,7.928173986869988,3.989200330798411,28,2
4.643589461190172,7.7271903091839205,4.310146551096135,28,2
7.905719530988749,7.221723092133675,4.7053330057892,28,2
9.047556841270543,7.928514786698054,3.8248047326554016,28,2
7.706950978778645,5.429933453595337,6.782546036947951,28,2
7.808104782152078,7.060797807719618,4.896479331136249,28,2
8.350342905159264,4.549094650030613,7.761084019914227,28,2
7.814628858620536,6.4743758246137695,5.572199721974971,28,2
6.419938341537394,7.5542520911232955,4.407388429704659,28,2
7.652037356618966,7.201116273729971,4.743677865816971,28,2
4.636015756035138,7.300118664849172,4.8029599540005155,28,2
6.098587367209429,7.403587752947037,4.59956974736399,28,2
7.276661489198226,4.519899700098682,7.856480867074352,28,2
8.959803834968275,5.702690544633099,6.3960399031945885,28,2
3.763578459949037,5.634628492699059,6.7732967299462254,28,2
7.7495660562925615,4.519151661475423,7.830150915454655,28,2
3.25089600945137,6.826501751597643,5.4286461221305915,28,2
4.115118110085016,7.927111885613015,4.110041194573775,28,2
9.51824482058024,8.127024307030272,3.5688749260687858,28,2
9.876642938381362,6.163331692244248,5.812240206697404,28,2
5.2031141833258205,8.62522851406339,3.242610460249659,28,2
8.797263504210079,6.273421012141398,5.747381573305446,28,2
9.136511981056037,7.248196845770372,4.604039464775593,28,2
7.723588697203362,5.030609388665359,7.241976624544184,28,2
7.576665265738174,5.792581060982284,6.371935186698139,28,2
9.505472313161604,7.40498343058336,4.402062133653557,28,2
9.268461857172058,4.526102884143577,7.734799055802295,28,2
4.418298991480678,7.369479530433681,4.73551155553966,28,2
4.726474901559275,6.273049410023096,5.981883486246658,28,2
9.70356728736358,7.444650901204874,4.3449382417243,28,2
5.4717323010216115,6.98341903728812,5.120033806750561,28,2
8.573532130937876,4.438187736410492,7.8761168683774,28,2
8.083399975188861,4.321549457078009,8.03877403247606,28,2
6.965940297632046,6.331053988674113,5.786238066548049,28,2
6.51384425236686,8.781235811457998,2.987379095589401,28,2
7.794200113516954,6.15855736544115,5.9374866762362295,28,2
6.397041264105341,7.3752896681130045,4.615033744435902,28,2
7.212057512719373,7.569468336765654,4.344297906579766,28,2
4.68912162006361,8.080780503875665,3.899868477274413,28,2
6.92442021360121,4.2359739424178615,8.204077678894642,28,2
8.673949204934942,5.2671878719505525,6.914574945050384,28,2
7.217252852838861,7.0003333080978996,5.000164287252085,28,2
3.67341104913556,6.86885207139811,5.35552480235708,28,2
3.762977334264918,6.141050922482305,6.189468563061023,28,2
6.045984498648486,7.46500028678228,4.531790934580878,28,2
9.436301259315567,7.234914139885815,4.6021151995243725,28,2
9.032176611192925,7.910791177799343,3.8461229473836354,28,2
6.182338950060816,6.087076849979591,6.112580996884978,28,2
7.782181671169517,6.480505131721635,5.566998881522837,28,2
5.447244448569576,8.345229796998508,3.551387898564808,28,2
5.501052678767781,5.499479866405443,6.829205690945204,28,2
8.614379030682386,4.413268802853418,7.902497587648819,28,2
3.4690133968498036,6.238384458382902,6.094154285121545,28,2
6.2315116984705785,5.331441773180941,6.980937609470804,28,2
4.385107361792059,6.704106641521003,5.504539425398819,28,2
8.374223979748658,5.336552651633607,6.851837583747012,28,2
7.823122462989634,7.62358922751463,4.246764336955044,28,2
3.5379137573815056,6.393269690715718,5.911622734455902,28,2
6.462425510861329,7.402297980077988,4.580135773581375,28,2
9.57503697420943,5.779392894899322,6.272232124141137,28,2
5.756370619208889,8.753200098820388,3.063257247462869,28,2
6.368937791344996,7.031147706400488,5.01341663246171,28,2
7.6943985152325665,8.278421044637263,3.499199712471697,28,2
6.398496581710322,7.853100070353786,4.064074606686209,28,2
5.096120641399101,6.308150666398849,5.920159756235906,28,2
3.4870551893315826,6.165413299969576,6.177246514463339,28,2
9.629733845449637,7.872617566153332,3.8557739286548136,28,2
8.813275418570854,7.841078797479558,3.9390824825013886,28,2
7.844323167864243,6.027237569939542,6.0860053097335145,28,2
5.819142877466002,6.567933674389422,5.579077325409258,28,2
4.211107383093887,6.917318351794272,5.268729277895663,28,2
9.556907411335896,7.685134517854944,4.076113788692336,28,2
7.91818344296841,7.680792184893505,4.1753480286996005,28,2
9.666212867423434,7.799672937688772,3.937775416256316,28,2
8.632750094364146,8.090358261585605,3.662064441966029,28,2
8.004569561151357,8.21828457838909,3.550696956980973,28,2
9.42471223516886,4.616659345265988,7.621410507976627,28,2
6.742108757644657,5.362368473407754,6.915921984110936,28,2
4.729994475956884,6.630621011417361,5.569430939319432,28,2
5.800646223214778,4.738579033362588,7.689233891277198,28,2
9.604852987597772,4.552826629966881,7.684646060931338,28,2
4.492241636172269,5.805105422634375,6.534852384030093,28,2
6.3800887491051075,6.443635028931178,5.690128453489896,28,2
6.346073795252376,7.964636277199395,3.9384970336638085,28,2
8.54196702778667,6.015664643364757,6.059232866314133,28,2
7.994212895787376,7.505376183654602,4.373216263709571,28,2
9.736696948561459,7.028774548854466,4.8225039337495526,28,2
5.195520079499614,6.583325204831213,5.597190969552204,28,2
8.920257773996614,5.137376664572615,7.050073484011671,28,2
4.717547618138709,5.305790544715256,7.09756543502425,28,2
4.949810005660646,8.428712486015355,3.4837422004733205,28,2
7.970345981306643,5.1119580595682335,7.13399967224545,28,2
7.1470007702018785,4.3351603880816425,8.076925443764717,28,2
8.550911585895786,5.167938836096944,7.036075545693878,28,2
4.673671848740312,7.013235649949742,5.131546836584431,28,2
7.3137939939003305,5.612074986940542,6.595158903448596,28,2
9.263219401840924,8.11292860167277,3.599790254575594,28,2
7.350061441390036,6.100307589725487,6.030182115275402,28,2
7.084730432690664,7.319211725972128,4.640144266435311,28,2
5.05876548851446,4.890376747753806,7.556882529518051,28,2
5.953051371869311,7.570472441358446,4.415534082796656,28,2
7.238226675360361,5.011614560755482,7.2917847643269695,28,2
3.980452208244128,6.886035615391429,5.318058508780595,28,2
5.140023549133712,4.777310122083503,7.68256649700356,28,2
4.093874704390526,7.310567092519292,4.822087319161973,28,2
4.5469552186171125,5.765312167238673,6.57758460814849,28,2
9.235357155038653,8.145504800381076,3.5638347210529044,28,2
5.82743734112843,7.823811946947182,4.130677712032995,28,2
9.835675593504945,7.917072248539994,3.792679586147578,28,2
9.022687526816213,4.562013889320749,7.707528882165208,28,2
6.656981429138809,4.6237167396904155,7.772420579766042,28,2
5.8831893579816406,7.444743433268796,4.564506239751532,28,2
4.859761781885352,7.711288137518416,4.316050350542658,28,2
6.675113167644901,4.377481730343165,8.055266374960148,28,2
9.18800689327882,7.348108787782644,4.485888349603749,28,2
9.825077672071611,4.708057598456609,7.493014639946326,28,2
8.362967109670592,6.669332930516625,5.3159006017350885,28,2
6.261724471436207,8.903945603610149,2.8604020439775657,28,2
7.062116885535152,4.427570858776466,7.97526478409668,28,2
4.5921438003769275,7.866627022026122,4.152345841252679,28,2
6.691762007540814,5.974334066076033,6.2132717840759675,28,2
6.989730407392189,6.945884712891818,5.0760216826534705,28,2
5.589303754329427,7.6249946751038715,4.373590273318006,28,2
5.925065526990677,6.128854370876171,8.900660931911867,29,2
6.764679090697777,7.613684189290549,8.020512398907453,29,2
9.238810537585097,6.827483852743269,9.039505211885649,29,2
8.665506242097084,7.252263514740365,8.633590118898281,29,2
7.3707149933823475,6.686180278066541,8.78448059747979,29,2
6.547182199649852,9.713760354155406,6.50948304581832,29,2
6.420830050788359,9.038592996484613,6.958088090459252,29,2
6.582673645209584,8.846364901120264,7.12328891907381,29,2
8.262121601904319,8.109408153627008,7.95725917281529,29,2
6.458814379419052,7.621173828405215,7.957322611297482,29,2
6.3570096302958214,9.565067079550289,6.577522744790296,29,2
4.8502230919797515,8.342705875782542,7.147572169064112,29,2
4.912234123402701,7.921371591633961,7.45420837212687,29,2
5.944826381254647,9.652791130292373,6.438034987600037,29,2
5.094554562577489,9.141860760223746,6.634541309412722,29,2
4.4339326038523215,7.627257330905255,7.569439116604832,29,2
9.684525960282517,8.909420687942683,7.666820859099008,29,2
5.881118817317368,6.597543930941984,8.56430361407581,29,2
8.62287792192111,9.662465981071826,6.9386361977099105,29,2
9.32362054194507,7.8111515780943686,8.367113297465755,29,2
7.024419124885737,6.762877379434506,8.665193247120762,29,2
7.034995999100155,8.470465043314256,7.472072765688348,29,2
8.24371053671876,8.5915638772506,7.616314892815868,29,2
8.912285648097587,8.750884334624887,7.631473492822115,29,2
7.976931234700649,9.657910487774979,6.819446161756712,29,2
5.935732814704473,5.9192605958806075,9.049374597667716,29,2
4.7714415085226545,8.950252791444488,6.707430240576459,29,2
9.591513279800514,8.025608413155545,8.267770850295232,29,2
6.630055513841945,8.002268322680528,7.723040842321046,29,2
8.847757137454108,9.663563600188535,6.980472668735235,29,2
6.860736686584143,8.150724797807637,7.6628414691608615,29,2
7.047722368496968,7.006889207660571,8.498826629999284,29,2
6.380977478206888,6.586674878252515,8.666611910743992,29,2
8.432447775064094,8.938662622735354,7.409141163767663,29,2
8.433221288442548,8.907329837711194,7.431217228035253,29,2
8.604057791543394,8.304874839511756,7.885235715581127,29,2
8.050850173293508,9.90369091402841,6.661431159530407,29,2
6.806737612435973,9.386797750156816,6.78749534912053,29,2
6.291510282282072,7.597767939442724,7.942007429050239,29,2
7.770831510633687,9.398532492596154,6.961935549080147,29,2
4.720683720641331,6.777459645427914,8.218531096047458,29,2
8.139402818152327,7.689571892374113,8.227848778741897,29,2
7.523904978119866,8.330435702741461,7.662704635567133,29,2
6.7122732532552165,6.512558881967359,8.781250914715919,29,2
4.540740483561255,8.604673121059374,6.90559049834223,29,2
8.687502521796802,9.686794479863917,6.933852422124353,29,2
8.640389311713632,9.446871306177187,7.092846491330064,29,2
4.9549252249525,8.6340534554303,6.963497206873385,29,2
9.062246242841304,8.379392136583004,7.9198882545953015,29,2
7.3831901120064405,6.276470215648647,9.073596249793132,29,2
6.776899249862935,6.1554813274087525,9.043409865588758,29,2
4.935128811541755,6.148568218731549,8.69931409026505,29,2
8.01093318740018,8.428455686096607,7.686371729461772,29,2
6.381709563611365,6.717688307196267,8.57505555828565,29,2
5.861591882201026,6.952049032615812,8.312489379742283,29,2
6.188442487715688,6.045158204831898,9.009137388317969,29,2
5.50451770375841,6.501123184139813,8.560438289659736,29,2
5.860449835459029,7.958991601703238,7.607523504625032,29,2
5.698063147456446,7.951335419979471,7.582116884335163,29,2
8.24467781163581,9.57631460863698,6.927280496751122,29,2
5.488784379277303,7.842072346559092,7.618939980032619,29,2
5.430581006801111,9.327255366366973,6.568447568926021,29,2
8.120558316685393,6.111032232345046,9.32908344174604,29,2
6.048728969788911,9.071181366918385,6.864783071899607,29,2
7.1049330403568405,7.486826965005549,8.173761664354036,29,2
5.156521942902021,7.364136458108529,7.890493689337614,29,2
5.7872541147960135,6.662192959876272,8.501273157320664,29,2
4.954488746890962,7.426989435263251,7.80822711762354,29,2
9.079687025234822,8.348099800260512,7.945093720913776,29,2
7.129121186386253,6.800454293075467,8.658729942025623,29,2
7.4474234280188405,8.570041331171216,7.4805170622226385,29,2
6.6780443808242165,8.802335587554378,7.172173160342208,29,2
7.324181903654028,9.964250192176193,6.481374739141911,29,2
7.56720652464191,6.076436335001182,9.248461043381889,29,2
7.536040334025895,6.25487380918669,9.117669738447074,29,2
8.042720916552074,9.521570641587825,6.927333361212752,29,2
6.506457594199583,6.970887186264407,8.42147832074729,29,2
6.398037075308482,9.608126799015517,6.5551585472049085,29,2
6.812360096530996,6.351150123868173,8.913181404767968,29,2
7.267591812962517,8.530666710892467,7.4740048312114995,29,2
9.103741950068615,7.5965914417475995,8.475624605328722,29,2
7.265644465978984,7.0156026668546545,8.534014780382599,29,2
7.276759746409534,8.067587563595865,7.799846431812583,29,2
7.032461749128581,9.251122711305355,6.925217775239286,29,2
5.313399161005574,7.344282996026727,7.934110245819202,29,2
5.870221283758047,7.693683342847188,7.795061484638229,29,2
6.173529714015576,9.849595477436095,6.343622686217581,29,2
5.737059246825124,6.224189449788775,8.798317928083375,29,2
7.566698994747091,8.920826924482848,7.257603023089711,29,2
8.717040430944673,6.52727351799628,9.150767162113121,29,2
9.046812375834435,8.295998552370293,7.975330592943872,29,2
8.844373011999613,9.8072435573971,6.879271293609624,29,2
7.252547938238125,6.99441338967292,8.546363739674188,29,2
8.898671441494965,9.142864363648277,7.3545511150220975,29,2
8.663016216910474,6.650240024272307,9.054468872581202,29,2
9.103613640397144,7.026612462301993,8.874523151973309,29,2
6.91981740028468,8.151373926327041,7.673580337459841,29,2
9.603568007548727,7.2477130627661746,8.814496231243318,29,2
5.239640182753441,7.8405072455343285,7.572833552404876,29,2
6.287899645250351,9.226769894453334,6.801200429230782,29,2
8.130604090847282,8.622937722915037,7.5729279587604195,29,2
9.560389809318313,9.001113050091444,7.579127927992327,29,2
9.052067322494091,7.388865588464538,8.611219889579354,29,2
6.0760672011191605,6.964252689603899,8.344581761570218,29,2
8.143658967423404,7.639457251769977,8.263729890496615,29,2
5.720584400181411,9.543006002370529,6.472388595966439,29,2
8.89063000462736,6.351578266196517,9.306622155629997,29,2
7.985814224667922,8.751298894345528,7.455657910213612,29,2
4.46770409079143,8.266951293755142,7.128121614412066,29,2
9.376629626517982,8.546148518566389,7.862738825017224,29,2
6.110472480599644,8.247118057087611,7.453234798576457,29,2
6.1919479429447275,6.302117083766529,8.82995844685754,29,2
8.58400158444972,7.532596248201266,8.421946375744657,29,2
5.616833352269036,8.836581161561158,6.9471523660816805,29,2
8.773437732072756,8.966056348589468,7.454571100166477,29,2
4.638460179171728,8.44338150505471,7.036990531772467,29,2
6.409456979896692,7.924076515445198,7.7359728590246295,29,2
5.665345064338206,8.845295122259097,6.950244375952029,29,2
9.357540807009116,6.782367352559006,9.093575965171247,29,2
9.302866429556854,7.015244652367307,8.920228981458449,29,2
8.622866991455176,6.130286051420213,9.410773197021015,29,2
5.59335507006986,6.83374952192781,8.344467045102522,29,2
8.787890947469203,8.909482580365205,7.496904787672672,29,2
7.736709190947381,6.21752815813665,9.181825493682524,29,2
9.371008779706496,7.634184132816309,8.499949104999459,29,2
4.558813053434973,6.697363441343223,8.243922320196834,29,2
7.1428968096771985,6.91182943694924,8.583389412759972,29,2
7.630556015614712,8.589984944578399,7.501254258337316,29,2
8.76662367671354,6.375417063619369,9.266443883549602,29,2
7.190776861382088,7.445777061011692,8.218755715502814,29,2
7.0412388341246,9.220928708015077,6.948013140532852,29,2
7.091903737466682,9.152902744069248,7.005222627004415,29,2
6.761379603233133,7.184987507258575,8.31992801384794,29,2
4.425767929969802,7.502518274893173,7.6551959478353355,29,2
7.072609515339034,6.296984715447126,9.000397034219732,29,2
6.178925526020053,7.277396907021861,8.144902220096055,29,2
8.08017894360775,6.717730432436148,8.896811044822144,29,2
8.82353535196444,6.367976935767891,9.282433408254507,29,2
7.021219972281355,7.140063586457851,8.400598117315841,29,2
5.98196381760743,9.174289022218602,6.779969957567754,29,2
6.591407718346951,6.108857636464365,9.04089888573547,29,2
6.326293601395935,9.519985809597806,6.60325536445785,29,2
6.226032955948849,7.5555667339463355,7.959138587705899,29,2
8.612470652533073,8.215186331820686,7.949601713135655,29,2
7.5476365395643725,6.4098493459420105,9.01140080627194,29,2
7.8806760986428674,6.162914337323457,9.24732456006041,29,2
8.06897470513768,8.613612088137836,7.567778833665756,29,2
5.187099003626699,7.406288236715381,7.866785064409504,29,2
4.902612882450866,8.390977576966577,7.123712818025705,29,2
8.00695471330084,6.670957901957376,8.915673933946483,29,2
7.518662396906144,7.294851962917862,8.38650658797267,29,2
9.305664743075837,8.639882774445125,7.783690399930222,29,2
5.49471607533061,8.519888142084266,7.145666959059716,29,2
5.567676320418515,6.603370617927727,8.500842054954315,29,2
5.688392556960566,6.232483473552754,8.783292830527909,29,2
5.1736238720873695,9.169785823889267,6.6299769671710465,29,2
7.128140291925645,7.930448580096796,7.867671873485285,29,2
6.607878983440425,6.850227572781361,8.525141710380298,29,2
8.128262593820622,7.337363714397961,8.472245345137791,29,2
5.396604154206709,8.19491264782679,7.354526332427223,29,2
5.071520871846063,9.26912928665294,6.541103413082682,29,2
9.080346656139515,9.042277967282415,7.459370008454564,29,2
5.267497187318743,8.190696094868843,7.3330173867824895,29,2
9.75101087467755,8.669972999250373,7.847003970755717,29,2
9.115977660254398,7.150816569017572,8.789936317341805,29,2
8.368141693161697,7.648148667648177,8.300176418226178,29,2
7.69076342275644,9.031884676208573,7.203379493424208,29,2
7.503724800078857,7.341132846170187,8.351285023665998,29,2
8.344504920660736,9.58345029202941,6.941199130301685,29,2
5.658631871684966,9.554924441387067,6.452309724792033,29,2
5.2455785074985535,6.753619311326931,8.334661109621823,29,2
5.56564131868272,6.916445007346858,8.281338730486814,29,2
6.836236430474799,8.6087180971027,7.337654606798314,29,2
6.374369861976476,6.533477881580738,8.702592130146705,29,2
5.9796025615306885,5.717572542064275,9.198845524812867,29,2
4.413669685113586,7.926459590444967,7.35619137802334,29,2
8.984577056665078,8.953514801180221,7.503350391064488,29,2
7.602010772027644,6.278609127190238,9.113556101355913,29,2
7.827508257894838,6.04181626302829,9.322006989403743,29,2
6.186647069768634,6.05285577452666,9.003409780205175,29,2
5.640704019927165,8.796976734872887,6.979393564644926,29,2
7.0536665226336765,6.642838469288907,8.754748427093311,29,2
6.439672988597672,8.456421663572847,7.369114163021633,29,2
6.804955349790453,7.935940462322473,7.802598877726736,29,2
5.433532988737257,7.985514412762367,7.508078545470251,29,2
8.192056557247756,6.455814153668896,9.10131962121394,29,2
8.607948157345449,8.932632698299782,7.446611025495839,29,2
7.135137468007261,8.555067089908615,7.4318329872293045,29,2
5.198502028101266,6.918438121452531,8.21038708049923,29,2
7.379763297155752,8.34673381594205,7.623989255969314,29,2
8.217633525298655,8.601583580509974,7.604361755485085,29,2
7.593159765612415,9.027419968529243,7.188012715405626,29,2
7.944592846996218,7.66341219808369,8.209249809702975,29,2
8.707195093952814,8.913845723542776,7.478562763373623,29,2
6.246343030849575,5.686028568034127,9.271458395450956,29,2
8.92043283362463,6.788431311314756,9.006519193143944,29,2
4.666159402764686,7.495391679511288,7.705727356181055,29,2
5.736318245252933,8.252483686749107,7.37859373472986,29,2
6.659545147987705,8.42195104438015,7.434895888959389,29,2
4.972286628112661,7.226968269733934,7.9515919379374145,29,2
6.437877067975899,9.950746947842495,6.3229098901995044,29,2
9.478912928616412,7.134107623678041,8.870390960737666,29,2
6.116462746092347,9.92314129245015,6.281336999966211,29,2
9.421146018256348,7.892234434003635,8.328840951912913,29,2
9.770512882420405,8.418329756459418,8.026821447721037,29,2
4.854428235655195,7.6812324096142275,7.611327833110728,29,2
6.899971458291654,8.040903578091912,7.747137551457505,29,2
5.790784344926176,6.072680828291864,8.914535902779429,29,2
7.3734479217427715,7.961855562485567,7.892165392719425,29,2
8.015526851838693,7.393322477531751,8.411721893668892,29,2
9.658307746809959,7.8509249010163265,8.402684778557623,29,2
6.082188847396879,5.589465694485119,9.307941859102465,29,2
5.795813482243615,6.948698856923429,8.302372032737669,29,2
5.072516430104647,7.907381697792176,7.494366187052417,29,2
6.84582478439114,5.852815761363315,9.268300956897301,29,2
8.577898778226361,6.297329613973454,9.285341508247566,29,2
7.224445707632668,9.883094714550559,6.519279078147779,29,2
5.285195946676309,6.522217183771195,8.504123009210387,29,2
8.024607245381887,9.245043620982404,7.11744024648913,29,2
8.4961239038684,6.691845176458097,8.993731097114757,29,2
8.379202975850927,8.101505234418445,7.984972102527831,29,2
5.777283352060196,5.86352003841477,9.058367704101803,29,2
9.281917481661473,7.1329921556531115,8.83384972522629,29,2
4.795509044210777,7.243172655126987,7.906759094624624,29,2
8.794940881716283,6.946002212744501,8.872461635806559,29,2
6.579938480531135,8.14544646621291,7.613336858762582,29,2
6.489675540942301,8.125110678791382,7.610468840125073,29,2
5.66402711781794,5.942623551446475,8.981546852448446,29,2
6.663399770144906,5.570171910057143,9.431559207599555,29,2
7.90367526170092,7.527539643055272,8.296593639934855,29,2
7.317090482205998,8.533378154536994,7.481484930377847,29,2
8.891466065874303,6.410995072160717,9.26519529609244,29,2
8.224716257779448,7.520499576430832,8.362344012064973,29,2
8.450358123266783,9.698050644103443,6.881045945124091,29,2
8.902185329556838,9.76342081224855,6.920895297383492,29,2
7.752924308114805,6.214268257440741,9.187179116008412,29,2
7.131016425516493,5.947121274797675,9.256328653179304,29,2
8.639540179122653,7.875667651873796,8.192356081848041,29,2
8.574948350247212,9.10406312740542,7.320376495253956,29,2
5.533682260328292,9.432953539598412,6.514003561012942,29,2
5.640969676083239,8.766101614680073,7.00105309713414,29,2
9.162778396818775,8.8878848716908,7.5830454406106345,29,2
4.534807794002196,7.0575202224751274,7.987304084507599,29,2
6.957900057423329,7.536555660826885,8.111100764493875,29,2
7.860298349797368,7.150015181489691,8.552601402718597,29,2
6.862544749520447,7.686059476087195,7.9883988475598455,29,2
7.4110412791378915,7.028406890686124,8.552599503788521,29,2
5.0116926311200505,7.057963652591692,8.077342356831831,29,2
8.231823605285951,8.699086577166252,7.538808731099731,29,2
7.012246089751422,7.980739007848569,7.810517247151424,29,2
8.292844451120095,8.857842846832474,7.439257487506372,29,2
6.977885235536816,9.728928236714511,6.580466401540804,29,2
8.907902310862335,9.582286062146293,7.048752898302523,29,2
7.652753399408677,7.109661268999838,8.541524115336289,29,2
6.681781839470164,6.0902328118195665,9.07105612944596,29,2
7.931565294380723,9.591235597871488,6.857516438732567,29,2
7.452534855859882,9.417502698565766,6.888355317649667,29,2
8.936498084418684,6.619297139679303,9.127938243812645,29,2
7.803773703670167,7.636519520362345,8.201392727262695,29,2
6.86750055483944,7.46846812222611,8.141627868760798,29,2
7.181974343207444,6.237472664519671,9.062768758534126,29,2
8.332862180029682,7.533926099963237,8.373435794432083,29,2
5.094235705972653,6.367198900148162,8.576440292765517,29,2
9.177115114384558,8.432165502203535,7.904715259281206,29,2
5.045390050289942,8.364981254364757,7.168957366955364,29,2
4.540453557359409,6.632867319052716,8.285584227485511,29,2
8.006445722796785,7.003084799616091,8.68312505230111,29,2
6.122881360376615,7.588101224250331,7.916825334209246,29,2
8.671117790168337,6.191495071105199,9.377074983835062,29,2
9.237655158343543,8.256528206884905,8.039111794230777,29,2
7.39273107379513,8.56686689303459,7.472377034457226,29,2
6.1362751804455655,9.647337759465117,6.47812284592346,29,2
5.391700042229983,9.25600647992346,6.610947759117844,29,2
6.926205796941516,5.6119645619534335,9.45209906949487,29,2
8.40601752396078,6.127199353074995,9.371850146376142,29,2
6.244578613342703,5.714170135375937,9.25142810143663,29,2
9.320006239349755,8.502876054838914,7.882297177719343,29,2
8.276709734855459,8.568757603654483,7.638528677672919,29,2
7.3987549061390405,6.928458888436438,8.620224432723447,29,2
5.557598100959063,5.924392382087033,8.974143073686026,29,2
7.584187793954169,6.38729906504023,9.034108382138458,29,2
5.591603476467827,9.005969548431683,6.823819100720748,29,2
4.824698446396863,6.752262506692869,8.255872532175278,29,2
6.556340270810576,7.084750327320683,8.35123715864467,29,2
8.992239300328887,6.626875167180193,9.133194954337599,29,2
6.202825277062685,9.749673376896544,6.419107428063351,29,2
5.4237081041773525,7.2728104763523325,8.005031856395721,29,2
8.01884336349292,6.896168563202588,8.760303512852294,29,2
6.6306366644370085,9.231849161157427,6.862579034085696,29,2
7.407775531166667,9.244039187760652,7.001280859553273,29,2
5.43865159927826,8.405828966260094,7.21487414592584,29,2
8.319008890363236,8.984383839275413,7.355649659087762,29,2
5.110439219000817,6.326028377756437,8.608324999445898,29,2
7.164465564537494,7.902210337864059,7.894317585708468,29,2
5.942687132309395,5.965405931305137,9.018395453373296,29,2
9.997376570777755,5.461080951655996,4.688119602383372,30,2
9.67068221777584,9.398487519092734,2.383501575057959,30,2
7.733504397935697,8.709425032073053,2.6591384572356094,30,2
7.344145799583283,9.136964348237322,2.386237685250977,30,2
9.056544670804403,6.238089330190551,4.177220154277609,30,2
8.617087230525307,7.268809950032994,3.5512657882423495,30,2
7.581131184852326,7.8252214973424605,3.1622229179576986,30,2
9.880621099932295,8.93202365337014,2.667491977833347,30,2
9.07126243809715,9.55130315788789,2.256492632277508,30,2
7.02187192028329,7.5997779428700785,3.2571760905530875,30,2
8.877268778552727,7.356099105163423,3.517295076143052,30,2
8.235447773526479,5.658177905190023,4.461002133115627,30,2
8.217156784662999,9.645666305341393,2.1470809265049935,30,2
8.673359065163389,5.638393944007391,4.500512495721999,30,2
6.513415347185772,9.719891413592947,1.9949545686502321,30,2
5.790567836288163,8.315439761031378,2.763261359997791,30,2
7.779437075113796,9.490651297921248,2.20896653447243,30,2
9.368115203234975,8.987294773970952,2.6026233608730087,30,2
6.508234367718938,7.696169421591413,3.1683851444665483,30,2
6.240274171345378,9.216299010135675,2.2695521958531177,30,2
9.987238530013423,9.644337266192313,2.261174627543066,30,2
7.11622432739142,7.464967105579957,3.3414071697997834,30,2
7.820687671056072,8.10627259189608,3.014549502257274,30,2
9.107544551656893,7.6108058474948965,3.3843072675599757,30,2
6.309936728607431,8.90184175000111,2.4563978370332245,30,2
5.86007962001107,7.6899328337596975,3.1305066954014484,30,2
9.326257462273517,6.169248510110848,4.2344153010218974,30,2
8.014333036167763,9.176620859967969,2.4061430680403197,30,2
9.768051366549033,8.271632354901769,3.043313221727402,30,2
9.20427836161786,7.932194830629304,3.2040941193792976,30,2
7.093152354825742,9.425784246027261,2.202652727624114,30,2
8.551116798080189,7.49031443663246,3.4185692915495034,30,2
9.48785338569984,7.183806389327291,3.65631554369447,30,2
7.4539781959,8.580033187027455,2.7162903335371062,30,2
9.338462543466795,6.61483737563408,3.9767543700812618,30,2
6.055809576390166,7.98000461962374,2.974795433608446,30,2
8.590864544314877,8.069997846628713,3.084896608021941,30,2
6.860564495955156,7.3329053548323575,3.4016355510582246,30,2
5.831725889739073,9.441978173563774,2.112502115274844,30,2
8.281117757882633,6.642020366807536,3.8932956471316684,30,2
8.647328757600022,5.459022231440904,4.602881907431016,30,2
7.119642299383,9.286538111122947,2.2851116471196815,30,2
8.557891543765443,5.883407318108847,4.3510119376774545,30,2
7.778195163232372,8.305645756883582,2.8961922967357046,30,2
5.537047781075519,8.97924632049241,2.3620217308350577,30,2
7.156416087907786,7.756063760841961,3.17514373136871,30,2
6.197347307058276,9.838369976408837,1.9060017237184685,30,2
7.836687146823887,7.248070088525201,3.51333275061724,30,2
8.08301862114671,5.793882174157185,4.372534715786106,30,2
7.882776476239281,8.380053154703736,2.8597313038068206,30,2
9.532957866305265,8.210762367948327,3.0635669387413627,30,2
5.906008536140856,7.539134120191479,3.2209106379473837,30,2
6.295359725441976,7.555890250689947,3.2361188052152485,30,2
6.251973771916703,8.083569780300737,2.92728613874278,30,2
6.051161040386677,9.115442466462579,2.3159419061618847,30,2
9.631942039885512,6.850185914293892,3.859040734965753,30,2
9.842623146894653,5.869787135492222,4.4411617977067435,30,2
7.474987785716081,7.750566904923529,3.198727277467506,30,2
6.639603466164907,6.530376306417834,3.852957589775529,30,2
9.979212339427706,5.410295138183856,4.716412565463718,30,2
7.362111845992948,8.576519441189294,2.712446913145866,30,2
7.059512507750153,7.119926114597611,3.537900781668924,30,2
8.314167329374655,9.89824481974891,2.0067956865500185,30,2
9.415336816075968,9.097453301046867,2.54175441087927,30,2
9.885891601180104,5.599713473400582,4.600575091354589,30,2
7.618970676753899,7.674195412453539,3.252240841167408,30,2
8.790758109088388,9.79264572818428,2.098555283153041,30,2
5.93704671549433,7.991315673823834,2.9606316550511598,30,2
7.727182543211152,6.8443161923337845,3.7405000891141045,30,2
9.343098764986562,5.504049350281269,4.621310169884088,30,2
9.930138605397282,8.641317471592227,2.839272240821585,30,2
5.673768936543093,9.172765278791982,2.2585334591176722,30,2
9.606362165133959,8.476153214541359,2.9143392223723126,30,2
9.979072252736488,9.291879939008469,2.4650776738648226,30,2
7.390605389231128,5.975793561875517,4.222696630534926,30,2
9.94525813589118,9.78296536842967,2.1780824500347964,30,2
7.873795387555688,7.203658573713106,3.5414672224768857,30,2
8.586560041939805,5.978358187574068,4.297775661800997,30,2
9.415795544729544,9.745116922635766,2.1661377543708027,30,2
7.36523035655185,8.765550898289167,2.603007990823253,30,2
7.102524064091156,6.152350316636143,4.1018500780853735,30,2
9.022186242358968,7.596287805585146,3.3872630109261044,30,2
5.9508149524224585,9.908700519746581,1.8494265755719748,30,2
9.484561085190188,7.941256397116609,3.2167824469987805,30,2
7.779676774366,8.211834186508124,2.9506980250195385,30,2
9.516458635712596,9.804105900661952,2.1383686221953777,30,2
9.17354059525207,9.539731317548526,2.2697522958150125,30,2
8.036934371370931,8.999641815213682,2.5102381871010278,30,2
8.695807687001016,7.785911772090278,3.2563856162112224,30,2
6.5282628630676225,7.63539949312673,3.2049140578971724,30,2
8.02067388999963,6.438968278693242,3.994392267284386,30,2
8.086121223495322,6.944955964644061,3.7051085514894115,30,2
9.297891332247724,6.1566970062181525,4.239879159806074,30,2
8.302064574310371,7.151345768774545,3.5992270712710144,30,2
8.902116250863312,8.64641458045297,2.7705006268113204,30,2
6.45637255994547,9.788983627532748,1.9512290137505506,30,2
6.989352841933048,9.7477486105681,2.009267462090559,30,2
9.281024984715872,6.860772790633998,3.830434177791642,30,2
7.336826203718253,6.441489439225067,3.9491492022176082,30,2
7.9571632023130565,8.082302254269237,3.0371896745773967,30,2
8.177057082315466,9.834415766975392,2.0350386777828775,30,2
7.800974894334267,6.624340905104637,3.87281041657314,30,2
7.039063307380158,8.764019667767954,2.5830144831287583,30,2
7.402445119449601,2.25987166018232,0.3650673566787711,31,2
9.19759179690872,0.4582172175917205,2.2163704064812757,31,2
9.469803608614129,0.17338267120300577,2.502925084920462,31,2
8.998265897681678,1.99724755568552,1.3402261033652447,31,2
8.018211126363651,2.155438600621468,0.742894473141593,31,2
9.4159170542805,1.4996609160128276,1.8102170310337196,31,2
7.982709083765705,1.4809707390620794,1.0619103194267767,31,2
9.148047294083897,2.2552633854356054,1.2901898526641076,31,2
6.835836048948774,0.47097175520598267,0.9614378386346905,31,2
7.891370716804991,2.4396015570312786,0.5335268966223151,31,2
9.127464495206986,3.29146521435,0.7603626682750109,31,2
9.091455678631116,3.2681666596231356,0.7529948461120312,31,2
8.71029845018513,3.4081976951374315,0.4813659080916399,31,2
4.681820249328181,0.011487354195939936,0.05283187177792775,31,2
6.188031412945311,0.6999802123508805,0.5042841587072319,31,2
6.716403306519622,1.3460126744052903,0.4600654190762236,31,2
9.075176594388521,2.366524553870597,1.1959453420084167,31,2
6.683295268702361,1.5388752428652839,0.345974229460075,31,2
9.085064638286172,2.2341150600359505,1.2674854108920304,31,2
7.897209355335278,2.2690714736497517,0.6220176294815765,31,2
8.828250959587459,2.285216327593419,1.1061282507542458,31,2
5.898103049391155,0.9902264525680398,0.20565334391551002,31,2
9.845110643408292,1.8142002257575212,1.8795845159875235,31,2
7.7823389824341564,0.06320732296237441,1.6660225024889475,31,2
9.741683995516507,3.678549291982448,0.8912127611720075,31,2
9.078424193634044,3.0842926213731436,0.8381927275011949,31,2
6.676666319961865,1.867641382506197,0.17781860916912312,31,2
8.362762381389455,2.6186417147217216,0.6930625349590784,31,2
8.225455596862096,1.3033842843096963,1.279176614039145,31,2
9.982160863242745,5.240468359706549,0.23610766393909183,31,2
8.470706116774382,1.4621926707406667,1.329294862921315,31,2
8.322435695207385,2.6252043588923812,0.6684571111393605,31,2
8.17611590360235,3.228024432977437,0.28920327409169366,31,2
7.921304669013609,2.3528172561575316,0.5928144486033553,31,2
6.572990720459338,1.4142413615587324,0.35008019785573685,31,2
7.882292250173667,3.3559648315481225,0.0697985109529155,31,2
5.193961633269968,0.5564392234340736,0.05065559455852642,31,2
9.87965586691113,1.6628574886889242,1.973641695264167,31,2
8.2115961731684,3.6853528162580362,0.07892276046726904,31,2
7.7735300416143005,2.4461852307391054,0.46793308132097283,31,2
9.646081183189294,2.364185680499156,1.498926054702136,31,2
9.894801525717215,3.3212293097755725,1.1511099492016625,31,2
5.45458674060106,0.36537054233719335,0.2841255381839005,31,2
9.661908314610432,2.3658494669711643,1.5064598356979386,31,2
9.80868655678731,3.877846554938084,0.826822559529447,31,2
6.535517146517548,0.5516593264313019,0.7622643087755103,31,2
9.365596239237588,2.6708100476914893,1.1970850927014323,31,2
5.693813403385957,1.019527911574349,0.08298075884363587,31,2
9.935407422838265,3.007737169766288,1.329578064749958,31,2
7.587179425187684,1.6879094814861415,0.7491749547737375,31,2
9.738234066176556,1.6067377237706155,1.926984552439044,31,2
9.298565596032107,3.515435822330102,0.7386474828068963,31,2
9.552941085063818,4.6362190163599095,0.3118176449569491,31,2
8.557425822903276,4.049254178897829,0.0794985156001673,31,2
6.972460891087714,2.3810958405655493,0.07704473578074622,31,2
9.436588335190606,2.656507937556668,1.2417778661785794,31,2
7.18386399249136,0.17128374919019063,1.2955116471161587,31,2
8.36071449281008,2.8883037738741577,0.5569289442646084,31,2
9.020075828220673,1.7489035116390608,1.4761305252939583,31,2
9.784780735993076,0.30725168000370573,2.6023944150772245,31,2
7.251597355096312,1.179988734419443,0.8261437520955234,31,2
8.742838937723976,1.6113550181803045,1.398455358229518,31,2
5.257114199231458,0.5162483810700986,0.10416947302594964,31,2
9.71325943253646,1.5128723999957092,1.9607909041666203,31,2
5.156591154250091,0.28131471443578837,0.16868630004454377,31,2
9.108858859016545,1.2416108591045072,1.7771258623792965,31,2
7.2410281130175225,0.08078313700003159,1.3710556457043641,31,2
8.593206200669913,1.0628297889756309,1.5940618436171259,31,2
7.652418154451305,0.6369127930997855,1.3100190449485165,31,2
8.057117536805167,1.6543851018288316,1.0143978117690133,31,2
5.331367822696218,0.7609716445288717,0.020862503040208702,31,2
9.720428020675186,1.0503152615220817,2.196236427821871,31,2
9.00265161853234,1.5128744272359071,1.5851262496255303,31,2
5.3390544776299675,0.3399360530592226,0.23578726389034838,31,2
9.204892196341893,3.4394464494638397,0.727183597259564,31,2
6.1185959533418135,0.31524883727702857,0.6602565061508541,31,2
7.930120282790297,0.9106186458895782,1.3197504278529633,31,2
7.543287513200243,0.25079714223331884,1.445699755840816,31,2
9.879685224480763,2.140282666317561,1.7345552276115448,31,2
9.020978919451622,1.8048028093653303,1.4486127039211556,31,2
7.856486840484582,3.2018279452433047,0.13335061207720622,31,2
6.950862393040699,2.405756830119922,0.05327605607667629,31,2
9.681558200134067,1.1617841157596902,2.1198625087947427,31,2
9.936161518283026,4.54588198216878,0.5596497663461063,31,2
6.799364201853367,0.781648727233311,0.7865650734990908,31,2
9.216810942404196,1.6813756547709442,1.6139537756617306,31,2
8.385510911172853,1.3401348868470893,1.345384764392696,31,2
8.487468369728395,3.0459267773499223,0.5449974646602591,31,2
8.268043944063136,3.2044205083719333,0.3496223527496083,31,2
6.89145497218772,0.5789250988654038,0.9367761254467546,31,2
7.872937985850808,0.7759411208348688,1.3569695492768055,31,2
8.986703385952412,3.7923993529661923,0.4350735032569166,31,2
6.724314300077591,0.6423231748719274,0.8166662697377535,31,2
7.166825401793495,1.7972431990870845,0.47219828234379957,31,2
8.681057402318059,0.8828631822801793,1.7306345707194157,31,2
7.569909655125147,1.3990799948863355,0.8846955900895184,31,2
8.72165824548213,2.516855680224815,0.9337692830812898,31,2
8.900602280012457,1.4125845096443321,1.5814045068049207,31,2
6.312610079351879,0.5840135671559192,0.6282207217889734,31,2
9.831396880956849,8.962203088356857,7.673452226813662,32,2
8.84636369700103,8.198698921780839,8.05514477042862,32,2
3.8641360139223817,7.317585078710792,8.015875295664793,32,2
9.477835170188456,9.251442503059298,7.438189452112699,32,2
8.924608936000862,9.625559058131694,7.1219230142051115,32,2
7.875885462121587,9.732147986753883,6.920642303788689,32,2
5.80844891009533,8.139085592298764,7.715533357389672,32,2
8.36741871327858,7.818261130271263,8.246815639684725,32,2
9.359942189292928,8.154751516049581,8.148262527788654,32,2
4.603631140406275,7.030886237873933,8.297607909246633,32,2
8.409445043823007,7.976719049476128,8.147337123930056,32,2
6.119339142961,9.53344951671369,6.832812373138101,32,2
4.7222438973528735,9.113317405933719,6.936168478563175,32,2
8.482428634279021,9.630677206374308,7.063374345159593,32,2
3.5262373810450063,7.97939207077934,7.536344108767147,32,2
9.594980000529628,8.19786919134511,8.149090106586721,32,2
4.433570293438631,8.422778820314324,7.356516977381499,32,2
6.6802414813711986,7.181471012798773,8.457166249871541,32,2
5.79735425455512,6.397495165661646,8.86513179844415,32,2
6.24066147239679,9.919325911506428,6.592930420913335,32,2
6.7917589274963674,6.465517277236853,8.94423874661372,32,2
6.488393362429326,7.713684302547881,8.081502159786016,32,2
8.479732668585584,7.688141913863271,8.346821082698328,32,2
6.481677347246843,6.35272853028437,8.980092976689047,32,2
6.852130382404395,7.730695481287913,8.115639451750814,32,2
6.83878506966707,9.305378026438204,7.07329800457512,32,2
8.933083412314328,9.233722835138492,7.3819370813098,32,2
8.46764510950083,9.503287301274364,7.14571942437405,32,2
9.69633335209161,9.907103459021204,7.032135838218245,32,2
4.373597080264558,9.783831868782233,6.4495417588433,32,2
7.0316802586580955,6.998391396435902,8.622005261247097,32,2
6.123495240527996,6.956615897729856,8.53630916633699,32,2
7.06684693843317,6.604292901035355,8.886844524891538,32,2
8.753882842384735,6.81062057648971,8.960960381316168,32,2
9.903952443418763,9.12079173725384,7.577696125617199,32,2
6.111215698620615,8.971525574955374,7.2031632953876725,32,2
8.746817326289158,7.351480955740133,8.602634983301424,32,2
4.889228407435493,8.50204320461385,7.360980387556511,32,2
5.94523244535944,8.952018058104462,7.195347441714446,32,2
9.105871767042387,9.002625427669917,7.55622176485025,32,2
6.96781293732636,8.940837728339535,7.33031291466748,32,2
9.23718802914952,6.846156388019332,8.997772373316451,32,2
7.323022210079755,6.110275669633788,9.24529101922326,32,2
6.556898548018159,6.262122622151416,9.049357184275967,32,2
8.909703482520744,8.263805927787406,8.020019079168243,32,2
7.403135369130556,9.198948289560779,7.214043361010741,32,2
4.9176175163602025,7.8345501697356585,7.805655118975894,32,2
8.915701375632475,7.459039050827024,8.55262185630223,32,2
8.58417729667415,8.95508687605443,7.5225527187326415,32,2
4.748152360183076,8.019029126394672,7.662594246399627,32,2
4.7314247184440354,8.976607325422394,7.02766285645961,32,2
8.835650345182382,7.834289802441431,8.294638944640466,32,2
9.423182727516442,8.986221742904585,7.60665018678513,32,2
4.061644036912767,9.336293562729644,6.70639185692596,32,2
6.413173498740521,8.029154006524454,7.863630091860324,32,2
5.078130351886945,6.7658240431126515,8.531980538530334,32,2
4.74360145230523,8.51587084014321,7.33367363343942,32,2
8.465155244546683,8.20328396754089,8.004555234704842,32,2
5.651100403254855,7.91083577393634,7.846748421209157,32,2
9.386604550587816,6.990710923953089,8.920880272883958,32,2
9.704384619044571,9.725649534400262,7.1530596135269615,32,2
4.088128192019521,8.18739699927986,7.468978980645026,32,2
5.244242001446356,6.50972065002405,8.721958200198989,32,2
5.311083095854777,9.661830338464911,6.64713042443068,32,2
8.636114221924558,8.703672224247986,7.695187304499704,32,2
4.586633432646412,8.659584203803709,7.219113069837539,32,2
9.761812026218923,9.234231853857414,7.484992435183761,32,2
4.370772099868979,9.586019212111365,6.579919781019626,32,2
7.463410893620088,8.70835607285346,7.54578597962129,32,2
6.283144472818092,7.554125587567235,8.16134460740856,32,2
5.953722068949235,7.36435905973234,8.24565897643242,32,2
6.925513369059086,7.525956097204553,8.26010287747279,32,2
4.581241886924143,7.0015188476865395,8.314222963815041,32,2
6.515284326956079,9.560307005466699,6.864460707837361,32,2
3.994688577993526,9.620849238775916,6.509981320394073,32,2
5.762777472595956,8.423042182237236,7.522174128526066,32,2
6.229832547916021,7.371908470403936,8.275117121393023,32,2
5.474716806286542,9.936577121696216,6.485970576591524,32,2
8.617772307702669,8.941640365298214,7.5356305474995215,32,2
8.057154623720173,8.208006695979567,7.950532130125086,32,2
8.65030615725361,8.051772493090864,8.127785498408091,32,2
3.984114970231061,8.703458870296332,7.1149472796181055,32,2
5.518639399714945,7.949051538212172,7.804966613364406,32,2
4.502620418887577,8.024620553596236,7.628266544647078,32,2
5.058558875287429,8.103836352028972,7.6452729880338275,32,2
5.690285291356431,6.595443675974192,8.720953681588659,32,2
6.804294110053073,9.526916117873379,6.922584795245001,32,2
9.111177428988018,7.733675085811732,8.395507834057858,32,2
5.971399605378831,9.936837570441625,6.547764340910318,32,2
6.462346225207217,8.710120347529905,7.419727693948385,32,2
6.781809628291906,7.006071738390338,8.585755744515012,32,2
9.381333611820445,7.943142695590129,8.290779387184806,32,2
7.145457787029704,9.498006962509521,6.984253687514423,32,2
6.389214711255875,8.061830759612445,7.8390455872475115,32,2
8.541871742550867,8.019982156825352,8.135266880114633,32,2
5.123640511803655,7.4528470391448325,8.083618477406711,32,2
7.5914793178381315,8.594760274128818,7.6368369427003335,32,2
7.317209388298236,8.885904018370466,7.410208036052601,32,2
6.379200023252588,6.400145100178048,8.935971287108053,32,2
7.808451428219761,9.96514002960884,6.758249443967332,32,2
5.216976679861064,8.451060777092282,7.4355633690787,32,2
5.815658508827335,7.914623528649522,7.8647753535127105,32,2
8.52980345391584,8.46163947947485,7.841878673246835,32,2
7.156729374655846,6.152074532579041,9.196920370575368,32,2
5.067290393737697,9.635680143773513,6.633997118231388,32,2
5.406033216698768,6.6295812935273855,8.662929664396463,32,2
5.529398368132191,6.262628692475129,8.92083234015827,32,2
8.241580775596134,8.323200069213398,7.897412023778816,32,2
8.233284175208134,8.118764207665107,8.031484554337426,32,2
9.030713415491503,8.346864401517461,7.980224516424403,32,2
7.534395549077698,6.615066991464607,8.938055265424069,32,2
3.906882358580694,9.95030603391795,6.281295193815902,32,2
7.255671750097826,7.235843403806802,8.49302299741876,32,2
4.354079005093986,7.791207343977871,7.763992759822791,32,2
7.413745431956816,8.301595800675162,7.808409546460041,32,2
5.894430256346343,8.909691241017025,7.216982341562813,32,2
9.235850534907343,9.234235544065605,7.419371312130342,32,2
9.643468787742291,7.833589311906992,8.395884897026749,32,2
3.681441851683954,8.759107048962987,7.040409158872241,32,2
9.150406768134006,8.734673042337102,7.738862350782372,32,2
3.5891707371813406,9.420244967664386,6.591964511758107,32,2
8.038562614053328,9.143979540172207,7.329646693519726,32,2
3.43318636224567,8.576916838609264,7.129842832155754,32,2
6.467201200858531,6.433330654779693,8.925018593131488,32,2
7.762067463011042,9.631001466581981,6.973288159981292,32,2
9.583909796627227,9.46141157740003,7.312658866934476,32,2
5.254533308068006,6.519920565712132,8.716501216128968,32,2
5.400287440421532,6.198887667359875,8.946849707950708,32,2
7.465996394857314,9.411428960242445,7.081461605049065,32,2
5.449401961558033,8.871141040010315,7.186937905132591,32,2
7.103808181735325,6.3328134651352315,9.070871170543658,32,2
7.854569537719298,7.491217671986727,8.398969382604657,32,2
7.466287323614888,6.5743405898514276,8.956473390218811,32,2
7.854317585970593,8.632905832080153,7.644418865989817,32,2
7.474131640823082,9.8188572148652,6.813215293566918,32,2
7.717700166534459,6.536234439301211,9.013023126627898,32,2
4.307973025258031,7.455588595579868,7.980044382331361,32,2
7.2075100731911625,6.341086534509815,9.078341457388582,32,2
9.484240523403855,7.135984723117554,8.837052711105851,32,2
3.64897668105024,8.527545921423151,7.1893929819030395,32,2
4.03045443984152,8.245811484551977,7.423178657208346,32,2
9.991619266015087,7.835764193072033,8.43788263518753,32,2
9.261496637925896,8.812569539419922,7.701241614160098,32,2
7.817646632184165,8.429231285839311,7.774448288657414,32,2
6.7591627614562535,9.693787996736258,6.806671913191508,32,2
3.93382833788811,8.19125850786759,7.4471766159474475,32,2
9.912018504806207,9.308802460736489,7.45444988142667,32,2
8.958858777098994,6.731425313425681,9.038871653326337,32,2
7.087935857913356,6.169064481696449,9.177109406195372,32,2
7.959390804627868,6.694467114622915,8.938603486078641,32,2
6.814100792091953,8.472801389470632,7.620451809283343,32,2
5.475498020303964,9.504006389308545,6.771945466394445,32,2
9.118039464619743,8.74640059835524,7.727073713297988,32,2
7.979297023859942,9.196760996305565,7.28737053053684,32,2
3.9713154348215225,9.669166168936938,6.475133597335245,32,2
6.9047298201913625,6.4344895471095445,8.978838548943225,32,2
7.950703846447718,9.685402067025855,6.96087005892227,32,2
8.680866595928412,8.167248986345816,8.055282076663067,32,2
5.301302460828602,6.275775760681679,8.883686575579429,32,2
7.288321685744478,6.185178759189995,9.191459831977335,32,2
9.364192694504334,7.476014928910007,8.597356380370256,32,2
9.100458555749896,9.045520527552622,7.527197893826782,32,2
5.7275393956670895,8.27659945649241,7.614558940014184,32,2
8.700493077661807,7.45554148035365,8.528084055115514,32,2
3.6399512930182496,8.024126545893836,7.520966869529795,32,2
6.478504110427797,9.212238168185191,7.089903824817455,32,2
8.401581059981893,7.07453553908416,8.742591223239659,32,2
5.27891948907856,7.555174795312055,8.03536461599273,32,2
5.700124827795324,6.598410129654468,8.720220786618658,32,2
5.454290659169654,8.797044686519314,7.236516628378342,32,2
5.533561544983387,9.078135643601872,7.060638979276891,32,2
8.605426213341621,6.731353499655448,8.994825049335574,32,2
8.51439954273905,8.828028116561098,7.597817898723676,32,2
8.470118537529409,7.486884734087496,8.478628511010527,32,2
6.765890920015258,9.773504566983279,6.754828213034138,32,2
4.256515143764841,8.73049891297078,7.13106155629005,32,2
8.156877950860384,7.9892931970078935,8.107516978777088,32,2
4.285088981431624,9.917960476199692,6.349856595125096,32,2
5.86120930277618,7.003537962734161,8.47257664504552,32,2
8.175581433266206,9.851024475907126,6.879469102284169,32,2
4.265273994225867,6.964040587645261,8.299571612012093,32,2
7.131421884436278,6.175849627434142,9.178050532051174,32,2
6.789628025326844,9.016832411870613,7.257859276423501,32,2
5.993400935380592,8.245069402728577,7.668565276314665,32,2
7.643401019848202,6.857587354315733,8.791377829277147,32,2
4.803456318499174,8.795092680330866,7.156608914069156,32,2
7.262791247523727,8.392793852847834,7.729305594645614,32,2
6.7747448765031315,6.204955878384005,9.11431594804878,32,2
9.748690227660415,9.987184551278288,6.9857438478775995,32,2
7.3572388113850895,9.085608992421939,7.283221025887633,32,2
8.218632027509202,8.72195923606073,7.6310169175763205,32,2
8.904816536657851,6.6011844546125396,9.11820297425096,32,2
7.327745326327829,7.93398397161657,8.040627591507253,32,2
6.846057828056007,6.668715188963526,8.816723575796027,32,2
8.803517517610112,7.804170758905564,8.31053514873744,32,2
4.9887187098961565,7.914690927956768,7.761562228019662,32,2
6.624431941145717,6.491549726904136,8.906158787964653,32,2
7.292304727880944,8.655162097896504,7.559593706719078,32,2
9.251734796361482,8.140306142082105,8.144309290709902,32,2
5.821312246105956,9.06148545731099,7.107542386481701,32,2
8.458453913844407,7.524289978961109,8.452452853400434,32,2
9.11938745026245,9.449592433083753,7.262516336978894,32,2
6.868633190703996,7.0360254788620935,8.576791973796775,32,2
6.373774272937165,8.751576607464136,7.381279882121524,32,2
8.464496026789538,6.658167532100006,9.025609827807232,32,2
6.274438640947262,7.171296540444723,8.413262604066974,32,2
9.32897627172079,8.706588029255004,7.7797014185715785,32,2
4.29057376403985,7.13442528877389,8.19012412531886,32,2
4.480404422267904,8.691746750405997,7.184604403544421,32,2
6.073655544549739,6.417145709738742,8.886616349598022,32,2
7.689824446708375,7.502921107118004,3.725323169521638,33,2
6.515870579532336,6.678351108256952,4.330248527412752,33,2
6.067825034094011,3.037837620756796,6.688394249652944,33,2
5.700816896554752,6.704806510311482,4.367140490964899,33,2
6.837541276410438,4.997334810436068,5.384230574575266,33,2
8.709137831934136,7.6865739441295275,3.5405545636477624,33,2
5.949048100627985,3.346991630128621,6.498493776758752,33,2
8.120257285409906,2.025819985121452,7.200195325577053,33,2
9.857936701935673,6.822774491522526,4.017213503395251,33,2
5.965074508644895,5.091329862418294,5.381713153426324,33,2
9.612935376508894,6.975432557897858,3.935745662031962,33,2
6.021299665556339,4.300720752351722,5.883694334467599,33,2
6.020312337723237,5.673618090678055,5.005619947253204,33,2
9.274929626532733,2.4372594810622092,6.860791653112848,33,2
5.024168609889174,5.358818018201535,5.272743849825076,33,2
7.928822093508575,2.8709196362050773,6.672287801038505,33,2
4.746978368738761,4.589929469037234,5.782845596308413,33,2
9.789701817784422,6.635363201177981,4.141591638986856,33,2
9.651377496525278,2.6528009147527207,6.698071167567896,33,2
8.341365968128379,6.8085355222641954,4.126451911880397,33,2
9.785701067904048,4.618420944878315,5.4319426460874425,33,2
9.003331638305202,5.6109540164296705,4.8487491382602155,33,2
8.160258019786129,5.132020158025347,5.210750751772534,33,2
7.831962242416525,4.422766001497491,5.686083061745583,33,2
6.454750747082768,2.680035605314389,6.891706821564716,33,2
5.656593626466941,2.8386053577450445,6.842979545807861,33,2
6.163459310604374,3.9324522113665745,6.109862113030876,33,2
8.987016839374062,2.1822070714017663,7.0429388664367885,33,2
8.61334179264685,6.03790600005685,4.6014088199472445,33,2
7.565878651997426,3.4140873801828038,6.348827242283797,33,2
9.97111799781745,3.60441128837802,6.068286599657419,33,2
8.68144615070959,3.7066399688374574,6.088048495059064,33,2
8.391566229241638,3.8844230438611014,5.993473154271056,33,2
6.21761944054418,2.47701812327583,7.037218368679695,33,2
5.795553746741154,3.1594876151087936,6.628560434235522,33,2
9.723790658906928,4.905959376902083,5.252113455489064,33,2
5.774222668266108,7.037237911704423,4.149662449491281,33,2
8.686063749228111,6.728915321247569,4.154620495030298,33,2
5.181077160429892,3.638651670035001,6.362645587612752,33,2
8.321332841090797,2.0122426305946264,7.195603831442039,33,2
7.028263669038036,7.258126829346974,3.925578941732251,33,2
7.664792732232123,4.488255158227403,5.655231835745822,33,2
9.42690463334699,2.2938579328665223,6.942480808339411,33,2
9.463297332221991,2.545077539513458,6.7793916370752445,33,2
9.961694934246044,6.010701601221923,4.529785109688932,33,2
7.196017380222322,2.9752234196584006,6.653955540985191,33,2
9.202262654348432,4.015732971088832,5.855958214482401,33,2
9.4291771060193,5.724315450750463,4.748124092261456,33,2
5.761925797369988,4.726777898604509,5.628302523516525,33,2
8.138387895372535,3.025485900170007,6.559586866681683,33,2
9.693482131410146,4.082637000257578,5.7807322046341545,33,2
9.03800062871445,4.410469550452013,5.614320113021539,33,2
9.92739128375706,5.411912149527039,4.915050743855883,33,2
9.290361146735588,5.561572081948597,4.861384085835093,33,2
6.500707611454208,3.1527294967535378,6.58632567320593,33,2
9.702759284858141,5.231939843871752,5.044996757706033,33,2
9.256887950060928,3.98453316964844,5.872307782897781,33,2
6.404115720787504,5.319809885133578,5.206584128409849,33,2
8.299012610766086,7.071767539494791,3.9608784695544688,33,2
5.858409388522011,6.268401525073838,4.635871102570767,33,2
7.974111085419932,4.628786381413249,5.544921954371116,33,2
5.088836527306194,5.969880273903142,4.87762343718255,33,2
6.103100172926875,3.6632617689443556,6.286028253490045,33,2
7.451724264869124,5.863323630628065,4.789771285420247,33,2
5.431094707353027,4.245427644632792,5.958029173446544,33,2
4.757656582982078,4.054437406829354,6.124654727823494,33,2
8.841449959955977,5.1488387052784965,5.1550178378334675,33,2
4.798292741555987,4.491540344292685,5.842389743260171,33,2
7.422125171288175,2.778017203268766,6.765164932470244,33,2
9.887729945932664,3.016798373234362,6.449644213179338,33,2
7.636269034573621,4.151422154523542,5.872561936495745,33,2
6.087092158308443,5.564754577640315,5.070842677420098,33,2
7.729341977364728,5.462035946951928,5.028115386311827,33,2
6.066858032914645,7.287396029053561,3.970333942534988,33,2
6.396398943454004,6.935340138613411,4.173759950975379,33,2
6.957091217270869,7.14782107914138,4.0008323911521595,33,2
7.470679799448873,4.931778494387608,5.3843593917500385,33,2
9.250417849210226,6.070556666034461,4.538462014381255,33,2
9.25507987269976,5.30902750846416,5.0252473578674595,33,2
9.647333285575273,3.935969074013567,5.877591643172937,33,2
9.438671099483011,2.7410468802897547,6.655670665479498,33,2
9.132988784768665,3.909318126940035,5.928597589872498,33,2
5.105631353398863,5.603034976626615,5.111158021384405,33,2
8.992794732009036,4.9508156065783595,5.271685917804457,33,2
8.485091502930693,6.243189444716173,4.478572039206461,33,2
6.685867890334616,4.357612278496229,5.803427310349777,33,2
6.97813526511407,4.611934729042087,5.6214594877664865,33,2
8.987029125960325,5.905763751989486,4.661257801492302,33,2
8.855727165729125,6.13279947148656,4.524709205120352,33,2
9.731843811017397,6.983383153141668,3.9228093933472152,33,2
6.99717670303318,2.7992333515904457,6.779651556968025,33,2
6.985836124471515,6.6241472080088,4.333889467054027,33,2
9.581768440595319,6.306091579939355,4.3659307221205115,33,2
9.631747457457916,2.249376583933442,6.957407552245048,33,2
6.244977320577654,5.515715984768823,5.091784704453666,33,2
9.890812868377896,6.12055646918156,4.4641991326925226,33,2
8.758855076382087,4.055952593353966,5.859508493639326,33,2
8.375003312293552,5.989898804465774,4.647851602641972,33,2
7.744441754418522,3.6987012467567277,6.154991536579408,33,2
7.360806892544644,4.2407219109620105,5.8336308192606605,33,2
9.349099288299215,4.81120641094504,5.337458635269032,33,2
6.327499822266885,7.047286844176609,4.106705059268792,33,2
8.283912017133089,3.8607027069996116,6.015753090984477,33,2
9.210364371728314,7.042132458650878,3.9196622769968252,33,2
8.88607094269068,5.919727119317723,4.658992193879417,33,2
4.704524000682512,3.6851875464589714,6.364344252248778,33,2
8.730585305773278,2.482998448892927,6.867475917187656,33,2
8.8470574493304,3.1986992691421126,6.402005706411607,33,2
9.675805100173276,6.11174749983102,4.4840293483147535,33,2
9.44752738172577,5.659125797321561,4.788609462234008,33,2
8.331768063707916,7.596230872748068,3.6232559040724905,33,2
4.662110180778165,4.620443053452112,5.768931720999061,33,2
7.059144569813233,4.264933167629958,5.838061792666202,33,2
9.461839279217731,3.7441979665311065,6.012500400701818,33,2
8.562531444694645,3.174825682291366,6.436061535248078,33,2
8.426802839282558,6.532136094282378,4.297602993461336,33,2
6.445490283897369,2.540807573331301,6.981371980527182,33,2
9.050228042114531,2.30162375234706,6.962383474572058,33,2
4.9080015772496175,3.4379033188299877,6.5090789441987,33,2
8.029586671074284,4.292161890798155,5.756572675225848,33,2
7.732333786544028,6.645481355315996,4.270956485184319,33,2
7.0561940596070585,3.4209347608796437,6.378099150208778,33,2
8.396535193450214,2.7236032632806095,6.735634530343296,33,2
7.720780066830349,4.7471167012944875,5.485960964462893,33,2
7.589575297536246,7.6410697986282905,3.643578699912849,33,2
7.49791094742559,4.732981595595333,5.509716952183126,33,2
4.951661453565752,4.87769441383897,5.585269823457399,33,2
9.723423294791033,5.8331449039099645,4.659086590137639,33,2
8.59468413935737,5.214020376575652,5.129618592890342,33,2
5.4565574111635655,4.261189188275134,5.94626653278571,33,2
5.931599318286612,4.359106283973143,5.8522719034370185,33,2
6.21633587200132,2.9376421974869884,6.742676403583843,33,2
7.0591232981640015,3.655737076196516,6.22772029812908,33,2
7.064871412612137,2.8571214057895817,6.738155396895286,33,2
4.9879410979623335,4.416927638127085,5.8775924660139305,33,2
8.84204058698063,6.969367256572681,3.9905231148662184,33,2
4.866533023803017,3.9956344265998354,6.1550780776918215,33,2
4.464154208311066,5.2011764676410595,5.410550004078997,33,2
5.8538149065511105,6.06524512368377,4.766118381148377,33,2
8.678308057823502,7.154435650100987,3.8829590845991753,33,2
8.12297539691597,5.648540477286,4.882832965393797,33,2
5.4498966114226315,6.272270215499201,4.660368438181177,33,2
8.477828527219472,2.7855489174702095,6.690645185333823,33,2
6.914671460779582,6.101215636886,4.673068227538497,33,2
5.639253215573463,3.055688160327416,6.705272831777048,33,2
8.165470770631323,5.057686050059174,5.257952542600199,33,2
8.797672120590724,5.221487506522417,5.1114402516926924,33,2
9.277381638084082,2.5187046132982767,6.80853541077617,33,2
6.721491585036144,3.740139139927117,6.196026582118478,33,2
8.524324691978244,6.416808584098222,4.364930531406894,33,2
7.658047689032165,6.129611724671663,4.605824342469237,33,2
6.502580201485289,3.106738613582512,6.61561895890819,33,2
7.072493412566751,2.9787141734809275,6.6598783740289775,33,2
7.489781750787755,7.587143162437357,3.684660346957501,33,2
8.833837797534786,4.93064238003116,5.295084269775526,33,2
8.465686893678932,6.384941957979556,4.389184755431668,33,2
6.299115022880509,5.738309008908279,4.945834208653629,33,2
4.835396125752752,6.299518306498312,4.683511955783457,33,2
6.980629633647792,5.714362252488965,4.916154501329749,33,2
6.095350731654199,3.9896638725840536,6.077764933502236,33,2
7.867294289268098,4.4311031804177095,5.6784176126684915,33,2
5.374506350254977,3.2531490397263534,6.596451676546964,33,2
4.889658637795384,3.7136371042421654,6.333923781797576,33,2
8.55882524795928,6.007174391865073,4.624664954374831,33,2
9.441332467580915,7.181756921071843,3.8151054181964006,33,2
5.171006183759966,5.115028398015045,5.418982930388843,33,2
9.634265181901963,5.671165037956725,4.768579594242421,33,2
7.261665015019546,2.68983633775754,6.832161925660102,33,2
5.336986964409372,6.305768076078355,4.646397167963745,33,2
7.450830995035453,3.4842879476939066,6.311521161083291,33,2
6.950882570890364,6.470150045180119,4.434697705715463,33,2
9.287059231811218,4.34317220034041,5.64092121941249,33,2
8.57007750778782,4.876224139880768,5.347306179338904,33,2
7.42941605919559,5.756137829047093,4.859802900598183,33,2
9.610369319387587,2.2018069708342165,6.989245750633997,33,2
7.10549328188021,7.670706687132551,3.656583469970989,33,2
8.06378671871673,3.120643716887069,6.503647044703888,33,2
6.904366747412486,2.8640710678866923,6.7443074570743375,33,2
8.989226265889316,6.064015716089903,4.55989081065901,33,2
7.442777465044384,3.487503996242176,6.309995825957399,33,2
7.274509718602274,2.7955697586335866,6.763684112494724,33,2
5.3979574891040585,6.309507580706833,4.639979739311773,33,2
7.342951363899952,2.995523686417097,6.631269740081692,33,2
6.281748304149895,2.3395119871907593,7.120936667090438,33,2
8.766138642471851,5.552308090387483,4.901921089781683,33,2
8.803715667095162,5.827851423660337,4.723195658335466,33,2
6.436633579906101,3.566343738870308,6.3259980840876056,33,2
8.640967669683276,7.39036268087238,3.7345196177969937,33,2
7.539544487349702,5.260251411317587,5.169713118967278,33,2
9.793777318300082,2.286388811188553,6.9230356646448,33,2
8.017785413108482,5.7622234706882125,4.817063586065064,33,2
5.073656132687113,6.676035120604236,4.426951361995511,33,2
9.832832335562733,5.803361150650003,4.670913349885548,33,2
8.430177443288356,6.726025811540498,4.173363460316218,33,2
5.819916772996031,6.033392747478917,4.788730066866848,33,2
5.434819344293156,5.936492883896413,4.876135510880676,33,2
4.357281215401547,4.776337344344162,5.689343998568521,33,2
8.64989641564507,5.336706085081143,5.0475003740241045,33,2
6.331639232280395,5.100498811372575,5.351646215398244,33,2
4.858625874953024,4.919589957415011,5.564615009354235,33,2
9.495975635308227,2.9690480908067514,6.5060518694520475,33,2
5.699567274438193,3.624088433213978,6.337727554749013,33,2
9.726423856350891,2.2937652673606634,6.9227644761042555,33,2
8.961867197430438,6.198044169242135,4.475969218578208,33,2
7.920451183912413,5.825260400874038,4.783170026985574,33,2
4.8716891378551646,5.296808036495375,5.322474368676483,33,2
4.960699883698002,3.3524432302804854,6.560261981781428,33,2
8.055816873137964,5.859783732012476,4.7521505880577894,33,2
6.69645379432094,3.9563154954563573,6.0594078699234775,33,2
6.910299869964347,3.96953671679632,6.036832167409762,33,2
6.848099603336805,3.024869382780349,6.645171830833393,33,2
7.740771547070283,3.144710382665616,6.509580312991271,33,2
8.483207203400378,3.713912124261985,6.096485667081968,33,2
9.838018979027563,5.981276279051842,4.556771925497803,33,2
9.033118368213163,4.158578396719055,5.775758362078989,33,2
4.785316654293755,4.017345218017305,6.146553580146415,33,2
8.232229185358708,1.9042833129626109,7.2705403422958454,33,2
6.933364973029568,4.604540249230316,5.6291451181587675,33,2
9.50197508955721,2.7707413982437985,6.6324976933975,33,2
8.469202224093648,6.166324708020549,4.528785734357792,33,2
7.362517210674296,6.243820628234031,4.552285711554443,33,2
9.232209844292049,6.754048331131821,4.102485775046501,33,2
4.904760765369471,6.3094800155033175,4.672560431993977,33,2
8.182853187731292,4.301480870953428,5.740492678436692,33,2
5.121769391009039,3.2383328935665396,6.622615283669266,33,2
6.4880522674954815,3.5785266971913607,6.314810665816883,33,2
8.198658300306752,7.393729554620785,3.76156933065082,33,2
8.441447954531347,5.391395241079523,5.02628252100715,33,2
7.335615658311386,3.5856602883484268,6.254287902845266,33,2
7.780925940556737,6.613404388213075,4.288265445853284,33,2
5.836823815738496,5.99756329678147,4.810531203425763,33,2
8.275423261741269,7.306838254839047,3.8120788182587275,33,2
8.049907811797947,7.3812856380938126,3.779349946681121,33,2
8.111962847460582,7.6754291253035865,3.5871112420629148,33,2
8.130450187176482,5.949928390255549,4.689564177112889,33,2
5.882067954219817,5.360424911408681,5.215073675451337,33,2
9.65032678834711,2.8755247510328648,6.555680787600245,33,2
5.886504528594464,5.724071888434146,4.982183024757489,33,2
6.84175628973394,2.2226715590995716,7.158696495036611,33,2
9.940560508262038,7.328819217543017,3.688079408595775,33,2
8.292351803306092,7.627679496451162,3.6057430139234636,33,2
7.178934037090883,7.397549202745801,3.826452960524415,33,2
4.9782507750748515,4.827825600624377,5.615411620941795,33,2
7.060532033969072,4.5132046239132,5.679169535033448,33,2
8.021239650124368,6.267806243597778,4.493452098360827,33,2
7.469819637770908,7.858741256886175,3.512257381341092,33,2
5.674537575833768,3.816158759784705,6.216527129068398,33,2
5.210713249524121,6.1588666963248855,4.748696132697479,33,2
0.4041977855138119,9.841684551637988,9.806647516899291,34,2
1.8807486823007087,9.735963156940018,9.836654465267248,34,2
1.8267850369882148,9.833099174270712,9.70427278195226,34,2
2.9832316620664594,9.869550809514609,9.559919576758922,34,2
1.8709548456552814,9.771832320369255,9.786954927807974,34,2
1.4169177192623315,9.874954673225387,9.678336457619785,34,2
1.0345605499892543,9.736913700004244,9.90339945246871,34,2
2.1933486853837243,9.647081629991218,9.936608104539792,34,2
2.687220847355841,9.589287324633963,9.978220154942196,34,2
3.2907749306947083,9.785484753127086,9.653502071487376,34,2
1.619719201062358,9.908256531316475,9.615145449457636,34,2
2.468145026092338,9.623097499314055,9.948257229129878,34,2
2.9480180660093622,9.846614777686295,9.595036348395526,34,2
1.918412000722022,9.82258465594688,9.711700304230806,34,2
1.6838641427249967,9.636010155728686,9.993184022896118,34,2
2.284875980905512,9.731753883039389,9.810063790802444,34,2
1.5986056591075997,9.886922924867577,9.646872264620612,34,2
0.4778324521654371,9.838791373616484,9.804795275413605,34,2
2.0857699272667922,9.966620033891717,9.495498392440753,34,2
1.1969541429529955,9.760251203424264,9.857484894934922,34,2
2.4146970457424737,9.904903124273067,9.555902902734754,34,2
2.4404833142921527,9.984079149255459,9.442384204498646,34,2
1.5523422660110218,9.79111143153894,9.785453722684624,34,2
3.135801134854307,9.777500173516879,9.677209682250597,34,2
1.841118856868721,9.69471344207168,9.897903929290266,34,2
3.094988472267684,9.710526455896265,9.774762058511877,34,2
1.5833923902669502,9.683030283420003,9.935084776730136,34,2
0.35691915670843133,9.736508328982229,9.958491955914184,34,2
2.118368086387833,9.85120788475288,9.655323622662534,34,2
3.007513604771777,9.689011726625782,9.812083136911596,34,2
0.6479785593201475,9.895008773057231,9.711976963956344,34,2
2.842131763371783,9.819611807668236,9.641563737768626,34,2
0.33509956497076265,9.842881936410802,9.810521672019037,34,2
1.489616771655627,9.962422725754406,9.549371814518675,34,2
3.2614255835052144,9.638318966081545,9.863006235341373,34,2
1.696182183083525,9.976373492849495,9.513115536913846,34,2
1.512263056383019,9.927647886682335,9.596496951929309,34,2
1.289322074485896,9.718259553800642,9.909158342101598,34,2
1.6823725521753021,9.71418857455178,9.88326423441384,34,2
1.3255336900391692,9.913357808177619,9.631634850358642,34,2
2.283254630903147,9.943499049265672,9.512152967002105,34,2
2.94907216561578,9.666986424560116,9.847786888084418,34,2
1.38986029157639,9.95070964097214,9.573884776133438,34,2
1.8445839675605202,9.654242599518067,9.954589745428487,34,2
1.499783311596441,9.849934566177934,9.706886203589251,34,2
2.511619808654023,9.670352993623593,9.87824498923036,34,2
1.2659312584562699,9.86132085616288,9.709674821157707,34,2
1.4347702432228548,9.73328620151028,9.876305105929706,34,2
1.6766205118509658,9.939750682767997,9.566237763895503,34,2
2.8941501333172273,9.820048018059282,9.636764437672912,34,2
3.073205558427886,9.983248925918392,9.392644979898147,34,2
2.7344522232015347,9.832932577648315,9.631477848569236,34,2
1.5551043846098855,9.956040985099664,9.553085387620012,34,2
0.4771522986570882,9.72913382328593,9.959198156230366,34,2
2.174272961677517,9.850161217015842,9.652298841337226,34,2
2.846993815145864,9.658413764624058,9.868066368022276,34,2
1.9242811827765174,9.676151029005203,9.917340292723319,34,2
1.8790459600864784,9.821537659621727,9.716341328396108,34,2
2.735862577830031,9.591787930634698,9.970786799906172,34,2
2.9835292016995023,9.993278939548702,9.385742478082864,34,2
2.162695360081022,9.979905704656776,9.470608891072812,34,2
1.5999822921705706,9.946519496245225,9.562876527287955,34,2
1.2564453284662596,9.961180483067258,9.569880924683552,34,2
2.935943146398893,9.71041907647995,9.787709728403911,34,2
2.378682939469731,9.81827771240054,9.680729878385653,34,2
1.937689545269859,9.693472982695344,9.891880013605421,34,2
3.1737110596089315,9.88545291529973,9.522210952742933,34,2
1.2523761085444176,9.909046981436862,9.643588681690435,34,2
1.897039215387601,9.9918443510264,9.475178946558952,34,2
1.1489076992216605,9.78053569248718,9.832799261804686,34,2
2.29386494864216,9.599415476099024,9.995613081684688,34,2
3.160343913410511,9.810621217209283,9.62861558427329,34,2
0.18339011370336733,9.741285042964236,9.965730371091762,34,2
1.5432556012840155,9.890164222256365,9.646763361836747,34,2
7.269519968901687,2.4556439356043915,3.71050195553787,35,2
8.747608945259506,0.5220270692116871,5.115105429607446,35,2
5.774111344940139,2.7314854306641174,2.9141969137247052,35,2
7.56494649027912,0.18886638054039917,4.690306872690516,35,2
9.018740192621157,2.270448809525467,4.590854760619747,35,2
8.353808426997833,2.033990806651529,4.37028998717429,35,2
8.37874613526932,4.568243571123135,3.4396659789783213,35,2
6.858232125709825,4.248312997928242,2.8532121890610926,35,2
9.25686288687042,6.096361061610537,3.2789142136080747,35,2
6.273315030785312,1.123327312449139,3.7436745942764866,35,2
8.154942445222567,2.2525583475230415,4.196772058004915,35,2
6.035732383909338,0.6225885540837766,3.8196213338942178,35,2
7.06232968448276,0.854735557598622,4.209573171050708,35,2
6.836931812094328,4.348492691250303,2.8060853740121035,35,2
9.6498389001517,5.328408544707942,3.7467361206098704,35,2
9.527475653433713,2.48676008661728,4.746446976783202,35,2
7.813282803908779,2.345186688233711,4.003831229791615,35,2
7.825526105217589,5.339368891096308,2.8963238813401224,35,2
6.320706530697325,0.9998329949728375,3.811573654058976,35,2
9.901993156481204,1.2103657211798506,5.394735834961652,35,2
7.7387713672801945,4.617301404465848,3.124529233841313,35,2
8.308795762421106,0.6390472587217677,4.868024529945205,35,2
7.182436078703123,5.441762205926338,2.5599126544730093,35,2
7.941149395178751,4.063492533901636,3.424313641009662,35,2
8.644602370891883,5.468016034761559,3.228481843892565,35,2
8.279075056550147,2.687656290125015,4.092597609242124,35,2
8.570877078347555,1.9044249925406356,4.519163154844808,35,2
6.777896175519594,1.1178806357392699,3.979785463868791,35,2
7.673368289875373,1.7715938498656594,4.152174224342682,35,2
9.89471170454866,1.689689394319247,5.213153224482793,35,2
8.41794582765853,2.9094278549804984,4.074571713692773,35,2
6.439239940038658,4.149510736601973,2.6955658771552797,35,2
7.0737240113093955,2.1346084020151044,3.7390237477640897,35,2
8.927295536593284,0.43461413882189426,5.230964524545974,35,2
8.679936009206456,5.180146591288566,3.3518989513462145,35,2
5.825786265084173,3.813263475694713,2.5359828716625574,35,2
7.734885452116827,3.8871956411841557,3.394167687207047,35,2
7.2452036097613295,2.0667699123406806,3.8437979924355083,35,2
7.390076862679692,2.67123425722116,3.686277947909854,35,2
9.57455647747525,6.485061630819324,3.281786578637594,35,2
8.95070710729336,2.921128462722914,4.317380869106901,35,2
7.182462030174348,2.1501809194419077,3.7836800153041135,35,2
8.308213223686476,3.4010751231766565,3.840878134538985,35,2
6.564377507335017,0.7540273020428561,4.016004262908036,35,2
6.604619155556241,0.9407205773121854,3.9652637534048587,35,2
6.326924566729643,2.995299726784013,3.0725769027581187,35,2
8.95717071789984,6.557231043600298,2.9685368513247408,35,2
6.8599625878427615,4.930535562348249,2.600375954406464,35,2
7.993815522379146,3.715549836224514,3.578105896762306,35,2
7.5152005490410625,5.408680023891266,2.726588550333638,35,2
6.5724388177113795,4.160103793635691,2.753421336217013,35,2
9.6369610174824,5.504371507080331,3.675341687419111,35,2
7.171809979501052,2.5131247081186037,3.6438018231712648,35,2
8.991283694349972,4.672121104014797,3.685215189218995,35,2
5.920533433643585,2.552774867807729,3.04856684629143,35,2
6.080745081464569,1.0801565012489378,3.670387505551884,35,2
6.723045074067916,0.7779322046746704,4.080726063151955,35,2
8.762208904320536,5.792746416494293,3.162312637647733,35,2
8.092507803693527,2.087279954905545,4.229255069485626,35,2
5.875386013110604,1.1328764394362691,3.5555166835140186,35,2
8.407235915072148,2.65393450040194,4.16459134938717,35,2
5.798417033108615,2.8039081964223547,2.898547254567733,35,2
9.161550845228346,6.575987588345426,3.0563797511776327,35,2
9.994839648584843,0.15523491634514563,5.830089420816817,35,2
7.721294215757415,5.658421588790925,2.729349998517943,35,2
8.898822484478705,1.6858119197227357,4.752580692296888,35,2
9.139448059186702,5.046631803782974,3.614714912023455,35,2
9.214243335309797,6.225868139868447,3.2109935170687827,35,2
7.261955958300666,3.220576057249337,3.422603776638456,35,2
9.820739519549212,5.126856110509465,3.90095439114908,35,2
6.901930605518516,3.068303383759321,3.31219284033918,35,2
7.257500831650303,2.3157818629322584,3.7569244216514974,35,2
9.19112694125755,6.389382930718062,3.139477245166053,35,2
8.139649986361706,5.288813575764638,3.0608482339783967,35,2
9.634198456145661,2.8154671164341627,4.673750125430635,35,2
8.28999770318156,3.140667008798142,3.9292429858371585,35,2
7.54331952706368,0.4145276479457216,4.596376550220841,35,2
9.14521943961879,0.3745315386720707,5.354401755232824,35,2
8.415861890278768,1.8893757519576873,4.452843382208561,35,2
6.168802462777769,2.6798955093876557,3.116482764080826,35,2
7.647639579058277,0.44753329883413295,4.6325018794699675,35,2
6.854158894277127,0.36671408693471097,4.294436617627434,35,2
8.793593252577564,5.2285098712039275,3.386646289818776,35,2
9.948226995975348,1.5192598410185747,5.30134298303261,35,2
5.908606355259558,2.7604867295175186,2.9658097972356954,35,2
9.891315085329245,4.470722452024725,4.1776355019155105,35,2
7.2055366685790005,0.7597464264524594,4.311325308924971,35,2
9.401805142949573,5.815425206842326,3.450603288275859,35,2
8.878245138103228,6.553915528833048,2.933154255750167,35,2
6.271552631886083,0.930739980425026,3.8144577554783226,35,2
9.281851784595517,4.579547874908499,3.854433074638461,35,2
7.980028271575517,4.009486754192919,3.4624288286912552,35,2
7.642821317739601,5.789826630057678,2.644090543631397,35,2
7.434516034607702,4.5775736388371575,2.9981488618425,35,2
9.605031298883196,2.7668436759595663,4.678296251700268,35,2
8.761045401832842,1.5300981779644385,4.746554770243247,35,2
9.020746491091117,6.64614522316379,2.964974182683631,35,2
6.473176467596652,0.4959041213553519,4.069660084765518,35,2
9.290717174193528,5.7106286180477515,3.438028858864951,35,2
6.824224865051085,4.147317041884561,2.8749841213299097,35,2
8.153476881787679,1.7504105005599637,4.382782391917269,35,2
6.436853417455542,3.5668819317535223,2.9110704437223456,35,2
6.715164428709695,4.880439408999375,2.5518259388073035,35,2
5.8482858767144155,2.446111394996745,3.0547053834973554,35,2
9.338375953360924,3.830968944435634,4.158965063207094,35,2
7.39061185200571,2.845175220614517,3.6218577759471478,35,2
6.140821357123805,2.2393187541466264,3.2673008655133033,35,2
7.561391712389668,0.7468723716255776,4.48120036464574,35,2
6.084000671712497,1.7560121496801617,3.420625923898444,35,2
5.759692838181719,0.8684839666699173,3.600140903647235,35,2
6.781865705218648,5.200487007111056,2.463781686424238,35,2
9.758000693982911,4.172285120694046,4.226742180020603,35,2
6.545180459187085,1.772125685087266,3.628586254923519,35,2
6.362236658755879,0.8528913892340992,3.8854708120623824,35,2
7.078247713366389,1.9764988139504442,3.7999049111217698,35,2
9.679039323128926,6.841268440014133,3.1978266019341746,35,2
8.788276349768102,5.816708884738668,3.1654970297793734,35,2
9.594423768768403,4.15660806736525,4.156683846456757,35,2
5.420365555036177,2.0609925418436394,2.9993648795098764,35,2
8.150954416577932,3.342357252423954,3.789752771805631,35,2
6.914917544521231,5.287386047836298,2.493199632301306,35,2
7.073073218394417,4.240281583638503,2.9558674712284407,35,2
7.263500831755203,4.496203790037605,2.9490632452995538,35,2
6.099217093239394,0.6401698297182481,3.8425368092050647,35,2
7.837750781556201,4.949233679506344,3.0470409678307906,35,2
9.072211566901444,5.076605818407236,3.5723786370276787,35,2
7.828980370088535,4.929080141546412,3.05046493920411,35,2
7.8743023553176315,0.7704882080204802,4.617586266508978,35,2
6.930946255746976,3.4881420281682383,3.1695647716602005,35,2
7.990204961145238,2.438955117713685,4.0510476210179345,35,2
8.933109110728155,0.08199869729293274,5.364758136738889,35,2
9.946686769006163,6.419692000336402,3.4787290508915634,35,2
7.164559461426295,5.4099775060035595,2.563436337082761,35,2
6.723033888115672,2.1833545074282013,3.5582081748060173,35,2
7.778214584913298,3.371484093541589,3.606001988855703,35,2
1.421111384777119,1.9163451097705242,5.430659337707241,36,2
1.2817764166137569,1.9277519674782797,5.4105148462082235,36,2
1.3553542003869614,1.880587301447487,5.488673212767779,36,2
1.2948148088484894,1.894432725734416,5.465331586624982,36,2
1.3672820391793357,1.8855793869997717,5.480602068022548,36,2
1.3409156005326048,1.9544587698113693,5.367287864548362,36,2
1.2498534562053512,1.9432646869945382,5.3847292245148966,36,2
1.4256242171815625,1.9242817122014348,5.417679894972859,36,2
1.413834199756302,1.9266637122648835,5.413650100718619,36,2
1.2392451704270917,1.8997232874316332,5.45608097345701,36,2
1.294925210249613,1.8966936205996747,5.461622134602973,36,2
1.3503599723146977,1.883837642641423,5.483287728656598,36,2
1.4163844461491542,1.9342488755976723,5.401227388341639,36,2
1.3452070428978362,1.8964000074270262,5.462617732803851,36,2
1.2715333570259337,1.9449172984056928,5.382238458772224,36,2
1.371155984718585,1.9122653810577264,5.4368446019962775,36,2
1.3532977903755838,1.9329441315124576,5.402724189039973,36,2
1.3907530159432857,1.8782131591543851,5.492931317653532,36,2
1.3525168363514408,1.9318022972535718,5.404590188216936,36,2
1.3577081870264756,1.8904581698688179,5.472497196736488,36,2
1.3290727995430174,1.8818831217149874,5.486278000636108,36,2
1.2840199274417439,1.9600030785266656,5.357607253995277,36,2
1.3495879182153014,1.9479788895472792,5.378011245583846,36,2
1.3210399991098283,1.8697636147201233,5.506086462209229,36,2
1.3645516154344641,1.9078308958498693,5.444055002144819,36,2
1.2844168321617937,1.9337668259877778,5.400670238876957,36,2
1.2581598998566164,1.9302483993663269,5.40617641728253,36,2
1.2811799240927186,1.9322028100909463,5.403204030394837,36,2
1.333590935452246,1.877984767068911,5.492722140082956,36,2
1.3460821849358262,1.9243932463914044,5.416684178599589,36,2
1.4037856322185358,1.9233686717879739,5.41895525576943,36,2
1.2668659512611025,1.928857137023266,5.408548704767344,36,2
1.2783253580659797,1.885319602289166,5.480119572359995,36,2
1.3477681951879819,1.9355989893591756,5.398310542270636,36,2
1.4088304910668548,1.897891105898216,5.460820571653679,36,2
1.2783560649290742,1.913188829474811,5.434380918808918,36,2
1.4069621665126824,1.9275500794961458,5.412125184769869,36,2
1.2786072148378307,1.943495197659518,5.384644682409517,36,2
1.2862724248564135,1.960083371067029,5.357498491259083,36,2
1.3939975584953006,1.8806654861672019,5.4889397081993145,36,2
1.3862260324538977,1.921744932026179,5.421440733737269,36,2
1.3404375213704642,1.9267105158785705,5.41282340611173,36,2
1.3743669247284287,1.8954621378003893,5.4644548853687125,36,2
1.264452259517464,1.9332669778738265,5.401286615039245,36,2
1.311169082566619,1.9360107564317492,5.397260823789703,36,2
1.2755962863701942,1.8910521047080437,5.470683508683983,36,2
1.355832515037333,1.9275355533403444,5.411626642731248,36,2
1.2947006835663477,1.8953948666010092,5.463751355326745,36,2
1.4065217256601965,1.9061263214745774,5.447281350089113,36,2
1.3700003746968308,1.905421295078177,5.4480653071904035,36,2
1.3259978080909116,1.8825151570479763,5.485209287808566,36,2
1.3398982072043402,1.9356242648434532,5.398188653915835,36,2
1.3177444733277257,1.8915305922880175,5.470328835381306,36,2
1.3470227310644773,1.9018598792169739,5.453675543420001,36,2
1.3101416881976247,1.8750667093014775,5.49727167891396,36,2
1.3310579918362855,1.9573506220610275,5.3624410441083645,36,2
1.3735156207824812,1.893264515391807,5.468052924987137,36,2
1.2904596669348127,1.8881445845277514,5.47560718638888,36,2
1.418902452248778,1.929912021787339,5.408370757522088,36,2
1.2632989046517826,1.9142364978479665,5.432507649518561,36,2
1.3770977201986512,1.9574890918372807,5.3626841670945335,36,2
1.244533306298582,1.8962996164307646,5.4617539291978074,36,2
1.2774828341940563,1.9363064938792467,5.396431293299452,36,2
1.3374929547214525,1.8762312613798389,5.495639859314677,36,2
1.2347501144874422,1.911995051264833,5.435894633173782,36,2
1.2731168698667936,1.8958981679036782,5.462704819476379,36,2
1.2687295052623941,1.9376489283449725,5.394138659086332,36,2
1.3860468406367616,1.943715197682053,5.385381309578498,36,2
1.3556362711678307,1.9415806889764853,5.38857376536026,36,2
1.360683654863201,1.9498043011062423,5.3751287438078625,36,2
1.2819885835356541,1.9180383062166646,5.4264590718210375,36,2
1.3532770212837313,1.9077112931470552,5.444136103584367,36,2
1.413166908670515,1.9057204101273857,5.44801542429776,36,2
1.385461843493342,1.9474962951050372,5.379169796815229,36,2
1.3077318206416269,1.9078644829800793,5.443419361435033,36,2
1.3040392436308863,1.9009194785655676,5.454779774203401,36,2
1.3184833795572433,1.9149233140564776,5.43194425671922,36,2
1.3314201199983449,1.962746687202533,5.353588723418234,36,2
1.323742738658029,1.868305986015569,5.508506335399869,36,2
1.3958554845607296,1.9078755814784878,5.444301490048917,36,2
1.2590733076639502,1.940010201523121,5.390164682639564,36,2
1.308093758115535,1.927610978966569,5.411015116008692,36,2
1.289992872548829,1.8802170255170199,5.488613124700234,36,2
1.391001882552429,1.9382193285536857,5.394451753102651,36,2
1.344924677846871,1.9433203383096493,5.385609214994595,36,2
1.4177424989594594,1.9019619391843734,5.454230573654159,36,2
1.3966437705230406,1.883095407346542,5.484978758157986,36,2
1.2920432492440543,1.8985981228905926,5.458467021543683,36,2
1.4135974421349748,1.9252026430493614,5.416045588166218,36,2
1.3128271167131091,1.933381050323421,5.401593636497691,36,2
1.381282552697792,1.9500947681014131,5.374862484660002,36,2
1.2954912827408134,1.896289540525897,5.462291094158373,36,2
1.3812346161670812,1.9018378544685342,5.454061227045844,36,2
1.3547656190542574,1.8768024693959364,5.494878864564225,36,2
1.2949280058229262,1.9012916582367814,5.45407586517733,36,2
1.2754334626134554,1.8847274048015241,5.481061940728144,36,2
1.3468334951871561,1.9059065726097653,5.447032178051906,36,2
1.2942718865300566,1.9379093744091578,5.393972176953604,36,2
1.311205907690068,1.9480098932240806,5.377568220329558,36,2
1.2952989333432894,1.8891519444636802,5.474003349470738,36,2
1.3067778228303708,1.9160279613633595,5.430011716344602,36,2
1.3823577011124244,1.8848578531914413,5.48194027439123,36,2
1.2755267667531658,1.9232898152957978,5.417774277491114,36,2
1.341444112481537,1.8861941392121016,5.479329155473035,36,2
1.3036970672711279,1.9316874987707557,5.40427981274009,36,2
1.3216621601770842,1.952183182975456,5.370825848076629,36,2
1.3503458895277671,1.9281207649406626,5.410610137772607,36,2
1.3459142433683988,1.9276013209860454,5.411417371710963,36,2
1.2348852834774913,1.91564611883819,5.429903883167188,36,2
1.2799726548551618,1.930941410547488,5.405261904495798,36,2
1.3459435782320885,1.939315725702728,5.392191993921138,36,2
1.325367228953946,1.8719305095830152,5.502574365533034,36,2
1.4200893207691159,1.9026870554272164,5.453064490146545,36,2
1.2975253919445102,1.9408748042449266,5.389138554872573,36,2
1.399424082611211,1.9007720327559838,5.455996291794464,36,2
1.2367089083428378,1.9277946861760509,5.409984289749031,36,2
1.3620892516527505,1.9089636952667732,5.442170694558944,36,2
1.296447785232954,1.8858367129018816,5.47945604412422,36,2
1.3450235966167787,1.9188366866440218,5.425792787381721,36,2
1.3947411143411077,1.9496721765567961,5.375693545455457,36,2
1.2962030079672655,1.8770087111498523,5.493942057100438,36,2
1.3457025757912988,1.9475025383448177,5.378753337196345,36,2
1.3479457371964174,1.9110887518704125,5.438538550582044,36,2
1.2775899068979641,1.8821747894443737,5.485273324284319,36,2
1.285256827402146,1.908307964455905,5.442461896847023,36,2
1.409668530055193,1.9102732420496482,5.4405075756170485,36,2
1.2975880330929341,1.9080174190172186,5.4430647256221505,36,2
1.3410041022157706,1.901790115241453,5.4537285487980185,36,2
1.344435620671488,1.9414229193808086,5.388718261761782,36,2
1.2834162638076831,1.9336956642886527,5.4007768068110495,36,2
1.255840684294403,1.9195225664830973,5.423755955981402,36,2
1.2723723885539957,1.92208080039885,5.419726284667413,36,2
1.2925369683212227,1.9623722335902964,5.353806014476691,36,2
1.3862009919716458,1.9508002397465076,5.373754915608791,36,2
1.3455508760119221,1.87920608134009,5.490839912008426,36,2
1.3108835891577026,1.9393693161561651,5.391745839745527,36,2
1.2461182538606976,1.9189492152437204,5.424597607557464,36,2
1.3279259047254461,1.937341312820792,5.395248316452103,36,2
1.3514337529168636,1.9619860766591997,5.355041512865204,36,2
1.359730216291997,1.901263208921165,5.454784628598268,36,2
1.3218804856538569,1.870567498238255,5.50477571591932,36,2
1.3172579861653742,1.9123190338060978,5.436205881061418,36,2
1.2769709853017144,1.8946698089849274,5.464760178561775,36,2
1.39493102230836,1.906465690184786,5.446605958153324,36,2
1.415148800110031,1.900927934072177,5.455901083183411,36,2
1.244600380321333,1.915380155124803,5.430439640113285,36,2
1.3223864620723407,1.9125171802707157,5.435933079849991,36,2
1.3649158828677475,1.9018243411961318,5.453916679490711,36,2
1.2948771743969996,1.882342302395851,5.485175022950436,36,2
1.353078442615478,1.926928519484377,5.4125947686555,36,2
1.3994332837924746,1.9310988936645932,5.4062239507965595,36,2
1.2675466487371985,1.9291631345967268,5.408053456204247,36,2
1.4177767688727578,1.9331163957674886,5.403100239006774,36,2
1.3616061884411599,1.9635277270589935,5.352615286618472,36,2
1.3099118867267683,1.9391527306910938,5.3920913720384585,36,2
1.3903850500635728,1.9126673785006496,5.436381303781391,36,2
1.3824047802863584,1.9278033738983666,5.411458579719007,36,2
1.344184762066326,1.9100291836935845,5.440239088355566,36,2
1.3075779093943676,1.94680985011616,5.379500664117913,36,2
1.2746982497703458,1.9378082952006568,5.393938087829085,36,2
1.3863496828725042,1.943825200397546,5.3852038672390155,36,2
1.3375970579705965,1.9037184868962806,5.450528896665781,36,2
1.2674558635831188,1.8913577649692077,5.4700986899344,36,2
1.3414885274215433,1.901833866322036,5.453661693822049,36,2
1.2998170968927096,1.940168601255137,5.390320988940235,36,2
1.321112806557872,1.8962175702760518,5.462670982165335,36,2
1.3999423816699106,1.9078242082652495,5.444427558836396,36,2
1.3339109368970599,1.9311230249693088,5.4055149165907626,36,2
1.261574915603092,1.8927947161387924,5.467680281529725,36,2
1.3356256308050516,1.9425220332253654,5.386824386384486,36,2
1.2786315409080955,1.8903303102680622,5.4718991281461005,36,2
1.273874106909457,1.908550918424999,5.441946865678453,36,2
1.38551940681046,1.9333296371017443,5.402420699784638,36,2
1.3065145849920206,1.9023433889413508,5.452468143035827,36,2
1.4109232731558154,1.9080927846305906,5.444098961159927,36,2
1.3415437820513045,1.9307427956395795,5.406216932244783,36,2
1.3720917941239688,1.8813125037082623,5.487654015990183,36,2
1.238327973052982,1.916058249741851,5.429262667386027,36,2
1.2828517038867053,1.9574866986411532,5.361725200378921,36,2
1.357129567037731,1.9645062376705957,5.350963618469246,36,2
1.3857430484080444,1.8845884187949853,5.482417057520035,36,2
1.2399116852413885,1.9216367166254409,5.42012346971372,36,2
1.2948413659663502,1.901670645751573,5.45345298579833,36,2
1.392967710966067,1.9014781337681834,5.4547714754492835,36,2
1.2515993635226081,1.8885996039656119,5.474463379963492,36,2
1.3355185420226432,1.9574627881529305,5.362302529783031,36,2
1.3783649584858448,1.9055753020025747,5.447898010505489,36,2
1.3350552273875165,1.8949278536661631,5.464930111858602,36,2
1.424127933228909,1.9204150136657367,5.424010632185694,36,2
1.3659719529630026,1.9523346873113412,5.371029904309915,36,2
1.3865104095527763,1.9391846524305747,5.392821575282412,36,2
1.3494838844755543,1.9101024490609175,5.440172985427769,36,2
1.3049176104119669,1.9054427568447818,5.447365145365431,36,2
1.2933044107952971,1.8755506297680704,5.49630544538505,36,2
1.380864075515386,1.9054400760374999,5.4481454763434245,36,2
1.311825622538201,1.9425734787339284,5.386496793670235,36,2
1.3052112958969686,1.9392334771288837,5.391910825926415,36,2
1.3564203592526756,1.963077768289866,5.353300776140287,36,2
1.41688940501154,1.9022235170682933,5.4537925562038225,36,2
1.2932984552512108,1.914300141899394,5.432709696879392,36,2
1.2962090645544495,1.8888012593327372,5.474588192447455,36,2
1.2556988616486902,1.910818792849756,5.438039137675233,36,2
1.238542209437415,1.928026488698598,5.409622586022977,36,2
1.4122274030553643,1.9199287998244345,5.4246870206408575,36,2
1.2671833085385198,1.9489414302772805,5.375589611099341,36,2
1.360389621679246,1.908674685593813,5.442627652336616,36,2
1.3300934675287477,1.900171437692555,5.456273649931951,36,2
1.3019236688274727,1.9381402822614548,5.39367138792559,36,2
1.332386108071551,1.9264698937159792,5.413136055305533,36,2
1.3453771898853424,1.885552207717965,5.480422876785571,36,2
1.3205935098926982,1.9587979958825132,5.359958700916641,36,2
1.4078536354935298,1.9005171377445385,5.456500748621133,36,2
1.3055573711562818,1.873072581868695,5.500497603122613,36,2
1.3024664208617835,1.8809622845531815,5.4875174457713936,36,2
1.3785850771628236,1.954787830244177,5.367132672864852,36,2
1.399651744752388,1.894419633260991,5.466424173918383,36,2
1.3342961870076961,1.966612679252509,5.347273242682399,36,2
1.2977221378807253,1.9015774944108736,5.45363529807402,36,2
1.369368146938276,1.9155313290196567,5.4314662631693125,36,2
1.3417983744917819,1.8838290636262258,5.483214336244063,36,2
1.3647046620994687,1.8816129474267371,5.487085454863775,36,2
1.365652841144483,1.9384242865539862,5.393856389542904,36,2
1.3716161508125222,1.878827325524741,5.49172783011644,36,2
1.3853634819617695,1.9471631441329924,5.379715559148479,36,2
1.3942983464603005,1.9310565381816185,5.406241001880548,36,2
1.3634082905088432,1.951576693240227,5.372247731477927,36,2
1.3977631360273308,1.9023387975130097,5.453407948356791,36,2
1.3443665730334364,1.951331316056738,5.372455898669272,36,2
1.3858817837425699,1.9140378231993622,5.434086121299962,36,2
1.2464196361603905,1.9084617619105884,5.441812691982702,36,2
1.2476706958212427,1.928518121149355,5.408908983079763,36,2
1.3766548184236256,1.8974764407862088,5.46117238690831,36,2
1.2459125699468792,1.9112025056843485,5.437309403521885,36,2
1.2518540749816545,1.9431231626542689,5.384981934178208,36,2
1.361723717350895,1.9309674199784992,5.4060544535804524,36,2
1.3549074659189393,1.9619416345658809,5.35514994151012,36,2
1.3939349781776327,1.925123155865399,5.415975154686175,36,2
1.3139172709905043,1.9073477811088904,5.444330568013263,36,2
1.2817556072729368,1.9498282988488969,5.374282965195297,36,2
1.3906188787851956,1.9480890002021483,5.378249737880836,36,2
1.2653217640227197,1.9295646895764103,5.407371693049361,36,2
1.2914338909726202,1.9050328924554032,5.4479000539659195,36,2
1.4111565366081416,1.9331426594838927,5.40298949729286,36,2
1.3407022253689498,1.9625707485885338,5.353972307403057,36,2
1.319264167675678,1.8736242837584207,5.499732189997205,36,2
1.3643705611602832,1.8734417053483865,5.500492681457277,36,2
1.346577351465892,1.954732970380614,5.366895691737362,36,2
1.364349203518091,1.9521054910456517,5.371389481815954,36,2
1.2499478551245562,1.9194467860106124,5.423820120904894,36,2
1.3009398528972103,1.9569859286253533,5.3627318673109166,36,2
1.2600762455169412,1.8921837522363751,5.468667683662643,36,2
1.351647038870529,1.940948136366294,5.389571153252196,36,2
1.3249367527410794,1.893616976412699,5.466978144595451,36,2
1.2809493962779093,1.9220511746904396,5.4198625361010055,36,2
1.4143880174022754,1.9372388838663075,5.396299790520329,36,2
1.4173008857354126,1.8966318030964289,5.462973879516969,36,2
1.3619230000160487,1.9222163662949983,5.420418716289387,36,2
1.2633352462220653,1.9028162170646519,5.451250982201573,36,2
1.361594330910041,1.9023782792605755,5.4529736208129265,36,2
1.2581077307053952,1.9153056761550646,5.430699877121219,36,2
1.358944051480077,1.9278487804130837,5.4111443645562565,36,2
1.2808604511156985,1.9115533060391352,5.437090726238522,36,2
1.3688573612637385,1.8952838444585236,5.464691210138696,36,2
1.289898220828356,1.9357289982610133,5.397505924684381,36,2
1.3439974342365266,1.880809756307161,5.488192089902225,36,2
1.2605970051293265,1.9185625736062586,5.425380090468185,36,2
1.420564763275056,1.9324293553063623,5.404256294037353,36,2
1.2389440299885202,1.9256260138935064,5.413566349878911,36,2
1.3460424689833068,1.9191220323179439,5.425334887781362,36,2
1.2816431711696006,1.9033677100719932,5.450532920787203,36,2
1.3748541040940485,1.8874145973951895,5.477667483685117,36,2
1.3718547894342341,1.886205233976825,5.479621647110674,36,2
1.297366990248072,1.9140340591147758,5.433187959348496,36,2
1.336981508681597,1.966472821595315,5.347530212471074,36,2
1.3905519538066402,1.910120286071118,5.4405632963361175,36,2
1.347456927518594,1.9176983563429886,5.427685875629307,36,2
1.2671206728231927,1.9017490312554477,5.453041122246705,36,2
1.3223923769086334,1.892057347505444,5.469511811663417,36,2
1.3524575719291436,1.9054822974620207,5.447785958467246,36,2
1.3408977940237632,1.9646367522801975,5.350583580854913,36,2
1.2605253252896231,1.8925017128342407,5.468150434991488,36,2
1.3382664382372187,1.9140967253957328,5.4335029736975375,36,2
1.3670602104610692,1.8952490525757086,5.464729949403022,36,2
1.4029827387221452,1.9417280845748919,5.388815590006741,36,2
1.3734349852106635,1.9074832060717755,5.444716390279378,36,2
1.2708232235571508,1.913360293201829,5.4340225509197735,36,2
1.3939320450989543,1.9323943579282439,5.404041630080166,36,2
1.244503790097722,1.9264913193118425,5.4122030139455894,36,2
1.2819549859423858,1.9245623318761964,5.415751499609714,36,2
1.3361401561271022,1.9266012892592468,5.412958763406471,36,2
1.3637468616977608,1.8918928340999792,5.470204322273833,36,2
1.2920809399084296,1.8796789014378257,5.489517627182112,36,2
1.3477037052524712,1.945428294678323,5.382178030454314,36,2
1.3432173196037502,1.960287482086843,5.35774529996003,36,2
1.4080651878189367,1.9214699075743764,5.422115230468042,36,2
1.3711575779062866,1.882074816555692,5.4863933636567985,36,2
1.3216284263635292,1.9158352805391226,5.430479669974013,36,2
1.3766705517242959,1.9112868790336024,5.438506860553407,36,2
1.329615379917196,1.9049389976431021,5.448444247440316,36,2
1.3348669087922482,1.901933420662777,5.453430653393275,36,2
5.705623793433917,3.1603401805887197,5.605345324587795,37,2
2.2338500340903713,0.3590009687620418,6.318630163705562,37,2
5.578877994833689,1.3677953526805475,6.3159986671892066,37,2
6.296876861922479,3.5627876017207694,5.5140977762446575,37,2
2.421440367004553,3.5752609442831256,5.038712845751421,37,2
2.876991017219455,0.40156527581136536,6.3794435441857855,37,2
5.523920216334546,4.22663510203456,5.151411226914138,37,2
3.616889617574047,0.30632958851007996,6.507812892137222,37,2
6.419388046112223,4.154052009529571,5.2894858584070565,37,2
7.806875809511233,1.4437941173249973,6.5556123308816945,37,2
4.306482251524642,2.957134491033765,5.517846468629811,37,2
2.3514546514018146,1.7235325425783259,5.780225895952408,37,2
7.826301374422122,1.713769450882896,6.448621591307848,37,2
9.016173539049996,2.5465175385603285,6.2557390373576105,37,2
3.932791573524902,1.2536055048285746,6.162475810442809,37,2
6.6335688389460055,1.3306535068204255,6.459042219333659,37,2
5.288620420110746,3.3841700771110492,5.464078772140909,37,2
1.7923812443579603,2.576080429488112,5.367067327480489,37,2
2.0922366368889342,1.1353138923245014,5.987013099572208,37,2
2.8279086900581807,1.1268657186425095,6.079717902902118,37,2
3.935374170147697,3.0854548932374173,5.4208341550249575,37,2
3.315930763118078,1.0869274994139766,6.155121706351003,37,2
5.3211775966868755,4.500729182585339,5.015789371905024,37,2
7.076398535579001,2.3734681942487823,6.09041328427015,37,2
3.5031557064640344,3.2896662628920086,5.285667164473928,37,2
4.468375511327418,3.1165870662046964,5.472911072308565,37,2
3.8202368301723446,0.01844089267420468,6.649095363611164,37,2
1.5251151330933483,0.6302553104512905,6.122749977704083,37,2
3.9212139076975987,1.2933171406189201,6.144986287125987,37,2
4.9079626225978386,4.587577458150623,4.930464339535019,37,2
0.9226472766270559,1.482823534300682,5.704316711228952,37,2
3.131536504656462,2.2845977635765005,5.647650024765892,37,2
3.611774076644397,3.6647477234704526,5.146929891591069,37,2
3.345029737684027,4.110381889967762,4.93406163824236,37,2
5.5139394154769565,2.296940923549352,5.931785153002561,37,2
5.472670930460171,1.275806585332654,6.340367374406671,37,2
3.580893276414695,0.39695219839774376,6.466739352988813,37,2
8.079503610550361,3.5503550469988037,5.73547746461625,37,2
5.3143144877262944,0.8924476296828558,6.476420947033677,37,2
6.762878753296331,0.12245262527376882,6.964093947046095,37,2
6.744935268188721,4.312851556405093,5.26467642027367,37,2
7.685257997499718,1.3590604909044997,6.5751721963123435,37,2
5.151548091602129,1.9262356690641698,6.03795139634341,37,2
3.130224570398833,2.1292448917206963,5.710413474443566,37,2
4.755110744609946,0.3771289687001532,6.617274390930732,37,2
2.523167377905861,3.50212576855233,5.080680680188511,37,2
4.73901204143685,0.42617613073647953,6.595455009060598,37,2
4.98123895653259,0.20097131267237495,6.716067130649947,37,2
3.321629267752373,1.0571061850744157,6.16789183670141,37,2
7.822822432573618,1.4028866905406354,6.574116413940283,37,2
5.054524153190316,3.715704377039161,5.301386711203349,37,2
5.028758893011004,3.7547327886366335,5.282452072011688,37,2
1.2953716405047753,1.2182551929995014,5.856709767675525,37,2
5.931684827173732,0.5113137973273757,6.705717454886992,37,2
9.324947924377668,1.9293725790506964,6.543175286313913,37,2
7.119979259176386,3.9686949565249354,5.449586673961341,37,2
1.506315314214754,1.0859721209420132,5.935889123392437,37,2
3.336441872870254,2.209597488811914,5.702895269681616,37,2
4.755350864081268,1.285169560448677,6.249519292353218,37,2
6.739272887992077,1.57772730234554,6.371798280423765,37,2
3.1222574934909604,1.34909650349132,6.025430551830659,37,2
6.08957612169168,0.8320133315800994,6.594986414724585,37,2
6.13318543640007,0.8343003435391739,6.599352642380821,37,2
7.184608972997582,0.6861861884023558,6.786946848530593,37,2
1.7679139219468394,2.725896555807282,5.3034177930008015,37,2
0.8497599713864927,0.12167436141439031,6.246778009951161,37,2
5.7529018942117744,3.930641013270211,5.299087694682165,37,2
6.659971755314535,3.0188427199920187,5.7784782278461,37,2
7.476765760102442,2.107618154510579,6.2466802758062725,37,2
2.0444634385875893,1.0981638209612803,5.996262138817227,37,2
4.0723937978302,0.7591241469219331,6.379698380908301,37,2
1.2974083959423721,1.4584299579541145,5.759678820543627,37,2
4.351536146656949,2.153184938927965,5.848938506306047,37,2
3.3019617539330204,0.4870500663218647,6.396395117970068,37,2
8.215573310124519,1.1508831090394869,6.723850826699767,37,2
8.308305634900206,3.4907950842733846,5.787369069498232,37,2
3.415690077505027,1.6373972654689728,5.944271642511307,37,2
6.701287009226102,1.828241621971492,6.265722248259676,37,2
8.484695699371198,0.34047452050119115,7.084752495092581,37,2
4.213604377562432,0.7219942051091194,6.411874819767261,37,2
4.617659999977339,3.7157769699195238,5.248338362411856,37,2
4.855945213678945,2.307928930243887,5.847478821453659,37,2
6.1440631542106905,0.11918155659601909,6.890317792600941,37,2
3.317185161086551,2.091971064986608,5.748200528968782,37,2
7.884196028453325,3.835180162146971,5.596411547151823,37,2
5.57493199490242,1.4677352663465242,6.27504104580632,37,2
7.766771183648904,3.3058772686836773,5.796544445779542,37,2
4.388808061396291,3.505504386686049,5.3057311420763975,37,2
3.447820146656672,2.834853822340375,5.463164462870753,37,2
4.578198866926495,0.7530974039024683,6.44352518796139,37,2
5.0629130399792635,2.4129355520890092,5.830066067346251,37,2
1.829836645156392,1.388204148453922,5.852739271986058,37,2
7.828204081179361,1.8376595091809576,6.398673242037105,37,2
3.3178188833043,2.791222886819384,5.465059043083699,37,2
6.826710529410451,0.05014868968418701,7.001126041553048,37,2
5.949588054971648,3.0021431064904136,5.699028107162011,37,2
7.0452181001908345,4.144806533379386,5.3691828888379,37,2
8.497680753188412,3.0207313559896614,6.0007423175997054,37,2
4.446013399805373,3.685155043946219,5.239909711317104,37,2
5.845299698084827,1.9997637948181886,6.0923657164347516,37,2
6.203293026683289,1.0142140835783695,6.534990505194708,37,2
9.013989838197515,2.544471860140291,6.256302580249929,37,2
5.801284580688556,0.7424103941167884,6.596290551889343,37,2
6.283727871701373,2.1907110175197326,6.068235005182684,37,2
1.6322476425491987,1.6982351007141545,5.7031873397886965,37,2
3.9649777295399122,3.101329236672406,5.417997323303959,37,2
5.653624107390982,3.4341136171500053,5.48814788661905,37,2
4.501839273988381,1.681948127595318,6.058045012607161,37,2
7.110338798982163,1.1269665623220535,6.599403684723502,37,2
7.269764466371722,2.703384042899661,5.980254646833635,37,2
2.1208407115398504,0.05759481290505142,6.426993785379859,37,2
3.2050842360963743,1.5157878264095694,5.96796752711916,37,2
7.299270332236519,1.1656143028008459,6.606679378735008,37,2
2.7507164328219886,1.73238347578837,5.825096423851174,37,2
5.43152232668136,3.4562861707153782,5.4522124857296355,37,2
2.900199610352097,0.20913909735996605,6.460198691730198,37,2
6.369451866848143,3.9266596897463004,5.3755263278100225,37,2
8.1891281679787,0.10039773045591022,7.1461201167095,37,2
3.3729836354369604,1.6101025029333933,5.9501438943954765,37,2
5.579674392049365,1.8028204710736044,6.139896828373149,37,2
4.023921994539089,2.2200997738948214,5.782075861461847,37,2
7.795844102628708,0.4585769229979628,6.953316621792914,37,2
3.9519134488879697,2.238094554778707,5.766048283751773,37,2
5.72116556852567,0.5602020966430812,6.660367043424963,37,2
3.9436336953313478,3.5976864815617984,5.214367076366318,37,2
2.595950852957043,0.31222355203828867,6.381521927361314,37,2
7.710054873560198,0.2621377412577499,7.022468905179679,37,2
6.329051434946203,1.679960321330108,6.280605257291186,37,2
6.238871376498893,2.5854842426794424,5.902895864156956,37,2
6.936072918846529,3.5558143973606544,5.594496599185375,37,2
5.957256618907217,3.2717588759211735,5.59075614248119,37,2
3.7879778133492064,1.2153768412510728,6.160384622777356,37,2
7.408363683780885,2.419277563787163,6.112147223110946,37,2
6.453505989144615,1.0670965308576545,6.543937977494404,37,2
4.583758558700084,1.4509258029538332,6.161558060095226,37,2
2.9046750031669846,3.2591599194382597,5.225390024895732,37,2
5.660959022846253,0.24006443288812418,6.782725778783803,37,2
8.553405978285198,0.5029190454196659,7.027296343598022,37,2
3.382861473216016,0.2513421703925246,6.501682228224885,37,2
7.612160549769767,3.890837672918583,5.540853632642028,37,2
6.626682442885601,1.5112873757706962,6.385044221582737,37,2
6.327163560329826,4.172401376079175,5.270861204656287,37,2
6.335867154735595,2.516742047329317,5.942510212597082,37,2
5.438464360115959,3.8746074855641903,5.283622048816287,37,2
3.6362828929818543,1.8914225935555915,5.868155313435697,37,2
3.674167712105344,0.14828905393149,6.578775562642153,37,2
5.207742976019576,2.2676978521758078,5.906468712347328,37,2
5.705027638393704,4.194575346488549,5.186376067520523,37,2
8.281962717325342,2.202018230787574,6.306166108572567,37,2
7.360909443110881,3.831864857270953,5.534246954169018,37,2
8.315857436091202,2.262856335426985,6.285638362992634,37,2
9.077400728185758,2.3060577239607456,6.360563311787625,37,2
3.0569464242732085,1.7959361321669105,5.836520504117885,37,2
9.477317482076852,0.633969528214644,7.086345139413012,37,2
8.92818777237773,1.6020395454686693,6.627603363783245,37,2
7.263831635904433,1.4632214167476825,6.4818384556338495,37,2
6.217219300689477,3.073949769294661,5.702424620018628,37,2
9.33729422937568,1.5253461793110863,6.70831672684225,37,2
1.3363291158707393,1.8945616718351928,5.587755641593581,37,2
3.7955993389258302,2.648583263130945,5.580817110848469,37,2
1.9388825480850294,3.2463616758322087,5.113362672885586,37,2
9.044157822350588,2.1559125667813377,6.4173422535347635,37,2
2.192843443821799,3.4219529125736368,5.073064187349201,37,2
5.309717138599987,4.146103596524783,5.158032721035037,37,2
5.916573442093647,1.1264505777548952,6.454734269695134,37,2
4.0753731918524405,1.2327082033637176,6.1882439257212,37,2
5.265094353578449,2.9912383224273666,5.6203729793635056,37,2
3.865876643692289,4.09493885889829,5.003527845886835,37,2
2.985595014419501,1.4262274149002763,5.977604464703284,37,2
6.595967734727471,1.4653185243125928,6.399935398577244,37,2
1.603859733807517,0.46976348160819925,6.197310727306294,37,2
5.744218251860905,4.320546721842822,5.140110076462067,37,2
4.895800029152368,0.7674549151223483,6.476254842419151,37,2
7.573753207046483,2.074740731151351,6.271767282452883,37,2
7.576198373279382,1.6147163874620725,6.458387977283632,37,2
8.028430863460937,7.128807451599747,4.445954847087616,38,2
2.331767954348369,6.652190256457343,4.352725059127747,38,2
7.0090719188585355,6.114357397873489,4.821368231693034,38,2
4.623018880413766,7.154283402726244,4.259240817409673,38,2
3.42339142212955,8.559185248668884,3.6044027482027143,38,2
4.6835111834001895,5.903391997947075,4.7902273073718336,38,2
5.936414425195553,8.708646905130026,3.6711839915823856,38,2
7.033761192159885,8.555708977169285,3.7924237056040853,38,2
5.71945256179667,5.632415108901345,4.958105085480011,38,2
8.402324574045688,8.778225943359113,3.7692403126772986,38,2
4.574631058803903,7.527213392786919,4.099368678089768,38,2
4.043272835980484,5.02411350409934,5.128189773563165,38,2
3.5697949429584894,5.696472456859132,4.81999716921321,38,2
3.708412380320716,8.930600033139381,3.4623978118744576,38,2
5.4682403437321385,4.601678160151938,5.380082801071946,38,2
6.703900423935152,5.076952005057766,5.2433717798425095,38,2
7.472826774525324,5.374073177217451,5.157722055482348,38,2
3.4726009269549944,6.818819344704028,4.3413584397580465,38,2
7.615657974224149,7.0413908177203615,4.461514903781625,38,2
5.173803774557013,8.169358155324945,3.8593517907287844,38,2
4.4536752994618904,5.555060947315701,4.925342700326722,38,2
6.41873657057086,5.600263850505556,5.007805727164178,38,2
6.128897892187679,8.199035636333116,3.8961796149308388,38,2
5.369794932317272,7.532832241043564,4.138085077959298,38,2
6.226323719055269,7.9571019850720806,4.003306792579955,38,2
8.128269215037289,6.390959191117027,4.76247653423553,38,2
4.409738444723893,4.910772528314489,5.194954175894785,38,2
7.763437669914905,8.513845314817152,3.8477932931277876,38,2
2.785298729579483,7.6042730179970865,3.974392588405702,38,2
5.780626929681581,4.892850780766512,5.273353097500834,38,2
4.286699337219406,6.465431959421075,4.532549423512281,38,2
6.091714521602279,5.444760482714746,5.056528439379724,38,2
6.925786002748644,6.490128946263616,4.65849374524938,38,2
6.724474642971746,7.753886815772244,4.114801403032917,38,2
2.554345119951316,7.409556334581596,4.044626857734636,38,2
4.143725631369225,8.060456581859277,3.8520810031401456,38,2
3.00939083074058,5.72561652310441,4.7787416885816425,38,2
4.8214751349592895,9.438754000873365,3.3054769696351056,38,2
5.546361885970093,7.704384919324527,4.074815481145807,38,2
6.790085831333254,6.895912860418317,4.480246075828822,38,2
6.323809717305398,8.90797657262178,3.6070867105737285,38,2
4.607669279016453,9.314014514244798,3.347067778693043,38,2
8.724549182721173,6.429377535269144,4.777075277897006,38,2
2.481379225855241,6.579593667399099,4.39109059619614,38,2
6.7818508036746135,5.1569439644692405,5.213643989463681,38,2
3.7749650312917225,6.124123476715605,4.650135203233684,38,2
6.370911304572703,6.829405105981147,4.486652059598053,38,2
2.4350591161253843,8.291273460739145,3.666389389622,38,2
3.3935225016536004,8.847127735328165,3.481351190839809,38,2
7.46873757611445,8.80432006924678,3.709988867913207,38,2
5.398227577205428,6.45199765599832,4.595653109227983,38,2
6.246910375423438,8.24945076925048,3.8810029584049213,38,2
2.7936284968948653,6.5153755619249605,4.434324301579112,38,2
4.473755369059376,5.213812164161448,5.070383050759483,38,2
4.147480378729005,6.366556212101033,4.567080086731963,38,2
5.85104662662361,6.820596486533915,4.463506886624033,38,2
5.530765321580039,8.022664526034584,3.939699510373271,38,2
4.751158467225222,9.991857424783879,3.0684407616817087,38,2
6.401090736380618,6.42573470952494,4.65855541256261,38,2
4.491996762876578,4.742082951222958,5.270389526128669,38,2
5.895982185132514,8.134686792190687,3.9112988786440885,38,2
3.3834343438757846,6.228339471941991,4.585926274469898,38,2
6.234947015785572,9.705128552903274,3.2661067156273083,38,2
6.2025042764911404,5.260320950292527,5.140084344950934,38,2
4.928167309214897,5.725547182196954,4.877917429379588,38,2
4.6336684590720285,5.761820196317819,4.847393402737601,38,2
8.41581722871441,5.8273151138476456,5.015185485087261,38,2
5.290092853066083,7.929016554865643,3.9667818392162264,38,2
3.391168920570619,6.5420995903711665,4.453923032199641,38,2
8.14772472407957,7.285017707010656,4.38620016435248,38,2
8.4501351185581,6.319350547320336,4.809325863596482,38,2
4.578817870759547,6.968070620178696,4.3355363733733485,38,2
4.267072147635529,7.291395191893833,4.182988953344682,38,2
5.752904787874282,9.224704117330251,3.443931952808375,38,2
5.767342141085027,4.796480654661296,5.3133336545533325,38,2
7.101592417237853,8.928906642555003,3.6384438485671593,38,2
4.36185863746248,6.645703467800212,4.460360680093044,38,2
5.440988814172118,7.120931416609273,4.315580857199258,38,2
7.058625165902905,7.780140992959285,4.120988596046821,38,2
5.86043445272003,8.561732354862206,3.7292541044424774,38,2
8.561261673620134,7.492439652885026,4.320038826035935,38,2
5.528529301692898,5.058312736580694,5.190503874486497,38,2
4.453446984412755,5.602203505355952,4.905437324695553,38,2
3.550382952137647,8.908446139820816,3.4635808294152683,38,2
7.122477297729715,5.427568197147382,5.117044656836684,38,2
3.6399358653375256,7.344179044171104,4.128309608531393,38,2
6.304405649633207,7.292058869427379,4.2879814146516155,38,2
6.146646215040364,7.283412579570656,4.283478341120544,38,2
4.48484904205366,5.818466955799933,4.815799413563337,38,2
8.252750619251536,6.407068606635135,4.762110727713872,38,2
4.390355057004667,7.364479623588615,4.158518464239571,38,2
5.90394655871441,9.078837951626474,3.5132902641282397,38,2
8.304673841079937,8.263493347340713,3.9814053399954994,38,2
2.73688618317592,8.882472708360437,3.432506520445383,38,2
8.651821250146302,8.170332463393148,4.038655787810062,38,2
3.29429961063713,5.734032506896435,4.789911973724843,38,2
5.814814155096757,9.11882853168877,3.4918091078978892,38,2
5.720294228199585,6.187642842761458,4.723849318396369,38,2
3.9528308697253207,8.215466004047961,3.7768050777667717,38,2
5.8108734530318715,7.067308365167799,4.3573216989767385,38,2
6.52469277964704,8.7770659870834,3.6727093367031807,38,2
3.9674066426338594,6.430995320460502,4.530582858009865,38,2
4.958832212742298,5.425042718776805,5.006311115852566,38,2
7.642889447018655,6.901206492500463,4.522078057497792,38,2
6.01197274725319,4.576564810071837,5.418775913328969,38,2
6.084348766224369,4.621466441919756,5.40356777169398,38,2
2.5776692028137282,7.622367015073658,3.956028570101541,38,2
6.8763419199399465,5.83389348863182,4.93286215586262,38,2
5.936428586089769,8.455588675749947,3.7779721757551217,38,2
5.33664246296454,6.889881595433006,4.407689277387513,38,2
5.26724770679343,8.875347939116581,3.566261215846902,38,2
3.840371130143521,9.690685773970833,3.148469537001002,38,2
6.589808704526258,8.554786871683042,3.769873034380603,38,2
4.109926557285593,7.422010843423811,4.119750776110171,38,2
7.347057351653722,9.130161041724945,3.5662005689059555,38,2
3.3358902459036868,5.730912377488857,4.793377689497201,38,2
2.3824026283868887,6.0585982468097015,4.60582994856078,38,2
6.699392085830665,9.902808829375292,3.2066867517965276,38,2
8.157254278107102,8.589055130048054,3.8364048597517972,38,2
7.034133442031294,8.794334426337828,3.6917459432253668,38,2
6.5508761945239575,5.592467966834568,5.017923375516647,38,2
4.943928241717922,9.872821133780143,3.128633354400793,38,2
3.018104484714107,6.770205841823327,4.338388125910722,38,2
8.077856792689477,6.611718503591379,4.666713929909921,38,2
5.762532853119253,5.562498101605485,4.989835233169701,38,2
8.128720725119296,5.621878048891163,5.087042623375001,38,2
7.924936091245401,9.248450789199811,3.546143742127758,38,2
7.195318799396295,6.860738022041118,4.516028508117426,38,2
5.90358268837447,8.545190761421706,3.7384639964330764,38,2
5.356387275006132,7.458917311223363,4.168583470226364,38,2
7.1348917695276315,9.587757355638487,3.3621376064156188,38,2
6.3141573767023935,6.261359516043834,4.723427721209598,38,2
6.7753648126412145,4.576056147751851,5.45843634315202,38,2
3.5694506703004576,5.063674967190854,5.08701211796131,38,2
6.061396293275621,5.075029655580406,5.210983694464584,38,2
4.692941999969777,6.739178145375544,4.438023165355054,38,2
4.742091428633616,7.8584750781714865,3.968233296732077,38,2
7.161176988219987,7.88051485768655,4.083931091782274,38,2
8.05124995813978,8.51905563768384,3.8604663569215876,38,2
6.029394482588007,5.392839287548432,5.075218359954745,38,2
5.258975087495884,8.912100421817929,3.5503246608616568,38,2
2.4986155834197645,6.109025235813723,4.590555304196131,38,2
3.9853782324479123,7.719627162151136,3.9877247332827928,38,2
7.332316972217322,9.178180342529778,3.545175355319886,38,2
4.118557864193385,4.55103916630477,5.331711417705646,38,2
6.237405866123762,6.3092912042032205,4.699235257311442,38,2
5.317835409958282,4.630105617474344,5.360315083073084,38,2
3.14946575641863,7.054507884566571,4.225203832241169,38,2
6.9258070200799775,9.407559409377795,3.4273751492959077,38,2
4.953052440191005,9.269546944604537,3.3836790865625295,38,2
7.068470221630212,7.432729880495403,4.268100512698656,38,2
4.12620134907999,5.0669605739703,5.114393897264189,38,2
5.410103504009011,8.057260804509372,3.918865503867529,38,2
4.388336591680064,7.616849786105953,4.051917069942556,38,2
6.4190435952227585,8.753494029726747,3.6771973370402646,38,2
8.5164457560361,7.519727725765054,4.306207880238982,38,2
4.539095927879828,8.696477330962058,3.6041175525160187,38,2
4.740998148070947,4.7742433301956995,5.269684572463216,38,2
7.039273563453028,5.803686181693569,4.95402822508354,38,2
5.0799898744795255,6.529506611639956,4.5465013963958745,38,2
6.444515524915188,6.056705149257853,4.816525170151562,38,2
8.577345135372983,6.335005688172773,4.809292747486943,38,2
6.846418816646476,5.3302795319955045,5.143834857536514,38,2
7.530860172638345,5.70839939759334,5.019639198368171,38,2
4.962895939936679,5.674857094729511,4.901102509316797,38,2
5.318833844075478,4.946714890823026,5.22676146448928,38,2
6.193463529913484,8.706665998167962,3.685302079106137,38,2
6.373151104304921,7.947324877693712,4.015019434787742,38,2
3.9941151072064685,6.917625129112453,4.326611151451776,38,2
3.427593527509342,7.472544360690461,4.063168934075954,38,2
4.862229403241045,5.478548352630997,4.978740764853249,38,2
6.377548941231704,5.347352567098148,5.1124029346045905,38,2
3.489553818837712,7.964875876595536,3.858612699862664,38,2
7.017449462171625,7.598641005406346,4.195451733392809,38,2
6.753088599620766,8.636491573455135,3.7438316106187193,38,2
8.12836824077526,7.97573012060065,4.093727859897341,38,2
2.960820627797949,7.995532820008979,3.8183552946730215,38,2
4.274315077137359,8.12842785760421,3.8301457440965283,38,2
3.5214102339307325,6.1115568994836575,4.642336531530789,38,2
7.324029536729251,7.181269559146342,4.387418856887861,38,2
6.904819490051647,7.926893883223299,4.051113282172137,38,2
4.340851749459013,6.654012937172874,4.45576872445557,38,2
3.775153589752117,7.383374565097488,4.118756514316276,38,2
6.16143592140583,6.992850958464255,4.406855972004491,38,2
6.17195826098252,7.655836382883598,4.127628005242706,38,2
5.478992130693991,8.964787667341112,3.5394599518325003,38,2
8.374094100779732,6.620900477703162,4.678146341113313,38,2
5.045585315480195,7.797800249383284,4.009519377288806,38,2
2.947301828437144,6.106659716566274,4.614737913902307,38,2
4.191265390970082,8.494564607679333,3.671349230146894,38,2
7.35518083879964,5.675612011745282,5.024397417667272,38,2
7.147382375346614,5.035985289925927,5.283574703439605,38,2
6.658155731257906,9.830610442801666,3.2350228273432236,38,2
7.603463495912893,9.505974017619778,3.4208610733924623,38,2
2.972058763723269,9.015303179914454,3.388605470913375,38,2
6.110142175512381,4.724770247798293,5.361307629211593,38,2
6.103905842859723,6.366174966928565,4.668332835106387,38,2
4.288602469785236,5.279194509915819,5.0332253383927785,38,2
6.796558362184272,4.46577919117626,5.506066966198135,38,2
3.510218946559997,7.11501999087127,4.2183092071414405,38,2
7.034245402060567,5.470408282486867,5.094407575309319,38,2
4.442060594973108,9.237769278941382,3.3706850423941783,38,2
4.655818443272313,8.695207290763111,3.6106847468829018,38,2
2.8602501344476856,8.894894598600823,3.433639063406876,38,2
3.210434230994397,9.45505331258107,3.2153536075396056,38,2
7.42198046812591,8.245442628841907,3.9434122363420925,38,2
7.521880237461999,7.625582556556817,4.210147536489363,38,2
5.238847512876445,4.489960932523596,5.415372971609196,38,2
7.798217635959833,8.469008867245313,3.868510861791977,38,2
2.9575060051891215,7.710164082758617,3.938606110794045,38,2
4.476150032655204,4.530533116412083,5.358842120098739,38,2
4.019394844118343,7.056449513528759,4.269335220479311,38,2
4.172854446613699,9.456104047625495,3.2646401176348387,38,2
2.9698618327910062,8.224795296579996,3.722076531096546,38,2
3.4122368215420735,9.200495387843866,3.333201399776535,38,2
7.82351407643338,6.469791024861058,4.7134632504261305,38,2
4.79172639615429,5.617834309703681,4.916320796839823,38,2
8.816870925175358,7.429004325053762,4.360015521711985,38,2
4.532734408899705,8.831950752677402,3.5466207283882323,38,2
4.786000772670643,6.811251401142261,4.412417646914169,38,2
8.47079900771748,7.772443924578129,4.19720611449514,38,2
7.63784326723542,7.6679498328827895,4.198261077426401,38,2
7.170142725732351,6.751227804974084,4.5609395783861295,38,2
2.210353413654989,6.918482339798835,4.2340793854035725,38,2
5.97778433993949,6.4480674394919735,4.62725830655325,38,2
6.011232769410893,8.478201260727605,3.772295204490457,38,2
8.201987429117729,7.100163465978213,4.467010221985143,38,2
6.41503317492714,4.599994318162684,5.429715775133641,38,2
2.370678323929895,7.1811973144612145,4.131501169289098,38,2
3.9986323680084284,9.222024326009276,3.3544165194693867,38,2
3.745559423776996,4.87426093465484,5.176042346208904,38,2
2.3462831572823366,6.923984367584855,4.238781321091857,38,2
8.069461267337633,9.415430560031824,3.4831482021320905,38,2
7.878213717205993,6.491690536439956,4.707048351061902,38,2
4.962820022931569,4.398951596627887,5.43951497415582,38,2
8.271568764302248,6.153876076965858,4.869927219145622,38,2
7.469091258661508,5.859594135359849,4.952645177351993,38,2
4.327384549413551,5.963910815427305,4.746287437121812,38,2
8.868371094326642,6.876951722255146,4.595636015278458,38,2
2.4335337988757497,8.417978956505264,3.612842416990354,38,2
6.196159561721003,8.819057073505483,3.638013739754871,38,2
3.1614984873306318,7.88194305511911,3.8766581448818256,38,2
2.97683923007611,5.525596124533571,4.861465833244362,38,2
4.6827964784262255,6.5195450477565,4.530181387814266,38,2
3.4925321927578765,7.4655154977058915,4.069490520074833,38,2
8.644427306215258,6.944034246128476,4.555756456786326,38,2
4.408259340427137,5.011670955044535,5.152299856084122,38,2
6.751784899472621,6.10716673764791,4.811108138972171,38,2
4.00495777095279,9.372860986836788,3.291092152942978,38,2
6.229655744447819,5.069996216904091,5.221801998668624,38,2
5.709503829091011,8.542258953602577,3.7296727948233217,38,2
4.130421843429862,4.582174710025514,5.3191856343795045,38,2
3.1739600088114526,8.617172612827197,3.567044245544239,38,2
7.531649825757358,8.70434562331497,3.755427635468473,38,2
2.411471264031889,6.918597379284009,4.244422945290645,38,2
2.2245218170046956,7.562736931636086,3.962943997414439,38,2
7.058700064946084,6.682459876362455,4.584200362417362,38,2
3.9548178962411207,8.213425182879341,3.7777689522120803,38,2
7.776254694164772,7.499439103886116,4.27652248364978,38,2
6.802070258294964,9.628317876638729,3.327824106947237,38,2
8.025795478090963,7.079618017718385,4.466576006760151,38,2
4.138881463629889,7.494534517967352,4.090642829504439,38,2
4.0989918654281166,5.7571053670711745,4.821755343625974,38,2
7.839938068619901,7.322333582685295,4.35454945924605,38,2
2.911335109659085,7.347743305227543,4.089157480511652,38,2
8.12982685523461,9.215210410101555,3.5707578303003764,38,2
6.381901664833138,9.667371067122112,3.289633308447289,38,2
6.285952798050976,6.001792703973497,4.8315043362316485,38,2
6.73685627793194,6.849641982701176,4.497021353133547,38,2
5.732457666489722,8.964343676063724,3.5527443107205077,38,2
2.96986021459061,9.31012637598343,3.2640801146861955,38,2
7.002892554031272,9.880423822999862,3.231815339498948,38,2
3.34358558048128,6.916093818612983,4.293643366433311,38,2
4.126024396095682,5.258014686351949,5.033762274173641,38,2
4.002709627736225,6.625458670716141,4.45034588797942,38,2
8.51119755403012,7.758774701319929,4.205061820510559,38,2
5.304461846764503,4.923921860796831,5.235637216297782,38,2
5.382474561640335,9.595085974665125,3.268494609311782,38,2
7.180836424536823,8.139450706671713,3.975679193205096,38,2
4.03608666517564,5.215260051032068,5.0471569658953825,38,2
6.857241978958516,8.442783007380912,3.8309560211636082,38,2
3.0569949146669044,6.858282811408528,4.303230266165868,38,2
5.361018304892452,5.66137365120949,4.927364023353643,38,2
4.853859313533427,5.292453809439392,5.05683787050805,38,2
5.28003182956681,9.96855856837867,3.105600387775204,38,2
6.423891072693424,9.80191234162661,3.2350282144731075,38,2
8.076155932875889,6.0169072066767875,4.917629076515206,38,2
0.7699995951319606,4.888757820637372,6.179860690094349,39,2
1.0406622725037948,4.8758523872253114,6.254908162330534,39,2
1.2468998399048443,4.725353804361033,6.458643473276261,39,2
0.9216439010345949,5.064328770607769,6.031456676861131,39,2
2.2910124226107262,5.091656103747428,6.3146499437713395,39,2
1.1844342594013346,5.418626782734406,5.722143189501542,39,2
2.008759868315543,6.245866711076527,5.04790103358492,39,2
1.9374954247102938,4.8569331681314525,6.478735572041653,39,2
1.6830668901274257,5.209130339777171,6.053893383461447,39,2
1.5554316074831849,5.703567763569788,5.50971659338808,39,2
1.951281451260064,5.307104551908347,6.0128642162380945,39,2
1.5899214408070943,5.360387014766781,5.875107680967278,39,2
2.0961967998827307,5.348412150792257,6.002810375870374,39,2
0.8511135829752029,4.888166960123225,6.198937573216588,39,2
1.38322604078843,5.536244371021767,5.644848245706731,39,2
2.081876359760413,5.195188594814188,6.159186353690404,39,2
1.238089497530337,5.6595452682217955,5.48335512806598,39,2
2.3786633306716354,6.148660161547784,5.233364143017829,39,2
1.945753149598683,5.860669158190854,5.434877218125903,39,2
1.9662611761682764,4.881700292940426,6.459479053276127,39,2
2.082959021518575,5.731052753577693,5.601145121751481,39,2
2.1716825543630334,6.069756892993493,5.268460958030901,39,2
0.617496099485539,5.469315757349701,5.540299704479713,39,2
0.9794284219719168,4.868275398105812,6.248865575285095,39,2
2.2583839536600143,5.509096366670792,5.872315559227229,39,2
1.7968236959366615,5.629476201637554,5.64184865868941,39,2
2.1235880578222885,5.337822769206489,6.020077042313217,39,2
1.4294558164596785,5.794724483126232,5.386073670512361,39,2
0.9820311207250687,5.116070708776778,5.9912935215121195,39,2
0.5273329242085485,5.407739876824773,5.583931390812965,39,2
0.9227241239795875,5.696134929319432,5.373458152519811,39,2
1.0543105748168409,5.303435517365124,5.812538930472031,39,2
0.6372666066355017,5.365339967571598,5.65312611680175,39,2
2.0402026950658865,4.87170111662772,6.486725515333227,39,2
1.4482762526316146,6.034206864841172,5.14085351193514,39,2
2.1149137763378087,5.936199267796512,5.394686962049641,39,2
1.6344955869354871,5.554954732316748,5.682543127789104,39,2
0.9346319640292713,5.645213847676563,5.4292202386918404,39,2
0.8833227376422229,5.886652444215665,5.166000707940587,39,2
2.1591500116475677,5.046672688588764,6.331504225694744,39,2
2.018120289868438,5.69056733498226,5.628567572626605,39,2
0.6564129585666495,5.767780093148466,5.238203349596255,39,2
2.0906109116301206,6.088861152316074,5.230105611978244,39,2
1.66701565968271,5.1632746987618185,6.098014663598204,39,2
1.3913965611641748,6.182766034886234,4.9731321692939945,39,2
1.7915660849186035,5.655106203307799,5.613949541406374,39,2
1.0588187979247379,5.608345339504529,5.495896073634326,39,2
1.4047808484777324,5.506031055841942,5.68123165993975,39,2
1.500531247848229,6.083279895039063,5.101620076604952,39,2
1.2249119922662834,5.523554742206745,5.62203708031861,39,2
1.9274025041299823,5.053764833083323,6.271370276847938,39,2
1.9365632803626127,5.923125546593809,5.367715726863119,39,2
2.3631361108683286,5.93236273161149,5.455178690843476,39,2
2.030788013963453,5.059036709883005,6.289408024600242,39,2
2.491523329271845,5.715821153655078,5.71000209310701,39,2
0.8129884531477315,5.357811986792416,5.700962869073291,39,2
1.5192967265566364,5.808710006027607,5.391950435763038,39,2
1.4812378682757334,5.383336713766147,5.826461589504669,39,2
1.363416357539447,5.434582147860259,5.74625594777928,39,2
1.2836264574244636,5.880135972201392,5.263897778042931,39,2
2.0182214772424842,6.19928665292387,5.098583689340851,39,2
1.466725137103746,4.963696717186579,6.260358562314977,39,2
1.8599285746806498,5.140222386265935,6.165938005512643,39,2
1.7966912625676372,5.467803500708763,5.810256487173879,39,2
1.72756903815477,5.185021682349855,6.089139432820696,39,2
1.403108676701212,6.202420780232965,4.955320604029211,39,2
0.9861831703447562,5.695874923690869,5.388172124812424,39,2
0.9143460347278117,5.468329110922008,5.60888978309208,39,2
1.9044089994257085,6.053827854284198,5.2242259037396295,39,2
2.375546687766548,5.960016448120447,5.429192401455196,39,2
2.572067820195723,5.254918013888218,6.208523620057351,39,2
0.49330120785758624,5.149351240116543,5.8453869041097635,39,2
1.258164571458824,6.058357873741396,5.072423050484925,39,2
1.2864728389486748,5.934888237162163,5.207502207024212,39,2
1.063387940549748,5.960065944410231,5.13049748025988,39,2
1.0285220481149686,4.91870125561365,6.207503184941089,39,2
0.45970082545027635,5.386341854789851,5.590831962298152,39,2
2.6676860670510436,5.759691070167604,5.704390524804836,39,2
2.042987037045626,4.907564425803218,6.449995197183743,39,2
1.1788826884094996,5.909042544532682,5.209942232465886,39,2
1.7067411545423556,5.807468753362841,5.435905412885046,39,2
0.9499669322648331,4.92437452332155,6.183713610453729,39,2
1.568231024999672,6.142415809921026,5.055417856079395,39,2
1.0228186253997458,5.917866419910051,5.165229410229362,39,2
1.8648670661105837,5.94952502475497,5.323893709268813,39,2
2.351744782582971,5.241451912210034,6.172408361431054,39,2
1.6976177105830172,6.024506541119899,5.207709110266843,39,2
0.7072496681576391,5.144534505210321,5.899099218603238,39,2
1.4460423832017169,5.782022615556186,5.403082105925597,39,2
1.1782807889728657,6.0178567129621285,5.0964376943142025,39,2
2.356107211824028,5.382314669553018,6.026644012491487,39,2
2.1944140634931593,5.3606717038620175,6.01239176762993,39,2
1.255103539165873,4.917837982151692,6.259971843074736,39,2
0.6924065787058336,5.711708082394342,5.304813758436257,39,2
1.4007111915140362,5.404298084387732,5.786295453074525,39,2
0.8605957800943009,5.699387541793042,5.355929210214864,39,2
0.714225455840337,5.033301763922468,6.016574213559387,39,2
1.7894117197103763,5.182212627903647,6.106141240326923,39,2
2.2355006170902705,5.38732847647259,5.993970705098543,39,2
1.9582266010393623,5.417277974716416,5.899661230605702,39,2
2.09523887779866,5.220964716937974,6.135372886411387,39,2
0.8036540685145492,5.1831356110996305,5.880824180893492,39,2
1.0064626335904392,5.977028661751193,5.099868922838597,39,2
1.4422467818267186,5.98354033382981,5.192267918104214,39,2
0.5088092032684188,5.563086852224425,5.417867906595896,39,2
0.6032676186592772,5.36823565548532,5.6423711908748375,39,2
1.6237234623126047,5.5356435874273595,5.700210653559344,39,2
2.276526671364073,5.249196965419761,6.147219798758365,39,2
0.6623998501587088,5.569078456120359,5.446582346960779,39,2
2.3907175663360176,5.8171219982595606,5.581519181678476,39,2
2.287120853271272,5.593471120831281,5.790950535681962,39,2
1.2250975263955943,5.242309359196255,5.91509353354105,39,2
2.5878522205491765,5.452129350094179,6.006652365900521,39,2
0.6840240433669011,5.546701289341719,5.474817497470153,39,2
1.7433434277008912,5.366800133228172,5.903344581790651,39,2
1.3564619239884572,5.678675780236917,5.4903652963971625,39,2
0.8047951060261914,5.213721048655965,5.849218578227483,39,2
1.0105621845180643,6.0034643014104,5.073260116969377,39,2
0.5916727319205307,5.476886411234308,5.526534932892656,39,2
0.7767890425660277,4.903410628324378,6.1661399865458355,39,2
1.4197525823672819,6.148851317433188,5.014919808272538,39,2
1.7958159906410567,5.710980439760615,5.556704487332736,39,2
1.375602171718728,5.283881477583718,5.906036211716589,39,2
1.392036858175715,6.2349055234046284,4.918956609408584,39,2
1.4618632132130471,5.586429171963538,5.610461020639483,39,2
1.3051939300132953,5.5978011108624495,5.562955763703346,39,2
0.5761804237283331,5.5393407178553895,5.457941194521164,39,2
0.763187960335312,4.86939300648265,6.198485526425366,39,2
2.597740457439417,5.364326780247987,6.100379607660043,39,2
1.22165583475098,5.785297362142287,5.348600627741871,39,2
1.0751922559229194,4.839870801968368,6.3002543332398036,39,2
1.7633149994450394,4.932253664558845,6.360620317735423,39,2
0.5955256268458964,5.6653705098265625,5.331040537175245,39,2
1.0089080482089812,4.8433420489541135,6.281551745549413,39,2
1.3087823636701388,5.378200834246257,5.792562032144641,39,2
2.080628616939296,5.870772584072034,5.4550482572719465,39,2
2.518919277332583,5.46110975242905,5.9816072455338185,39,2
2.0830502807406788,5.479458952492139,5.863287752198079,39,2
2.5759794634816098,5.4394286036310575,6.017182377454803,39,2
1.507655727298276,5.023942210512302,6.206907746708264,39,2
1.5686034117132277,6.102847279181226,5.096726904386779,39,2
2.2215882922045385,5.364880257754467,6.014191876941783,39,2
1.5798174185751181,5.631090749103645,5.590776578756459,39,2
1.8582898208391454,5.775995738429813,5.503187447797785,39,2
2.477597757356971,5.415246675269953,6.01998483168027,39,2
1.3239375815954195,5.308754373807451,5.868363793523152,39,2
0.8860154404954559,5.295036759136219,5.782985676157182,39,2
2.07211935049195,6.1020027505519385,5.212205474215463,39,2
0.7921408016661432,5.3628422392539665,5.690977261081662,39,2
0.8069343443625508,5.533725807306878,5.516309956520727,39,2
0.8138084544937254,5.435543315958196,5.620165466287081,39,2
0.9418323004939527,5.118999877759898,5.979092650455457,39,2
1.5592479569410325,5.595641114096337,5.6230280730241535,39,2
2.212866973556257,5.6806770087453815,5.683195519071602,39,2
0.9117959108391404,5.048694727780683,6.045503560726216,39,2
1.9817447383939832,5.522101426926103,5.795804049306615,39,2
2.017595751220001,5.3120611413263985,6.022793149714128,39,2
0.7609647811352371,5.883474798478435,5.141463023700495,39,2
1.6497619640568884,4.738917009298669,6.536202908132231,39,2
1.5799769295996897,5.7919400674452906,5.423232750476869,39,2
1.7021372843582376,5.194550774349964,6.073423401475594,39,2
1.1661633854772953,5.56037587035055,5.570304150189578,39,2
2.14179784479109,6.157244519710333,5.170510701768726,39,2
1.1986433099125957,5.605081245185157,5.531120390611068,39,2
1.5300868366615594,6.0575702331429,5.135132333631903,39,2
0.6958606971640434,5.661689520316707,5.3577115172832075,39,2
1.2382716209491271,5.693248925212712,5.44828257668904,39,2
0.971786263325269,5.3807458429463235,5.713211235375202,39,2
1.82641493079603,5.709319228059067,5.5653994392405215,39,2
2.04123801963183,6.061079615475944,5.247812559514693,39,2
1.7190306087439917,5.296513981856657,5.971038365790866,39,2
2.3915137378859352,5.241416561016984,6.181496485598297,39,2
1.5261353431119489,6.223206284263065,4.961665817344858,39,2
1.0167193973843753,5.893040813454121,5.18970568986668,39,2
1.0011707212186391,5.785289128744984,5.298427462120417,39,2
1.0056673906709195,5.813566831933363,5.269989893693722,39,2
0.8501288902036463,5.932987882385872,5.110171522850699,39,2
2.425388627639566,5.780833070511496,5.627217664866525,39,2
1.790102072119505,5.634098238817996,5.635503389016644,39,2
1.8556264717072801,5.729427454805815,5.551098232611049,39,2
1.0828384559962463,5.8059875158452465,5.295450270333462,39,2
1.518840091647708,5.516270216888736,5.696523574492146,39,2
2.143603186449237,6.096565393963518,5.234139863902828,39,2
1.719116783818851,5.317747991803186,5.948935422057316,39,2
0.8698883265021494,5.562103058829351,5.501073381297214,39,2
2.1664107284959537,5.573192037126727,5.784604948502665,39,2
1.3008872581567812,5.246307172266803,5.928177943362456,39,2
1.087685220804861,5.719750578857257,5.386398940838225,39,2
2.2386169666904623,5.694300029204278,5.674863057406215,39,2
0.46316028437879453,5.249241478574423,5.734456729569963,39,2
0.6766210010402337,5.214557256710801,5.819175340860815,39,2
0.8064065938186705,5.317332993640762,5.741637713192532,39,2
1.3174210946420188,5.796842898020413,5.358367846458374,39,2
0.6228226141685699,5.216963296909716,5.804424269007354,39,2
1.7520697591304366,4.8660955874971785,6.426987427537036,39,2
1.6298125034668833,4.7457895001668025,6.5245023979398535,39,2
1.7606579460665204,5.557924463213881,5.708163297668075,39,2
1.6790774894098321,5.638836660290605,5.605297827595716,39,2
1.5932232200031484,6.219446165694991,4.9808522772514445,39,2
1.6259760163622659,4.9667058273537155,6.293468551969803,39,2
1.0155202891356214,5.45892726770925,5.64171200442887,39,2
0.7872442780338502,4.856230790206446,6.217673666726275,39,2
1.9414285537172447,6.261801887548001,5.0159746391583315,39,2
1.9573215662710117,5.739999456342044,5.563229336062679,39,2
1.3540505638687412,5.380068048751418,5.800919588341587,39,2
0.6787296496247238,5.696417593588337,5.317631257218406,39,2
2.410096506224713,5.228622235705186,6.199055577123202,39,2
2.231586229131775,6.161582998555397,5.186426241395776,39,2
0.9451592566906886,4.823864708809177,6.287335092279583,39,2
1.3325040130316619,5.833757986674746,5.323340855344903,39,2
0.6650464764568427,5.639880069826335,5.373420371087315,39,2
1.875843756117365,4.921284718508414,6.397659468353233,39,2
1.840727275988449,6.256523403239871,4.998554698499834,39,2
1.6634477635495972,4.74949310692068,6.528299095293685,39,2
0.5421715861939502,5.675023649257878,5.308840239720995,39,2
1.046232800279672,5.513134083007937,5.592226954304939,39,2
2.093621423533548,5.46532099528322,5.88042327882765,39,2
1.5921667855505117,5.852919728105114,5.362475741963567,39,2
1.5846539728271483,5.564714737171497,5.661030910713474,39,2
2.540697559572981,5.847129708508354,5.58439077677842,39,2
2.341732240625489,5.2819125996558745,6.1279757535932085,39,2
0.6361836122588082,5.586539777745937,5.422423611966508,39,2
1.5132374009291036,5.573959930636938,5.63514465254879,39,2
1.1353372694656805,5.448190798256382,5.680167727972184,39,2
0.516680341830903,5.1793273410546945,5.819477459385669,39,2
1.1674863189035651,5.522420052371784,5.610149342574819,39,2
1.0956225535059816,4.8782563724950725,6.264912374556007,39,2
1.5127168596065903,5.064245557670768,6.166069785709488,39,2
0.9625706545473469,5.343446446476917,5.749973997725918,39,2
2.5251837506069785,5.651160894892562,5.785029100191903,39,2
2.0139274528280766,6.089795565601921,5.211679174940419,39,2
1.2899206751746215,5.744570355152034,5.406568745956759,39,2
2.3160617975230577,5.435141110088858,5.962492810187311,39,2
1.9828561699189058,6.080372127521754,5.214425211335021,39,2
0.6342741222518007,5.24748827344581,5.775228289231993,39,2
0.6766473344230487,5.130195943544779,5.907072785615008,39,2
1.6370730888746003,4.749259631627992,6.522539544453712,39,2
2.5446984285506487,5.8307729661370145,5.602342560256515,39,2
1.9977109549768812,5.649055405466323,5.667171485283398,39,2
1.0066626465575932,4.851240497467801,6.272811736192397,39,2
0.4934427144801179,5.282707312579507,5.706482691558604,39,2
1.2856785708761673,5.980488051394076,5.159813474457263,39,2
1.5549482283639364,4.940835610455233,6.304255610803559,39,2
1.7361221216312317,5.4978556414015305,5.765161447854409,39,2
1.5906557816246478,5.263748282397983,5.975957439558692,39,2
1.5658683834674507,5.2675450646328414,5.966360242524227,39,2
2.1732644947180155,5.7308848365121055,5.621873317368482,39,2
2.6650774215187045,5.591099750478359,5.879442906470614,39,2
1.6623958930092333,5.052045091155524,6.212847280717128,39,2
2.097572608904591,5.739418248410187,5.595755577111587,39,2
0.9657861516079309,5.098410416224507,6.005995511446527,39,2
1.581841216396204,4.915474112726633,6.336799134704811,39,2
1.8716270289162042,4.940039939998584,6.377159711610213,39,2
1.32569532752857,6.023994841270728,5.123593815347409,39,2
1.854742638377454,5.411493169481837,5.882135467450685,39,2
1.5146328734018604,5.507425329186609,5.704781030492728,39,2
1.786124272679198,5.098489491901273,6.19261959672057,39,2
1.4496213984305815,5.244888045770576,5.963507893376458,39,2
0.8444944128104821,5.95889017345734,5.081902948445744,39,2
2.101858664376339,6.250215594999051,5.06455917240286,39,2
2.540187189781659,5.389199374327261,6.061367259096193,39,2
0.5896114803996444,5.000198406733741,6.022701032944152,39,2
1.2217873998225623,5.8502539844518315,5.280955809322755,39,2
1.8459033289189786,5.168636387081447,6.133142904258805,39,2
1.6044325827247117,5.73365293484832,5.489524967637522,39,2
1.5314929891607991,6.03521894351535,5.1587389593643955,39,2
1.522152253512853,6.027614588842984,5.16453559865548,39,2
2.5713580604661614,5.583093131930759,5.866454323164671,39,2
2.3858250382265433,5.393413862969142,6.021844055404808,39,2
1.42209610212508,4.794095035717757,6.426899871542485,39,2
1.506047923238213,5.192407840294876,6.031026663354306,39,2
1.8367661576550633,5.954747275728082,5.3120572491964255,39,2
0.46670114853719924,5.531499982849104,5.441192877510746,39,2
0.9942933703031909,5.665635922467053,5.421522347964925,39,2
1.2114780034031105,6.0005428279472,5.12203167224357,39,2
2.32646346902328,5.350251671685257,6.053301875331903,39,2
2.5352030343783754,5.7673939985341764,5.666212527156088,39,2
2.5792449841858027,5.5792498005841225,5.872253520423427,39,2
1.6273721547551008,5.328622833185121,5.916724718408378,39,2
0.5777064736032546,5.101605190824212,5.914341291581751,39,2
1.157266604982593,5.702053783493318,5.420672778931387,39,2
1.0594421138150305,5.253986222217455,5.86522537698152,39,2
2.0580496709322,5.5724412537834,5.760724500463543,39,2
1.6941149426081974,5.65107839507451,5.595966310523956,39,2
2.429199814173544,5.2007829840124025,6.232407630173469,39,2
2.332581213746747,5.073221081222684,6.343317319212426,39,2
2.0511565232610702,5.361058056694372,5.9793842657416185,39,2
1.5775145579926053,5.739439982527725,5.477369297429417,39,2
2.425276587095571,5.521018897366308,5.897878382235245,39,2
2.549463102813669,5.50478322172221,5.943057921808022,39,2
2.022338813308593,4.82900768383486,6.527139709236426,39,2
1.4414171524973112,5.340041450756645,5.862505488616446,39,2
1.8887860130811573,5.016320604857146,6.301592379816594,39,2
1.0001877851944316,4.841090723456548,6.281912573373315,39,2
1.368371005082038,4.901342347363745,6.302937077262785,39,2
1.6942548758909481,5.129839475221608,6.139048562587435,39,2
2.4298751200367326,5.77741098834165,5.631804057719462,39,2
1.3609191519610275,5.817901156773303,5.346328421125749,39,2
1.5153872843448877,5.462570974347835,5.751684038211387,39,2
2.131672662465034,5.287807772764051,6.074024970939902,39,2
